{"type":"FeatureCollection","features":[{"type":"Feature","properties":{"code":"01101","id":"chuo","name":"中央区"},"geometry":{"type":"Polygon","coordinates":[[[141.3423,43.0668],[141.3428,43.0668],[141.3433,43.0668],[141.3438,43.0669],[141.3441,43.0669],[141.3443,43.0669],[141.3444,43.0669],[141.3456,43.0671],[141.3458,43.0672],[141.3468,43.0674],[141.3471,43.0675],[141.348,43.0677],[141.3487,43.0678],[141.3495,43.0679],[141.35,43.068],[141.3501,43.068],[141.3503,43.068],[141.3511,43.0681],[141.3513,43.0682],[141.3514,43.0682],[141.3533,43.0684],[141.3533,43.0684],[141.3535,43.0684],[141.3546,43.0686],[141.355,43.0686],[141.3552,43.0686],[141.3552,43.0686],[141.3554,43.0686],[141.356,43.0686],[141.357,43.0686],[141.358,43.0686],[141.3583,43.0686],[141.3587,43.0686],[141.3589,43.0686],[141.3601,43.0685],[141.3603,43.0685],[141.3613,43.0685],[141.3625,43.0685],[141.3637,43.0685],[141.3651,43.0685],[141.3662,43.0684],[141.3662,43.0684],[141.3663,43.0684],[141.3665,43.0684],[141.3667,43.0685],[141.3668,43.0685],[141.3671,43.0685],[141.3682,43.0685],[141.3696,43.0685],[141.3698,43.0684],[141.3703,43.0684],[141.3713,43.0684],[141.3723,43.0684],[141.3732,43.0684],[141.3733,43.0684],[141.3734,43.0684],[141.3737,43.0684],[141.375,43.0685],[141.3753,43.0685],[141.3775,43.0687],[141.3785,43.0688],[141.3792,43.0689],[141.3797,43.069],[141.381,43.0691],[141.381,43.0691],[141.3821,43.0692],[141.3833,43.0693],[141.3837,43.0693],[141.3848,43.0694],[141.3859,43.0695],[141.3863,43.0695],[141.3865,43.0695],[141.3871,43.0695],[141.3878,43.0694],[141.388,43.0693],[141.3882,43.0692],[141.3885,43.0692],[141.3887,43.0691],[141.3888,43.069],[141.3891,43.0689],[141.3892,43.0688],[141.3893,43.0688],[141.3893,43.0688],[141.3894,43.0687],[141.3896,43.0686],[141.3892,43.0684],[141.3886,43.068],[141.3881,43.0677],[141.3879,43.0676],[141.3879,43.0676],[141.3876,43.0674],[141.3874,43.0674],[141.387,43.0672],[141.386,43.0669],[141.385,43.0667],[141.3842,43.0664],[141.3833,43.0662],[141.3831,43.0661],[141.381,43.0656],[141.3801,43.0653],[141.3796,43.0651],[141.3795,43.0651],[141.3778,43.0646],[141.3755,43.064],[141.3753,43.0639],[141.375,43.0638],[141.3745,43.0636],[141.3744,43.0636],[141.3731,43.0632],[141.3727,43.063],[141.3724,43.0629],[141.3715,43.0625],[141.3713,43.0624],[141.3711,43.0623],[141.3708,43.0622],[141.3703,43.0619],[141.37,43.0618],[141.3697,43.0617],[141.3694,43.0616],[141.3693,43.0616],[141.369,43.0615],[141.3689,43.0614],[141.3685,43.0608],[141.3681,43.0604],[141.3681,43.0604],[141.3678,43.06],[141.3677,43.0597],[141.3676,43.0595],[141.3675,43.0593],[141.3672,43.059],[141.3669,43.0586],[141.3669,43.0586],[141.3667,43.0583],[141.3667,43.0583],[141.3667,43.0583],[141.3666,43.0582],[141.3664,43.058],[141.3664,43.0579],[141.3661,43.0576],[141.3657,43.0572],[141.3656,43.0571],[141.3653,43.0567],[141.3649,43.0564],[141.3643,43.0557],[141.3641,43.0555],[141.3639,43.0554],[141.3635,43.0549],[141.3631,43.0545],[141.363,43.0543],[141.3629,43.0542],[141.3628,43.0539],[141.3627,43.0538],[141.3626,43.0535],[141.3625,43.0531],[141.3624,43.0525],[141.3623,43.0522],[141.3622,43.0514],[141.3622,43.0513],[141.3621,43.0508],[141.362,43.0505],[141.3619,43.0502],[141.3618,43.05],[141.3617,43.0499],[141.3615,43.0494],[141.3611,43.0487],[141.3611,43.0485],[141.3606,43.0478],[141.3605,43.0474],[141.3603,43.0468],[141.3602,43.0463],[141.3602,43.0456],[141.3601,43.0454],[141.3601,43.0453],[141.3601,43.0448],[141.3601,43.0445],[141.3601,43.0441],[141.3601,43.044],[141.3601,43.0436],[141.36,43.0432],[141.3599,43.0429],[141.3597,43.0424],[141.3595,43.0419],[141.3593,43.0417],[141.3593,43.0417],[141.359,43.0412],[141.3586,43.0405],[141.3585,43.0404],[141.3583,43.0401],[141.3583,43.04],[141.3578,43.0392],[141.3577,43.0391],[141.3577,43.039],[141.3576,43.0389],[141.3573,43.0383],[141.3571,43.038],[141.3571,43.0379],[141.357,43.0376],[141.3567,43.0372],[141.3566,43.0368],[141.3564,43.0365],[141.3561,43.0357],[141.356,43.0353],[141.3558,43.0345],[141.3557,43.0333],[141.3556,43.0329],[141.3555,43.0318],[141.3555,43.0315],[141.3554,43.0312],[141.3553,43.0309],[141.3551,43.0304],[141.355,43.0302],[141.355,43.03],[141.3549,43.0297],[141.3546,43.0291],[141.3545,43.0289],[141.3542,43.0283],[141.354,43.028],[141.3539,43.0277],[141.3537,43.0274],[141.3535,43.027],[141.3533,43.0266],[141.3532,43.0259],[141.3531,43.0253],[141.353,43.025],[141.3529,43.0247],[141.3529,43.0245],[141.3528,43.0241],[141.3526,43.0236],[141.3525,43.0232],[141.3525,43.0231],[141.3524,43.0229],[141.3524,43.0229],[141.3523,43.0229],[141.3522,43.0228],[141.3519,43.0226],[141.3517,43.0225],[141.3515,43.0223],[141.3511,43.0219],[141.3507,43.0216],[141.3506,43.0215],[141.3505,43.0215],[141.3505,43.0214],[141.3502,43.0213],[141.3501,43.0211],[141.35,43.021],[141.3498,43.0208],[141.3495,43.0205],[141.3491,43.0199],[141.3489,43.0196],[141.3486,43.0193],[141.3484,43.019],[141.3481,43.0186],[141.3478,43.0183],[141.3475,43.0181],[141.3471,43.0178],[141.3469,43.0176],[141.3468,43.0176],[141.3468,43.0176],[141.3468,43.0175],[141.3465,43.0174],[141.3465,43.0174],[141.3462,43.0172],[141.3461,43.0172],[141.3461,43.0171],[141.346,43.0171],[141.3459,43.0171],[141.3459,43.0172],[141.3457,43.0175],[141.3457,43.0175],[141.3455,43.0176],[141.3453,43.0177],[141.3451,43.0179],[141.3447,43.0182],[141.3445,43.0184],[141.3444,43.0186],[141.3443,43.0188],[141.3439,43.0195],[141.3437,43.0199],[141.3435,43.0201],[141.3432,43.0204],[141.3431,43.0206],[141.3429,43.0209],[141.3425,43.0215],[141.3423,43.0219],[141.3419,43.0223],[141.3417,43.0227],[141.3417,43.0227],[141.3414,43.023],[141.3412,43.0232],[141.3411,43.0234],[141.3411,43.0236],[141.341,43.0238],[141.3409,43.024],[141.3407,43.0242],[141.3405,43.0244],[141.3403,43.0246],[141.3401,43.0248],[141.34,43.025],[141.34,43.025],[141.3395,43.0254],[141.3393,43.0256],[141.3389,43.0259],[141.3386,43.0261],[141.3385,43.0261],[141.3383,43.0263],[141.338,43.0266],[141.3379,43.0267],[141.3377,43.0269],[141.3374,43.0271],[141.3372,43.0273],[141.337,43.0274],[141.3367,43.0277],[141.3365,43.0279],[141.3364,43.028],[141.3364,43.028],[141.3363,43.0281],[141.3362,43.0281],[141.3359,43.0281],[141.3357,43.0281],[141.3355,43.0281],[141.335,43.0281],[141.3347,43.0281],[141.3343,43.028],[141.3341,43.028],[141.3339,43.028],[141.3336,43.0281],[141.3333,43.0282],[141.3332,43.0282],[141.3328,43.0284],[141.3324,43.0285],[141.3321,43.0285],[141.3311,43.0285],[141.3306,43.0285],[141.3302,43.0285],[141.3294,43.0285],[141.3287,43.0285],[141.3285,43.0285],[141.3282,43.0285],[141.328,43.0285],[141.3274,43.0286],[141.327,43.0288],[141.3261,43.029],[141.3257,43.0291],[141.3255,43.0292],[141.3252,43.0293],[141.325,43.0293],[141.325,43.0293],[141.3248,43.0294],[141.324,43.0296],[141.3237,43.0297],[141.3232,43.0295],[141.3227,43.0294],[141.3224,43.0293],[141.3222,43.0293],[141.3212,43.0293],[141.3202,43.0292],[141.3199,43.0292],[141.3197,43.0296],[141.3195,43.0301],[141.3195,43.0302],[141.3196,43.0305],[141.3196,43.0307],[141.3198,43.0311],[141.3198,43.0312],[141.3199,43.0313],[141.3201,43.0316],[141.3203,43.0319],[141.3205,43.032],[141.3206,43.0322],[141.3207,43.0323],[141.3207,43.0323],[141.3208,43.0324],[141.3208,43.0326],[141.3208,43.0327],[141.3209,43.0328],[141.3211,43.0328],[141.3211,43.0328],[141.3213,43.0328],[141.3217,43.0329],[141.3222,43.0331],[141.3227,43.0332],[141.323,43.0333],[141.323,43.0333],[141.3231,43.0334],[141.3233,43.0335],[141.3234,43.0336],[141.3234,43.0337],[141.3234,43.034],[141.3234,43.0342],[141.3235,43.0346],[141.3236,43.0351],[141.3232,43.0353],[141.3228,43.0353],[141.3225,43.0354],[141.3222,43.0354],[141.3218,43.0354],[141.3215,43.0354],[141.3212,43.0354],[141.3208,43.0354],[141.3203,43.0353],[141.3201,43.0353],[141.3201,43.0353],[141.3199,43.0354],[141.3193,43.0355],[141.3193,43.0355],[141.3192,43.0355],[141.3189,43.0353],[141.3187,43.0352],[141.3183,43.035],[141.3181,43.0348],[141.3178,43.0346],[141.3176,43.0345],[141.3174,43.0344],[141.3172,43.0342],[141.3169,43.0341],[141.3167,43.034],[141.3165,43.034],[141.3164,43.0339],[141.316,43.0339],[141.3159,43.0338],[141.3157,43.0338],[141.3156,43.0338],[141.3151,43.0338],[141.3146,43.0339],[141.3144,43.0339],[141.3143,43.034],[141.314,43.0341],[141.3132,43.0347],[141.3127,43.035],[141.3125,43.0351],[141.3117,43.0351],[141.3105,43.0351],[141.3104,43.0351],[141.3104,43.0353],[141.3103,43.0358],[141.3102,43.0358],[141.3101,43.0358],[141.3095,43.0358],[141.3089,43.0358],[141.3087,43.0358],[141.3083,43.0358],[141.3082,43.0358],[141.3081,43.0358],[141.308,43.0357],[141.3079,43.0356],[141.3078,43.0355],[141.3078,43.0353],[141.3078,43.0351],[141.3079,43.035],[141.3081,43.0345],[141.3081,43.0344],[141.3082,43.0342],[141.3082,43.034],[141.3081,43.0338],[141.3076,43.0333],[141.3075,43.0332],[141.3073,43.033],[141.3071,43.0328],[141.307,43.0325],[141.3068,43.032],[141.3068,43.0318],[141.3069,43.0317],[141.307,43.0315],[141.3072,43.0314],[141.3078,43.0312],[141.308,43.0311],[141.3083,43.031],[141.3083,43.031],[141.3085,43.0309],[141.3087,43.0308],[141.309,43.0306],[141.309,43.0305],[141.3091,43.0304],[141.3092,43.0302],[141.3094,43.0299],[141.3095,43.0298],[141.31,43.0297],[141.3102,43.0296],[141.3103,43.0294],[141.3104,43.0291],[141.3104,43.0289],[141.3106,43.0287],[141.3107,43.0285],[141.3108,43.0284],[141.3108,43.0282],[141.3108,43.0281],[141.3105,43.028],[141.31,43.0279],[141.3098,43.0278],[141.3095,43.0277],[141.3089,43.0273],[141.3085,43.0271],[141.3083,43.027],[141.3083,43.027],[141.3081,43.027],[141.3079,43.027],[141.3076,43.0269],[141.3074,43.0268],[141.3073,43.0267],[141.3071,43.0266],[141.3067,43.0266],[141.3064,43.0267],[141.3063,43.0267],[141.3061,43.0268],[141.306,43.0268],[141.3057,43.027],[141.3054,43.0271],[141.3052,43.0272],[141.3051,43.0272],[141.3048,43.0272],[141.3046,43.0271],[141.3045,43.027],[141.3044,43.0269],[141.3044,43.0269],[141.3043,43.0267],[141.3042,43.0266],[141.3041,43.0264],[141.3032,43.0258],[141.3025,43.0254],[141.3021,43.0252],[141.3019,43.0251],[141.3017,43.025],[141.3007,43.0244],[141.3001,43.0241],[141.3,43.024],[141.2999,43.0239],[141.2995,43.0237],[141.2983,43.023],[141.298,43.0228],[141.2976,43.0226],[141.2956,43.0214],[141.2955,43.0214],[141.2946,43.0208],[141.2939,43.0204],[141.2934,43.0201],[141.2931,43.0199],[141.293,43.0197],[141.2928,43.0194],[141.2928,43.0192],[141.2928,43.0189],[141.2927,43.0186],[141.2926,43.0184],[141.2924,43.0178],[141.2922,43.0176],[141.2921,43.0174],[141.2918,43.017],[141.2917,43.0168],[141.2917,43.0168],[141.2916,43.0167],[141.2915,43.0166],[141.2916,43.0162],[141.2916,43.016],[141.2914,43.0155],[141.2913,43.015],[141.2912,43.0147],[141.2911,43.0145],[141.291,43.0143],[141.2909,43.0142],[141.2908,43.0141],[141.2906,43.014],[141.2905,43.014],[141.2904,43.0139],[141.2895,43.0138],[141.2892,43.0137],[141.2884,43.0136],[141.2881,43.0136],[141.2879,43.0135],[141.2874,43.0135],[141.2869,43.0134],[141.2864,43.0134],[141.2859,43.0134],[141.2853,43.0132],[141.285,43.0131],[141.2849,43.0129],[141.2848,43.0128],[141.2848,43.0127],[141.2848,43.0126],[141.2848,43.0125],[141.2849,43.0123],[141.2849,43.0122],[141.2849,43.0121],[141.2848,43.0121],[141.2847,43.012],[141.2845,43.012],[141.2842,43.0119],[141.2839,43.0118],[141.2836,43.0118],[141.2835,43.0117],[141.2834,43.0116],[141.2833,43.0116],[141.2833,43.0115],[141.2833,43.0113],[141.2833,43.0109],[141.2833,43.0109],[141.2833,43.0109],[141.2833,43.0106],[141.2833,43.0103],[141.2832,43.0101],[141.283,43.0097],[141.283,43.0096],[141.283,43.0095],[141.2829,43.0093],[141.2827,43.0092],[141.2825,43.0091],[141.2822,43.009],[141.2817,43.0088],[141.2814,43.0086],[141.2809,43.0085],[141.2806,43.0083],[141.2803,43.0082],[141.2801,43.0081],[141.2793,43.0079],[141.2791,43.0078],[141.2785,43.0075],[141.2782,43.0073],[141.2777,43.007],[141.2773,43.0067],[141.2769,43.0064],[141.2767,43.0063],[141.2765,43.0062],[141.2759,43.006],[141.2757,43.0059],[141.2754,43.0058],[141.275,43.0056],[141.2749,43.0056],[141.2747,43.0054],[141.2745,43.0053],[141.2743,43.0052],[141.2741,43.0052],[141.274,43.0051],[141.2737,43.0051],[141.2736,43.0051],[141.2735,43.005],[141.2733,43.0049],[141.2729,43.0047],[141.2729,43.0047],[141.2725,43.0045],[141.2723,43.0044],[141.2722,43.0043],[141.2721,43.0042],[141.2718,43.0041],[141.2715,43.004],[141.2714,43.004],[141.2713,43.004],[141.2712,43.004],[141.2711,43.004],[141.271,43.0041],[141.2708,43.0042],[141.2704,43.0045],[141.2704,43.0045],[141.2701,43.0046],[141.2698,43.0045],[141.2698,43.0045],[141.2695,43.0045],[141.2693,43.0044],[141.2691,43.0044],[141.2686,43.0044],[141.2679,43.0044],[141.2677,43.0044],[141.2671,43.0044],[141.2667,43.0044],[141.2667,43.0044],[141.2664,43.0044],[141.2661,43.0043],[141.2658,43.0042],[141.2657,43.0041],[141.2654,43.0039],[141.2653,43.0038],[141.2651,43.0037],[141.2651,43.0036],[141.265,43.0035],[141.265,43.0034],[141.265,43.0033],[141.2649,43.0032],[141.265,43.0031],[141.265,43.003],[141.265,43.0029],[141.2651,43.0028],[141.2651,43.0026],[141.2651,43.0024],[141.2651,43.0024],[141.265,43.0023],[141.2649,43.0023],[141.2648,43.0023],[141.2644,43.0023],[141.2642,43.0022],[141.264,43.0022],[141.2637,43.0021],[141.2633,43.0019],[141.2631,43.0017],[141.263,43.0017],[141.263,43.0015],[141.2629,43.0014],[141.2629,43.0011],[141.2629,43.0009],[141.2628,43.0008],[141.2628,43.0005],[141.2627,43.0004],[141.2626,43.0003],[141.2626,43.0002],[141.2625,43],[141.2625,43],[141.2624,42.9999],[141.2624,42.9998],[141.2623,42.9997],[141.2622,42.9996],[141.2621,42.9995],[141.2619,42.9993],[141.2617,42.9992],[141.2614,42.999],[141.2612,42.9988],[141.261,42.9987],[141.2608,42.9985],[141.2606,42.9983],[141.2605,42.9981],[141.2601,42.9978],[141.2599,42.9977],[141.2598,42.9976],[141.2596,42.9975],[141.2593,42.9975],[141.2592,42.9975],[141.2591,42.9975],[141.2589,42.9975],[141.2587,42.9976],[141.2585,42.9977],[141.2583,42.9977],[141.2583,42.9978],[141.2582,42.9978],[141.258,42.9978],[141.2576,42.9978],[141.2574,42.9978],[141.2572,42.9978],[141.2569,42.9978],[141.2563,42.9979],[141.2558,42.9979],[141.255,42.9979],[141.2548,42.9979],[141.2546,42.9979],[141.2544,42.9979],[141.2543,42.9978],[141.2542,42.9978],[141.2542,42.9979],[141.2541,42.9979],[141.254,42.9982],[141.2539,42.9986],[141.2538,42.9987],[141.2538,42.9988],[141.2538,42.999],[141.2537,42.9995],[141.2536,42.9998],[141.2535,43],[141.2535,43],[141.2534,43.0002],[141.2533,43.0004],[141.2533,43.0005],[141.2531,43.0008],[141.2529,43.001],[141.2528,43.0011],[141.2527,43.0014],[141.2524,43.0019],[141.2523,43.0021],[141.2522,43.0023],[141.2521,43.0024],[141.2518,43.0028],[141.2517,43.003],[141.2516,43.0033],[141.2514,43.0035],[141.2512,43.0037],[141.251,43.0038],[141.2507,43.0041],[141.2505,43.0043],[141.2505,43.0042],[141.2503,43.004],[141.2502,43.0039],[141.25,43.0038],[141.2498,43.0036],[141.2495,43.0034],[141.2492,43.0032],[141.2488,43.0031],[141.2485,43.0031],[141.2482,43.0031],[141.2476,43.0032],[141.247,43.0033],[141.2463,43.0035],[141.2461,43.0036],[141.2459,43.0036],[141.2455,43.0036],[141.2452,43.0037],[141.245,43.0038],[141.245,43.0039],[141.2449,43.004],[141.2448,43.0041],[141.2447,43.0042],[141.2444,43.0043],[141.2442,43.0043],[141.2438,43.0043],[141.2436,43.0044],[141.2434,43.0045],[141.2423,43.0048],[141.2418,43.0049],[141.2417,43.005],[141.2416,43.0051],[141.2414,43.0053],[141.2411,43.0055],[141.2409,43.0056],[141.2403,43.0058],[141.2401,43.0059],[141.2397,43.006],[141.2393,43.006],[141.2391,43.0061],[141.2389,43.0061],[141.2387,43.0062],[141.2384,43.0064],[141.2377,43.0067],[141.2374,43.0068],[141.2371,43.0068],[141.2369,43.0068],[141.2365,43.0068],[141.2356,43.0067],[141.235,43.0066],[141.2344,43.0067],[141.234,43.0066],[141.2333,43.0066],[141.2333,43.0066],[141.233,43.0066],[141.2328,43.0067],[141.2325,43.0068],[141.2323,43.0069],[141.2319,43.0069],[141.2317,43.0068],[141.2314,43.0068],[141.2311,43.0069],[141.2308,43.007],[141.2305,43.007],[141.2302,43.0071],[141.2299,43.0071],[141.2297,43.0071],[141.2294,43.0073],[141.2292,43.0074],[141.229,43.0074],[141.2287,43.0074],[141.2284,43.0074],[141.228,43.0076],[141.2277,43.0077],[141.2274,43.0078],[141.2271,43.0078],[141.2269,43.0079],[141.2267,43.0081],[141.2265,43.0082],[141.2263,43.0083],[141.2262,43.0083],[141.2261,43.0084],[141.2261,43.0085],[141.226,43.0086],[141.2259,43.0088],[141.2258,43.0093],[141.2257,43.0096],[141.2256,43.0097],[141.2255,43.0098],[141.2254,43.0098],[141.2252,43.0098],[141.225,43.0097],[141.2247,43.0097],[141.2239,43.0096],[141.2236,43.0095],[141.2235,43.0095],[141.2231,43.0094],[141.2226,43.0095],[141.222,43.0095],[141.2217,43.0094],[141.2215,43.0094],[141.2212,43.0093],[141.2207,43.0089],[141.2205,43.0088],[141.2202,43.0088],[141.2196,43.0088],[141.2192,43.0089],[141.219,43.0089],[141.2189,43.009],[141.2188,43.0091],[141.2187,43.0092],[141.2187,43.0093],[141.2184,43.0095],[141.2179,43.0096],[141.2175,43.0097],[141.2174,43.0098],[141.2172,43.0099],[141.2167,43.0101],[141.2166,43.0101],[141.2163,43.0102],[141.2159,43.0102],[141.2157,43.0102],[141.2154,43.0102],[141.2151,43.0102],[141.2149,43.0102],[141.2146,43.0103],[141.2145,43.0104],[141.2143,43.0105],[141.2143,43.0106],[141.2142,43.0106],[141.214,43.0107],[141.2133,43.0112],[141.2132,43.0113],[141.2128,43.0115],[141.2122,43.0121],[141.212,43.0122],[141.2119,43.0124],[141.2117,43.0125],[141.2116,43.0125],[141.2114,43.0126],[141.2112,43.0126],[141.2109,43.0126],[141.2106,43.0126],[141.2104,43.0127],[141.2101,43.0129],[141.2099,43.013],[141.2094,43.0132],[141.2092,43.0133],[141.2089,43.0135],[141.2086,43.0137],[141.2083,43.0138],[141.2081,43.0139],[141.208,43.0139],[141.2076,43.014],[141.2071,43.014],[141.2067,43.014],[141.2066,43.0141],[141.2065,43.0142],[141.2064,43.0143],[141.2064,43.0144],[141.2063,43.0146],[141.2062,43.0148],[141.206,43.0149],[141.2059,43.0152],[141.2058,43.0153],[141.2057,43.0156],[141.2055,43.0158],[141.2052,43.0159],[141.2051,43.016],[141.2046,43.0163],[141.2044,43.0164],[141.2041,43.0165],[141.2039,43.0166],[141.2035,43.0167],[141.2035,43.0167],[141.2032,43.0167],[141.2027,43.0167],[141.2024,43.0167],[141.2023,43.0166],[141.202,43.0167],[141.202,43.0167],[141.2019,43.0167],[141.2019,43.017],[141.2019,43.0173],[141.202,43.0176],[141.2021,43.0178],[141.2023,43.0181],[141.2024,43.0183],[141.2024,43.0184],[141.2023,43.0186],[141.2023,43.0188],[141.2023,43.0191],[141.2024,43.0192],[141.203,43.019],[141.2031,43.019],[141.2063,43.0176],[141.207,43.0174],[141.2075,43.0172],[141.2082,43.0169],[141.2083,43.0169],[141.2085,43.0169],[141.2091,43.0169],[141.2096,43.0169],[141.2098,43.0168],[141.2099,43.0167],[141.2101,43.0165],[141.2104,43.0164],[141.2106,43.0163],[141.2108,43.0163],[141.211,43.0162],[141.2112,43.0161],[141.2114,43.0161],[141.2116,43.016],[141.2119,43.0159],[141.2119,43.0158],[141.2122,43.0157],[141.2123,43.0157],[141.2124,43.0157],[141.2127,43.0156],[141.2129,43.0156],[141.2131,43.0156],[141.2132,43.0157],[141.2135,43.0157],[141.2139,43.0157],[141.2145,43.0157],[141.2147,43.0157],[141.215,43.0157],[141.2156,43.0159],[141.2158,43.016],[141.2163,43.016],[141.2165,43.016],[141.2167,43.016],[141.2167,43.016],[141.217,43.0159],[141.2173,43.0159],[141.2176,43.0158],[141.2179,43.0158],[141.2181,43.0157],[141.2185,43.0156],[141.219,43.0156],[141.2193,43.0155],[141.2196,43.0155],[141.2199,43.0156],[141.2202,43.0157],[141.2205,43.0158],[141.2208,43.0158],[141.2209,43.0158],[141.2214,43.0158],[141.2216,43.0157],[141.2218,43.0157],[141.2222,43.0158],[141.2227,43.0157],[141.223,43.0158],[141.2231,43.0158],[141.2234,43.0159],[141.2239,43.0159],[141.2243,43.0159],[141.2246,43.0159],[141.2248,43.0159],[141.225,43.0158],[141.225,43.0158],[141.2253,43.0157],[141.2259,43.0155],[141.2264,43.0155],[141.2267,43.0155],[141.227,43.0155],[141.2272,43.0155],[141.2275,43.0155],[141.2278,43.0155],[141.228,43.0155],[141.2281,43.0155],[141.2284,43.0155],[141.2286,43.0154],[141.2287,43.0153],[141.2288,43.0153],[141.229,43.0152],[141.2292,43.0152],[141.2293,43.0152],[141.2295,43.0152],[141.2297,43.0152],[141.2303,43.0155],[141.2305,43.0156],[141.2308,43.0157],[141.2311,43.0158],[141.2313,43.016],[141.2317,43.0162],[141.2322,43.0166],[141.2323,43.0167],[141.2324,43.0169],[141.2326,43.0171],[141.2327,43.0174],[141.2327,43.0175],[141.2328,43.0176],[141.2329,43.0177],[141.233,43.0179],[141.2332,43.0182],[141.2333,43.0183],[141.2333,43.0183],[141.2334,43.0183],[141.2335,43.0183],[141.2337,43.0182],[141.2338,43.0182],[141.234,43.0183],[141.2342,43.0184],[141.2344,43.0185],[141.2345,43.0186],[141.2346,43.0188],[141.2348,43.0189],[141.2349,43.019],[141.2351,43.0192],[141.2353,43.0193],[141.2355,43.0193],[141.2356,43.0194],[141.2357,43.0195],[141.2358,43.0198],[141.2359,43.0199],[141.236,43.0202],[141.2361,43.0203],[141.2364,43.0204],[141.2365,43.0205],[141.2367,43.0208],[141.2368,43.0209],[141.2369,43.0209],[141.2372,43.0208],[141.2373,43.0208],[141.2374,43.0209],[141.2376,43.0209],[141.2378,43.0211],[141.2379,43.0212],[141.238,43.0214],[141.2381,43.0215],[141.2383,43.0216],[141.2385,43.0217],[141.2387,43.0218],[141.2389,43.022],[141.239,43.0222],[141.2392,43.0223],[141.2394,43.0225],[141.2396,43.0226],[141.2397,43.0229],[141.2398,43.0231],[141.24,43.0232],[141.2402,43.0234],[141.2402,43.0234],[141.2404,43.0236],[141.2405,43.0237],[141.2408,43.0238],[141.241,43.0239],[141.2411,43.0241],[141.2413,43.0243],[141.2415,43.0244],[141.2416,43.0246],[141.2417,43.0247],[141.2417,43.0247],[141.2417,43.0248],[141.2417,43.025],[141.2417,43.0251],[141.2418,43.0252],[141.242,43.0255],[141.2422,43.0256],[141.2424,43.0258],[141.2426,43.0259],[141.2428,43.026],[141.2429,43.0261],[141.2432,43.0261],[141.2435,43.0261],[141.2437,43.0262],[141.244,43.0264],[141.2446,43.0266],[141.2447,43.0267],[141.2449,43.0268],[141.2451,43.0269],[141.2452,43.0271],[141.2453,43.0273],[141.2456,43.0275],[141.2457,43.0276],[141.2458,43.0278],[141.2459,43.028],[141.246,43.0282],[141.246,43.0285],[141.246,43.0286],[141.246,43.0287],[141.246,43.0288],[141.2461,43.0289],[141.2462,43.0289],[141.2463,43.0291],[141.2463,43.0291],[141.2464,43.0292],[141.2465,43.0292],[141.2466,43.0294],[141.2466,43.0295],[141.2467,43.0298],[141.2468,43.0299],[141.2471,43.03],[141.2473,43.0301],[141.2474,43.0302],[141.2475,43.0305],[141.2475,43.0307],[141.2476,43.0308],[141.2476,43.0309],[141.2477,43.031],[141.2477,43.031],[141.2479,43.0311],[141.2479,43.0311],[141.2481,43.0312],[141.2482,43.0313],[141.2482,43.0314],[141.2483,43.0316],[141.2483,43.0317],[141.2482,43.0319],[141.2481,43.032],[141.2481,43.0322],[141.2481,43.0324],[141.2481,43.0326],[141.2481,43.0328],[141.248,43.0329],[141.248,43.0332],[141.248,43.0333],[141.248,43.0334],[141.2478,43.0335],[141.2478,43.0336],[141.2478,43.0336],[141.2478,43.0337],[141.2479,43.0338],[141.2481,43.034],[141.2481,43.0341],[141.2481,43.0344],[141.2481,43.0344],[141.2482,43.0345],[141.2484,43.0348],[141.2485,43.035],[141.2485,43.0351],[141.2486,43.0352],[141.2487,43.0355],[141.2488,43.0356],[141.2491,43.0358],[141.2493,43.0358],[141.2494,43.0359],[141.2495,43.036],[141.2496,43.036],[141.2496,43.0361],[141.2497,43.0362],[141.2497,43.0365],[141.2497,43.0366],[141.2497,43.0369],[141.2496,43.0371],[141.2496,43.0372],[141.2496,43.0373],[141.2497,43.0373],[141.25,43.0373],[141.25,43.0373],[141.2503,43.0375],[141.2505,43.0376],[141.2507,43.0377],[141.2509,43.0379],[141.2513,43.0382],[141.2515,43.0384],[141.2516,43.0385],[141.2518,43.0386],[141.252,43.0387],[141.2522,43.0388],[141.2526,43.0389],[141.2528,43.0389],[141.253,43.0391],[141.2531,43.0391],[141.2532,43.0393],[141.2533,43.0396],[141.2534,43.0398],[141.2534,43.04],[141.2535,43.0401],[141.2535,43.0402],[141.2537,43.0402],[141.2539,43.0402],[141.2541,43.0402],[141.2545,43.04],[141.2547,43.04],[141.2547,43.04],[141.2554,43.0402],[141.2559,43.0404],[141.2559,43.0404],[141.2563,43.0408],[141.2566,43.0412],[141.2568,43.0414],[141.257,43.0416],[141.2571,43.0417],[141.2572,43.0418],[141.2574,43.0418],[141.2576,43.0419],[141.2581,43.042],[141.2582,43.042],[141.2583,43.0421],[141.2583,43.0421],[141.258,43.0428],[141.2579,43.0429],[141.2579,43.0431],[141.2579,43.0432],[141.2579,43.0433],[141.258,43.0435],[141.2582,43.0436],[141.2583,43.0437],[141.2584,43.0437],[141.2586,43.0438],[141.259,43.0439],[141.2592,43.0439],[141.2596,43.0439],[141.2603,43.0439],[141.2605,43.0439],[141.2607,43.0439],[141.261,43.0439],[141.2612,43.0439],[141.2613,43.0439],[141.2615,43.044],[141.2617,43.044],[141.2618,43.0441],[141.2621,43.0443],[141.2622,43.0445],[141.2623,43.0445],[141.2623,43.0446],[141.2624,43.0447],[141.2626,43.0448],[141.2629,43.045],[141.2631,43.045],[141.2633,43.045],[141.2633,43.0451],[141.2634,43.0451],[141.2635,43.0452],[141.2635,43.0452],[141.2635,43.0454],[141.2636,43.0456],[141.2636,43.0457],[141.2637,43.0459],[141.2637,43.046],[141.2638,43.0463],[141.2639,43.0465],[141.2641,43.0467],[141.2643,43.047],[141.2644,43.0472],[141.2645,43.0473],[141.2646,43.0475],[141.2646,43.0477],[141.2647,43.0479],[141.2647,43.048],[141.2648,43.0482],[141.265,43.0482],[141.2653,43.0483],[141.2654,43.0483],[141.2656,43.0486],[141.2657,43.0486],[141.2658,43.0485],[141.2657,43.0478],[141.2656,43.0472],[141.2655,43.047],[141.2655,43.0469],[141.2655,43.0465],[141.2654,43.0463],[141.2654,43.0457],[141.2654,43.0455],[141.2653,43.0451],[141.2653,43.045],[141.2653,43.0449],[141.2653,43.0448],[141.2652,43.0447],[141.2652,43.0442],[141.2652,43.044],[141.265,43.0437],[141.2647,43.0434],[141.2645,43.0431],[141.2642,43.0428],[141.264,43.0425],[141.2639,43.0424],[141.2638,43.0423],[141.2638,43.0422],[141.2639,43.0421],[141.264,43.042],[141.2643,43.0419],[141.2645,43.0418],[141.2647,43.0418],[141.2649,43.0417],[141.2649,43.0417],[141.2651,43.0415],[141.2653,43.0414],[141.2655,43.0412],[141.2655,43.0412],[141.2656,43.0409],[141.2657,43.0407],[141.2658,43.0404],[141.2658,43.0403],[141.2657,43.04],[141.2657,43.0397],[141.2656,43.0395],[141.2657,43.0394],[141.2658,43.0394],[141.2662,43.0393],[141.2663,43.0393],[141.2666,43.0393],[141.2667,43.0393],[141.2669,43.0393],[141.2672,43.0393],[141.2676,43.0394],[141.268,43.0395],[141.2682,43.0395],[141.2683,43.0395],[141.2685,43.0394],[141.2686,43.0394],[141.2687,43.0394],[141.2693,43.0395],[141.2699,43.0395],[141.2703,43.0395],[141.2707,43.0395],[141.2708,43.0395],[141.271,43.0395],[141.2711,43.0395],[141.2712,43.0393],[141.2714,43.0391],[141.2716,43.039],[141.2718,43.0389],[141.2722,43.0389],[141.2723,43.0389],[141.2725,43.0388],[141.2728,43.0387],[141.2732,43.0386],[141.2734,43.0385],[141.2738,43.0384],[141.274,43.0382],[141.2741,43.0382],[141.2743,43.0381],[141.2745,43.0379],[141.2745,43.0377],[141.2745,43.0376],[141.2745,43.0374],[141.2746,43.0371],[141.2747,43.037],[141.2749,43.0369],[141.275,43.0369],[141.275,43.0369],[141.2751,43.0368],[141.2753,43.0368],[141.2755,43.0369],[141.2757,43.0369],[141.276,43.037],[141.2761,43.037],[141.2763,43.037],[141.2765,43.037],[141.2767,43.037],[141.2771,43.0369],[141.2773,43.0369],[141.2775,43.0368],[141.2776,43.0366],[141.2777,43.0366],[141.2778,43.0365],[141.2779,43.0365],[141.2781,43.0365],[141.2784,43.0366],[141.2786,43.0367],[141.2789,43.0367],[141.279,43.0367],[141.2792,43.0367],[141.2794,43.0366],[141.2796,43.0365],[141.2797,43.0365],[141.2799,43.0363],[141.2801,43.0363],[141.2803,43.0364],[141.2804,43.0364],[141.2807,43.0364],[141.2812,43.0365],[141.2815,43.0365],[141.2817,43.0366],[141.282,43.0367],[141.2822,43.0367],[141.2824,43.0369],[141.2826,43.037],[141.2829,43.0373],[141.283,43.0375],[141.2833,43.0377],[141.2833,43.0377],[141.2834,43.0377],[141.2837,43.0378],[141.2841,43.0378],[141.2846,43.0379],[141.2848,43.038],[141.2849,43.0381],[141.285,43.0383],[141.2851,43.0388],[141.2853,43.0393],[141.2854,43.0395],[141.2856,43.04],[141.2857,43.0403],[141.2857,43.0404],[141.2857,43.0405],[141.2857,43.0408],[141.2857,43.0412],[141.2857,43.0414],[141.2857,43.0417],[141.2857,43.042],[141.2857,43.0427],[141.2856,43.0437],[141.2856,43.0439],[141.2856,43.044],[141.2854,43.0441],[141.2852,43.0444],[141.285,43.0445],[141.2849,43.0447],[141.2849,43.045],[141.2849,43.0457],[141.2849,43.046],[141.2848,43.0463],[141.2847,43.0465],[141.2845,43.0467],[141.2844,43.0469],[141.2844,43.0472],[141.2844,43.0475],[141.2845,43.0479],[141.2847,43.0485],[141.2847,43.0486],[141.2847,43.0488],[141.2845,43.0491],[141.2845,43.0491],[141.2844,43.0492],[141.2844,43.0493],[141.2844,43.0494],[141.2845,43.0497],[141.2846,43.0499],[141.2846,43.05],[141.2846,43.0501],[141.2846,43.0502],[141.2846,43.0503],[141.2847,43.0504],[141.2849,43.0505],[141.2851,43.0506],[141.2852,43.0507],[141.2853,43.0508],[141.2853,43.0509],[141.2853,43.051],[141.2852,43.0511],[141.2851,43.0514],[141.285,43.0516],[141.2849,43.0518],[141.2848,43.052],[141.2848,43.0524],[141.2847,43.0526],[141.2847,43.0529],[141.2847,43.0529],[141.2846,43.053],[141.2842,43.0532],[141.2841,43.0533],[141.284,43.0533],[141.2838,43.0535],[141.2838,43.0536],[141.2838,43.0538],[141.2838,43.0541],[141.2839,43.0542],[141.284,43.0543],[141.2841,43.0544],[141.2846,43.0546],[141.2855,43.055],[141.2864,43.0554],[141.2873,43.0557],[141.2874,43.0558],[141.2874,43.0558],[141.2883,43.0562],[141.2889,43.0564],[141.2891,43.0565],[141.2903,43.057],[141.291,43.0573],[141.2912,43.0574],[141.2917,43.0576],[141.292,43.0577],[141.2927,43.058],[141.2929,43.0582],[141.293,43.0582],[141.2931,43.0583],[141.2932,43.0583],[141.2934,43.0584],[141.2936,43.0586],[141.2938,43.0588],[141.2942,43.0591],[141.2944,43.0592],[141.2945,43.0593],[141.2946,43.0594],[141.2946,43.0594],[141.2949,43.0597],[141.2952,43.0599],[141.2953,43.06],[141.2955,43.0601],[141.2956,43.0602],[141.2957,43.0603],[141.296,43.0605],[141.296,43.0605],[141.2961,43.0606],[141.2963,43.0608],[141.2963,43.0608],[141.2965,43.0609],[141.2968,43.0611],[141.2969,43.0612],[141.297,43.0613],[141.2971,43.0613],[141.2971,43.0614],[141.2977,43.0618],[141.2978,43.0619],[141.2982,43.0622],[141.2983,43.0623],[141.2987,43.0627],[141.2989,43.0628],[141.2993,43.0631],[141.2997,43.0634],[141.3,43.0637],[141.3003,43.0639],[141.3006,43.0642],[141.3009,43.0644],[141.3011,43.0646],[141.3016,43.065],[141.3018,43.0651],[141.3019,43.0652],[141.302,43.0653],[141.3021,43.0654],[141.3021,43.0654],[141.3023,43.0655],[141.3026,43.0658],[141.3028,43.0659],[141.3031,43.0662],[141.3032,43.0663],[141.3033,43.0663],[141.3033,43.0664],[141.3035,43.0665],[141.3037,43.0667],[141.3038,43.0668],[141.3041,43.067],[141.3042,43.0671],[141.3042,43.0671],[141.3045,43.0673],[141.3047,43.0674],[141.3053,43.0679],[141.3056,43.0682],[141.3058,43.0683],[141.3059,43.0684],[141.3063,43.0687],[141.3063,43.0688],[141.3067,43.0686],[141.3068,43.0686],[141.307,43.0685],[141.3072,43.0683],[141.3073,43.0683],[141.3074,43.0682],[141.3075,43.0681],[141.3076,43.0681],[141.3078,43.068],[141.3079,43.068],[141.308,43.0679],[141.3083,43.0677],[141.3083,43.0677],[141.3084,43.0676],[141.3085,43.0676],[141.3087,43.0675],[141.309,43.0673],[141.3093,43.0671],[141.3095,43.0671],[141.3098,43.0669],[141.3098,43.0669],[141.31,43.0668],[141.3103,43.0667],[141.3105,43.0666],[141.3109,43.0664],[141.3112,43.0662],[141.3113,43.0662],[141.3116,43.066],[141.3121,43.0657],[141.3123,43.0657],[141.3126,43.0656],[141.3132,43.0652],[141.3133,43.0651],[141.3137,43.0649],[141.3138,43.0649],[141.314,43.0648],[141.3143,43.0646],[141.3143,43.0647],[141.3145,43.065],[141.3149,43.0656],[141.315,43.0658],[141.315,43.0659],[141.3153,43.0664],[141.3154,43.0665],[141.3154,43.0665],[141.3155,43.0667],[141.3156,43.0668],[141.3158,43.0673],[141.3159,43.0673],[141.316,43.0675],[141.3163,43.068],[141.3164,43.0682],[141.3164,43.0683],[141.3165,43.0684],[141.3167,43.0687],[141.3167,43.0688],[141.3169,43.0691],[141.317,43.0693],[141.3175,43.0701],[141.3176,43.0704],[141.3179,43.0708],[141.318,43.0709],[141.318,43.071],[141.3181,43.0711],[141.3184,43.0717],[141.3185,43.0718],[141.3185,43.0719],[141.3186,43.0721],[141.3186,43.0721],[141.3187,43.0722],[141.3188,43.0724],[141.319,43.0728],[141.3191,43.073],[141.3193,43.0734],[141.3194,43.0736],[141.3194,43.0738],[141.3195,43.074],[141.3195,43.0742],[141.3195,43.0744],[141.3195,43.075],[141.3195,43.075],[141.3195,43.0752],[141.3195,43.0754],[141.3195,43.0755],[141.3195,43.0756],[141.3196,43.0758],[141.3198,43.076],[141.32,43.0761],[141.3202,43.0763],[141.3204,43.0764],[141.321,43.0766],[141.3213,43.0766],[141.3215,43.0767],[141.3217,43.0768],[141.3219,43.0769],[141.322,43.077],[141.3222,43.0772],[141.3224,43.0773],[141.3222,43.0776],[141.3222,43.0777],[141.3221,43.0778],[141.322,43.078],[141.3221,43.0789],[141.3222,43.0793],[141.3222,43.08],[141.3223,43.0802],[141.3225,43.0804],[141.3226,43.0806],[141.3232,43.081],[141.3239,43.0816],[141.3245,43.0816],[141.3249,43.0817],[141.325,43.0817],[141.3254,43.0818],[141.3256,43.0819],[141.3264,43.0822],[141.3266,43.0823],[141.3274,43.0831],[141.3274,43.0833],[141.3274,43.0835],[141.3274,43.0841],[141.3273,43.0852],[141.3273,43.0852],[141.3277,43.0856],[141.3279,43.0858],[141.3282,43.086],[141.3283,43.0861],[141.3284,43.086],[141.3288,43.0858],[141.3295,43.0852],[141.3297,43.0851],[141.3298,43.085],[141.33,43.0849],[141.3299,43.0839],[141.3299,43.0837],[141.3299,43.0833],[141.3299,43.0832],[141.3298,43.0824],[141.3298,43.082],[141.3299,43.0819],[141.33,43.0814],[141.3302,43.0813],[141.3303,43.0812],[141.3303,43.0811],[141.3304,43.0809],[141.3304,43.0808],[141.3307,43.0801],[141.3309,43.0795],[141.331,43.0791],[141.3311,43.079],[141.3313,43.0786],[141.3314,43.0784],[141.3314,43.0782],[141.3317,43.0776],[141.3318,43.0774],[141.3319,43.077],[141.3321,43.0765],[141.3323,43.0763],[141.3324,43.076],[141.3326,43.0757],[141.3333,43.0751],[141.3333,43.075],[141.3333,43.075],[141.3336,43.0746],[141.334,43.0742],[141.335,43.0733],[141.3351,43.0732],[141.3354,43.0729],[141.3356,43.0727],[141.3359,43.0724],[141.3363,43.0719],[141.3364,43.0715],[141.3364,43.0711],[141.3364,43.0709],[141.3362,43.0705],[141.3361,43.0703],[141.3358,43.07],[141.3357,43.0699],[141.3352,43.0695],[141.3352,43.0693],[141.335,43.0691],[141.3359,43.0688],[141.3365,43.0685],[141.3373,43.0682],[141.338,43.0679],[141.3386,43.0677],[141.339,43.0676],[141.3391,43.0675],[141.3392,43.0675],[141.3397,43.0673],[141.3401,43.0672],[141.3404,43.0671],[141.341,43.067],[141.3412,43.0669],[141.3416,43.0669],[141.3417,43.0669],[141.3422,43.0668],[141.3423,43.0668]]]}},{"type":"Feature","properties":{"code":"01102","id":"kita","name":"北区"},"geometry":{"type":"Polygon","coordinates":[[[141.4084,43.1839],[141.4083,43.1839],[141.4083,43.1839],[141.4081,43.1839],[141.4078,43.1839],[141.4076,43.1839],[141.4074,43.1839],[141.4072,43.1839],[141.4069,43.1839],[141.4068,43.1838],[141.4066,43.1838],[141.4064,43.1837],[141.4063,43.1836],[141.4062,43.1836],[141.406,43.1835],[141.406,43.1835],[141.4057,43.1834],[141.4056,43.1833],[141.4056,43.1833],[141.4052,43.1831],[141.405,43.1829],[141.4046,43.1828],[141.4043,43.1825],[141.4042,43.1825],[141.4042,43.1825],[141.404,43.1823],[141.4039,43.1822],[141.4036,43.1819],[141.4035,43.1817],[141.4034,43.1817],[141.4033,43.1815],[141.4032,43.1812],[141.4031,43.181],[141.403,43.1808],[141.4028,43.1806],[141.4027,43.1805],[141.4026,43.1804],[141.4024,43.1801],[141.4019,43.1796],[141.4014,43.1792],[141.4011,43.1789],[141.4008,43.1785],[141.4004,43.1781],[141.4,43.1777],[141.4,43.1777],[141.3997,43.1773],[141.3993,43.1769],[141.399,43.1766],[141.3989,43.1764],[141.3987,43.1762],[141.3986,43.176],[141.3985,43.1757],[141.3984,43.1756],[141.3983,43.1754],[141.3983,43.1753],[141.3982,43.1751],[141.3982,43.175],[141.3982,43.175],[141.3982,43.1749],[141.3981,43.1746],[141.3981,43.1745],[141.3981,43.1743],[141.3981,43.1741],[141.3982,43.1739],[141.3982,43.1736],[141.3982,43.1735],[141.3982,43.1733],[141.3983,43.1732],[141.3985,43.1728],[141.3986,43.1726],[141.3986,43.1725],[141.3988,43.1723],[141.3989,43.1721],[141.3992,43.1718],[141.3993,43.1716],[141.3995,43.1715],[141.3997,43.1713],[141.4,43.1711],[141.4,43.1711],[141.4001,43.171],[141.4002,43.1709],[141.4005,43.1708],[141.4007,43.1707],[141.401,43.1706],[141.4012,43.1705],[141.4014,43.1704],[141.4018,43.1703],[141.4025,43.1701],[141.4027,43.1701],[141.403,43.17],[141.4033,43.17],[141.4036,43.1699],[141.4039,43.1699],[141.4041,43.1699],[141.4045,43.1699],[141.4047,43.1699],[141.405,43.17],[141.4053,43.17],[141.4053,43.17],[141.4057,43.17],[141.4068,43.1702],[141.4076,43.1703],[141.4083,43.1705],[141.4089,43.1706],[141.4097,43.1707],[141.4108,43.1709],[141.412,43.1711],[141.413,43.1713],[141.4132,43.1713],[141.4135,43.1714],[141.4138,43.1714],[141.414,43.1714],[141.4143,43.1714],[141.4146,43.1714],[141.4147,43.1715],[141.4148,43.1715],[141.4152,43.1715],[141.4157,43.1715],[141.4159,43.1715],[141.4162,43.1715],[141.4167,43.1716],[141.4167,43.1716],[141.4171,43.1716],[141.4172,43.1716],[141.4174,43.1716],[141.4178,43.1717],[141.4179,43.1717],[141.4183,43.1717],[141.4185,43.1718],[141.4188,43.1718],[141.4191,43.1718],[141.4192,43.1718],[141.4194,43.1718],[141.4196,43.1718],[141.42,43.1716],[141.4203,43.1714],[141.4207,43.1711],[141.421,43.1709],[141.4216,43.1704],[141.4225,43.1698],[141.4235,43.1691],[141.4237,43.169],[141.4238,43.169],[141.4245,43.1686],[141.4246,43.1685],[141.425,43.1683],[141.425,43.1683],[141.4253,43.1682],[141.4254,43.1682],[141.4256,43.1684],[141.4257,43.1685],[141.4264,43.1691],[141.4265,43.1693],[141.4268,43.1694],[141.4269,43.1695],[141.427,43.1696],[141.4273,43.1697],[141.4276,43.1699],[141.4278,43.17],[141.4279,43.1701],[141.4282,43.1701],[141.4284,43.1701],[141.4287,43.1701],[141.4289,43.1702],[141.4292,43.1702],[141.4295,43.1702],[141.4301,43.1703],[141.4305,43.1703],[141.4307,43.1703],[141.4311,43.1703],[141.4311,43.1703],[141.4315,43.1703],[141.4317,43.1703],[141.4319,43.1703],[141.4321,43.1702],[141.4324,43.1701],[141.4327,43.17],[141.433,43.1698],[141.4332,43.1697],[141.4333,43.1696],[141.4333,43.1696],[141.4335,43.1695],[141.4336,43.1694],[141.4337,43.1693],[141.4337,43.1692],[141.4338,43.1691],[141.434,43.1667],[141.4341,43.1653],[141.4342,43.165],[141.4342,43.165],[141.4343,43.1631],[141.4343,43.1631],[141.4343,43.1629],[141.4344,43.1628],[141.4345,43.1626],[141.4348,43.1624],[141.4353,43.1621],[141.4357,43.1619],[141.4363,43.1616],[141.4365,43.1615],[141.4368,43.1615],[141.4371,43.1615],[141.4376,43.1614],[141.438,43.1614],[141.4382,43.1615],[141.4388,43.1618],[141.4416,43.1601],[141.4411,43.1594],[141.4409,43.1591],[141.4404,43.1583],[141.4401,43.158],[141.44,43.1579],[141.4387,43.1561],[141.4384,43.1562],[141.4373,43.1568],[141.436,43.1575],[141.4356,43.1577],[141.4354,43.1573],[141.4354,43.1572],[141.4354,43.1569],[141.4353,43.1568],[141.435,43.1563],[141.4345,43.1551],[141.4338,43.1533],[141.434,43.1532],[141.4334,43.1521],[141.434,43.1519],[141.4341,43.1521],[141.4351,43.1517],[141.4347,43.151],[141.434,43.15],[141.4338,43.1496],[141.4336,43.1494],[141.4333,43.1495],[141.4326,43.1498],[141.43,43.1455],[141.4292,43.1442],[141.429,43.144],[141.4288,43.1438],[141.4276,43.1442],[141.4262,43.1449],[141.425,43.1454],[141.4215,43.1471],[141.4196,43.1464],[141.4172,43.1455],[141.4167,43.1453],[141.4165,43.1452],[141.4152,43.1447],[141.4149,43.1446],[141.4145,43.1422],[141.4144,43.1417],[141.4142,43.14],[141.4142,43.1398],[141.4142,43.1398],[141.4142,43.1397],[141.4141,43.1388],[141.4135,43.1387],[141.4132,43.1386],[141.413,43.1386],[141.4128,43.1389],[141.4127,43.1389],[141.4123,43.1389],[141.4119,43.139],[141.4118,43.139],[141.4104,43.1391],[141.4095,43.1378],[141.4086,43.1367],[141.4083,43.1367],[141.4082,43.1368],[141.4078,43.1369],[141.4076,43.137],[141.4073,43.1371],[141.4067,43.1368],[141.4065,43.1367],[141.4064,43.1367],[141.4064,43.1367],[141.4062,43.1366],[141.4047,43.1381],[141.4047,43.138],[141.4046,43.138],[141.4046,43.138],[141.4042,43.1378],[141.4039,43.1377],[141.4038,43.1376],[141.4019,43.1366],[141.4,43.1356],[141.3998,43.1355],[141.3996,43.1354],[141.3993,43.1352],[141.3988,43.135],[141.3978,43.1345],[141.3974,43.1342],[141.3967,43.1338],[141.3957,43.1333],[141.3951,43.133],[141.3947,43.1329],[141.3945,43.1328],[141.3934,43.1322],[141.3928,43.1319],[141.3928,43.1319],[141.3928,43.1318],[141.3927,43.1317],[141.3926,43.1317],[141.3924,43.1316],[141.3921,43.1314],[141.3917,43.1312],[141.3906,43.1306],[141.3899,43.1302],[141.3886,43.1296],[141.3884,43.1295],[141.3876,43.129],[141.3874,43.129],[141.3873,43.1289],[141.3872,43.1289],[141.3871,43.1288],[141.3871,43.1288],[141.3874,43.1283],[141.3877,43.128],[141.3881,43.1275],[141.3878,43.1272],[141.3872,43.1267],[141.3872,43.1266],[141.3872,43.1265],[141.3872,43.1264],[141.3864,43.1262],[141.3857,43.1259],[141.3853,43.1258],[141.3851,43.1257],[141.3843,43.1257],[141.3836,43.1258],[141.3835,43.1258],[141.3833,43.1258],[141.3822,43.1258],[141.381,43.1259],[141.3802,43.1259],[141.3775,43.126],[141.3773,43.126],[141.3773,43.1262],[141.375,43.1263],[141.3725,43.1264],[141.3713,43.1264],[141.3711,43.1264],[141.3709,43.1264],[141.3707,43.1264],[141.3702,43.1264],[141.3696,43.1265],[141.369,43.1265],[141.3689,43.1265],[141.3684,43.1266],[141.3681,43.1266],[141.3678,43.1266],[141.3675,43.1266],[141.3675,43.1266],[141.3673,43.1267],[141.3672,43.1267],[141.3671,43.1267],[141.3669,43.1268],[141.3669,43.1268],[141.3667,43.1267],[141.3666,43.1267],[141.3662,43.1266],[141.366,43.1265],[141.3657,43.1264],[141.3654,43.1263],[141.3652,43.1261],[141.365,43.126],[141.3648,43.1258],[141.3647,43.1257],[141.3646,43.1255],[141.3645,43.1252],[141.3644,43.1251],[141.3643,43.1251],[141.3642,43.1251],[141.3641,43.1251],[141.3639,43.1253],[141.3637,43.1254],[141.3636,43.1254],[141.3635,43.1255],[141.3634,43.1256],[141.3633,43.1257],[141.3631,43.1258],[141.363,43.1259],[141.3629,43.1259],[141.3629,43.126],[141.3627,43.126],[141.3624,43.126],[141.3621,43.126],[141.3619,43.126],[141.3615,43.1257],[141.3615,43.1257],[141.3616,43.1256],[141.3618,43.1254],[141.3616,43.1254],[141.3615,43.1253],[141.3613,43.1253],[141.3611,43.1252],[141.361,43.125],[141.361,43.125],[141.3611,43.1249],[141.361,43.1248],[141.3608,43.1248],[141.3607,43.1248],[141.3606,43.1247],[141.3605,43.1247],[141.3605,43.1245],[141.3605,43.1244],[141.3604,43.1242],[141.3604,43.1241],[141.3603,43.124],[141.3602,43.1239],[141.3601,43.1238],[141.36,43.1238],[141.3598,43.1238],[141.3597,43.1238],[141.3595,43.1238],[141.3594,43.1239],[141.3593,43.124],[141.3591,43.124],[141.3589,43.1242],[141.3587,43.1243],[141.3585,43.1244],[141.3583,43.1245],[141.3583,43.1245],[141.3581,43.1246],[141.3579,43.1247],[141.3576,43.1248],[141.3573,43.1249],[141.3569,43.125],[141.3568,43.125],[141.3567,43.125],[141.3564,43.125],[141.3562,43.1249],[141.356,43.1248],[141.3557,43.1246],[141.3555,43.1247],[141.355,43.125],[141.3547,43.1249],[141.3545,43.1249],[141.3542,43.1249],[141.3541,43.1249],[141.3539,43.1248],[141.3537,43.1248],[141.353,43.1247],[141.3527,43.1247],[141.351,43.1242],[141.3508,43.1242],[141.35,43.124],[141.3486,43.1236],[141.3484,43.1235],[141.3465,43.123],[141.3461,43.1229],[141.346,43.1229],[141.3451,43.1226],[141.3446,43.1225],[141.3441,43.1223],[141.344,43.1222],[141.344,43.122],[141.3439,43.1219],[141.3439,43.1218],[141.3439,43.1216],[141.3438,43.1215],[141.3438,43.1212],[141.3437,43.121],[141.3437,43.121],[141.3437,43.1208],[141.3437,43.1206],[141.3437,43.1203],[141.3437,43.1202],[141.3437,43.12],[141.3433,43.1186],[141.3433,43.1184],[141.3432,43.1182],[141.3432,43.1179],[141.3432,43.1179],[141.3433,43.1172],[141.3434,43.1168],[141.3434,43.1167],[141.3435,43.1159],[141.3436,43.1157],[141.3436,43.1157],[141.3437,43.1153],[141.3438,43.1147],[141.3439,43.1144],[141.344,43.1142],[141.3441,43.1136],[141.3441,43.1136],[141.3441,43.1135],[141.3441,43.1133],[141.344,43.1129],[141.3439,43.1125],[141.3439,43.1123],[141.3438,43.1119],[141.3438,43.1117],[141.3438,43.1114],[141.3439,43.1107],[141.344,43.11],[141.3441,43.1098],[141.3441,43.1097],[141.3441,43.1096],[141.3441,43.1096],[141.3442,43.1095],[141.3443,43.1091],[141.3444,43.1083],[141.3444,43.1083],[141.3444,43.1082],[141.3444,43.1081],[141.3445,43.1079],[141.3447,43.1066],[141.3448,43.1064],[141.3448,43.1063],[141.3448,43.1062],[141.3449,43.1059],[141.3449,43.1057],[141.345,43.1043],[141.3451,43.1034],[141.3451,43.1034],[141.3452,43.1022],[141.3452,43.102],[141.3452,43.1018],[141.3453,43.1015],[141.3453,43.1014],[141.3453,43.1012],[141.3454,43.101],[141.3454,43.1008],[141.3455,43.1006],[141.3456,43.1003],[141.3456,43.1002],[141.3456,43.1],[141.3457,43.0997],[141.3458,43.0995],[141.3459,43.0991],[141.346,43.0985],[141.3462,43.0981],[141.3462,43.0978],[141.3463,43.0977],[141.3465,43.0969],[141.3469,43.0953],[141.347,43.0951],[141.347,43.0949],[141.3471,43.0946],[141.3471,43.0943],[141.3472,43.0942],[141.3472,43.0941],[141.3474,43.0933],[141.3478,43.0917],[141.3478,43.0917],[141.3479,43.0915],[141.348,43.091],[141.3481,43.0908],[141.3481,43.0907],[141.3483,43.09],[141.3483,43.0899],[141.3483,43.0899],[141.3485,43.0892],[141.3485,43.0891],[141.3489,43.0878],[141.349,43.0877],[141.3491,43.0871],[141.3493,43.0865],[141.3494,43.0864],[141.3494,43.0864],[141.3494,43.0862],[141.3494,43.0861],[141.3495,43.0858],[141.3496,43.0855],[141.3498,43.0849],[141.3499,43.0846],[141.3499,43.0845],[141.35,43.0843],[141.35,43.0842],[141.3501,43.0839],[141.3501,43.0838],[141.3502,43.0837],[141.3503,43.0835],[141.3503,43.0833],[141.3504,43.0831],[141.3504,43.0831],[141.3505,43.083],[141.3505,43.083],[141.3506,43.0829],[141.3507,43.0827],[141.3507,43.0826],[141.3507,43.0826],[141.3509,43.0823],[141.3509,43.0822],[141.3509,43.0822],[141.351,43.0821],[141.3512,43.0816],[141.3512,43.0816],[141.3512,43.0816],[141.3515,43.0812],[141.3515,43.0811],[141.3515,43.0811],[141.3515,43.081],[141.3519,43.0802],[141.3519,43.0801],[141.352,43.08],[141.352,43.08],[141.352,43.0799],[141.3523,43.0791],[141.3524,43.079],[141.3524,43.0788],[141.3525,43.0787],[141.3527,43.0779],[141.3528,43.0778],[141.3528,43.0778],[141.3529,43.0772],[141.3531,43.0766],[141.3531,43.0765],[141.3532,43.0764],[141.3533,43.0759],[141.3535,43.075],[141.3537,43.0743],[141.354,43.0731],[141.3543,43.0721],[141.3543,43.072],[141.3546,43.071],[141.3547,43.0708],[141.3549,43.0699],[141.3549,43.0697],[141.3551,43.0691],[141.3551,43.0689],[141.3552,43.0686],[141.3552,43.0686],[141.355,43.0686],[141.3546,43.0686],[141.3535,43.0684],[141.3533,43.0684],[141.3533,43.0684],[141.3514,43.0682],[141.3513,43.0682],[141.3511,43.0681],[141.3503,43.068],[141.3501,43.068],[141.35,43.068],[141.3495,43.0679],[141.3487,43.0678],[141.348,43.0677],[141.3471,43.0675],[141.3468,43.0674],[141.3458,43.0672],[141.3456,43.0671],[141.3444,43.0669],[141.3443,43.0669],[141.3441,43.0669],[141.3438,43.0669],[141.3433,43.0668],[141.3428,43.0668],[141.3423,43.0668],[141.3422,43.0668],[141.3417,43.0669],[141.3416,43.0669],[141.3412,43.0669],[141.341,43.067],[141.3404,43.0671],[141.3401,43.0672],[141.3397,43.0673],[141.3392,43.0675],[141.3391,43.0675],[141.339,43.0676],[141.3386,43.0677],[141.338,43.0679],[141.3373,43.0682],[141.3365,43.0685],[141.3359,43.0688],[141.335,43.0691],[141.3352,43.0693],[141.3352,43.0695],[141.3357,43.0699],[141.3358,43.07],[141.3361,43.0703],[141.3362,43.0705],[141.3364,43.0709],[141.3364,43.0711],[141.3364,43.0715],[141.3363,43.0719],[141.3359,43.0724],[141.3356,43.0727],[141.3354,43.0729],[141.3351,43.0732],[141.335,43.0733],[141.334,43.0742],[141.3336,43.0746],[141.3333,43.075],[141.3333,43.075],[141.3333,43.0751],[141.3326,43.0757],[141.3324,43.076],[141.3323,43.0763],[141.3321,43.0765],[141.3319,43.077],[141.3318,43.0774],[141.3317,43.0776],[141.3314,43.0782],[141.3314,43.0784],[141.3313,43.0786],[141.3311,43.079],[141.331,43.0791],[141.3309,43.0795],[141.3307,43.0801],[141.3304,43.0808],[141.3304,43.0809],[141.3303,43.0811],[141.3303,43.0812],[141.3302,43.0813],[141.33,43.0814],[141.3299,43.0819],[141.3298,43.082],[141.3298,43.0824],[141.3299,43.0832],[141.3299,43.0833],[141.3299,43.0837],[141.3299,43.0839],[141.33,43.0849],[141.3298,43.085],[141.3297,43.0851],[141.3295,43.0852],[141.3288,43.0858],[141.3284,43.086],[141.3283,43.0861],[141.3282,43.0862],[141.3281,43.0862],[141.328,43.0863],[141.3276,43.0866],[141.3268,43.0872],[141.3264,43.0875],[141.3255,43.0881],[141.325,43.0885],[141.3247,43.0887],[141.3246,43.0889],[141.3238,43.0894],[141.3235,43.0896],[141.3225,43.0903],[141.3215,43.091],[141.3206,43.0917],[141.3205,43.0917],[141.3199,43.0922],[141.3197,43.0923],[141.3194,43.0926],[141.3184,43.0933],[141.3167,43.0945],[141.3166,43.0946],[141.3165,43.0947],[141.3157,43.0953],[141.3148,43.0959],[141.3132,43.097],[141.3125,43.0975],[141.3119,43.0979],[141.3114,43.0983],[141.311,43.0986],[141.3102,43.0992],[141.3098,43.0995],[141.3096,43.0997],[141.3092,43.1],[141.3086,43.1004],[141.3085,43.1005],[141.3085,43.1005],[141.3084,43.1006],[141.3083,43.1006],[141.3082,43.1007],[141.3081,43.1007],[141.3081,43.1008],[141.308,43.1008],[141.308,43.1009],[141.3067,43.1018],[141.3059,43.1023],[141.3049,43.1031],[141.3044,43.1034],[141.3043,43.1035],[141.3042,43.1035],[141.304,43.1036],[141.3034,43.1041],[141.3033,43.1042],[141.3032,43.1043],[141.303,43.1044],[141.3028,43.1045],[141.3024,43.1049],[141.3018,43.1053],[141.3011,43.1058],[141.3003,43.1064],[141.3,43.1066],[141.2996,43.1069],[141.2988,43.1075],[141.2986,43.1076],[141.2984,43.1078],[141.2981,43.1081],[141.2981,43.1081],[141.2981,43.1081],[141.298,43.1082],[141.2978,43.1083],[141.2976,43.1085],[141.2974,43.1086],[141.2967,43.1092],[141.296,43.1098],[141.2959,43.1099],[141.2958,43.1099],[141.2952,43.1103],[141.2944,43.1109],[141.2939,43.1114],[141.2937,43.1115],[141.2931,43.1119],[141.2929,43.112],[141.2929,43.1121],[141.2927,43.1122],[141.2919,43.1128],[141.2917,43.1129],[141.2914,43.1131],[141.2911,43.1133],[141.2906,43.1137],[141.2903,43.1139],[141.2899,43.1142],[141.2895,43.1144],[141.2892,43.1147],[141.2887,43.115],[141.2872,43.1161],[141.2866,43.1165],[141.2864,43.1167],[141.2861,43.1169],[141.286,43.117],[141.2854,43.1174],[141.2847,43.1179],[141.284,43.1184],[141.2833,43.1188],[141.2833,43.1189],[141.2826,43.1193],[141.2824,43.1195],[141.2817,43.12],[141.2809,43.1206],[141.2802,43.1211],[141.2794,43.1217],[141.2786,43.1223],[141.2782,43.1225],[141.2778,43.1229],[141.2777,43.1229],[141.2774,43.1232],[141.277,43.1234],[141.2766,43.1237],[141.2762,43.124],[141.2759,43.1242],[141.2755,43.1245],[141.2751,43.1248],[141.275,43.1249],[141.2748,43.125],[141.2747,43.1251],[141.2743,43.1254],[141.2739,43.1257],[141.2736,43.1259],[141.2732,43.1262],[141.2728,43.1265],[141.2724,43.1268],[141.272,43.1271],[141.2717,43.1273],[141.2713,43.1276],[141.2709,43.1279],[141.2705,43.1281],[141.2701,43.1284],[141.2697,43.1287],[141.2694,43.1289],[141.2693,43.129],[141.269,43.1292],[141.2685,43.1295],[141.2681,43.1298],[141.2678,43.1301],[141.267,43.1306],[141.2667,43.1309],[141.2667,43.1309],[141.2665,43.131],[141.2665,43.1311],[141.2666,43.1312],[141.2667,43.1312],[141.2667,43.1312],[141.2667,43.1312],[141.2671,43.1315],[141.2674,43.1316],[141.2675,43.1317],[141.268,43.132],[141.2682,43.1321],[141.2684,43.1321],[141.2685,43.1322],[141.2688,43.1323],[141.2689,43.1323],[141.2691,43.1323],[141.2695,43.1324],[141.27,43.1325],[141.2706,43.1327],[141.271,43.1328],[141.2715,43.133],[141.2717,43.1331],[141.272,43.1332],[141.2722,43.1333],[141.2723,43.1334],[141.2725,43.1335],[141.2727,43.1335],[141.2729,43.1335],[141.273,43.1335],[141.2731,43.1335],[141.2732,43.1334],[141.2733,43.1333],[141.2734,43.1333],[141.2734,43.1332],[141.2735,43.1331],[141.2736,43.1329],[141.2737,43.1327],[141.2739,43.1325],[141.2739,43.1324],[141.274,43.1324],[141.2741,43.1323],[141.2742,43.1322],[141.2743,43.1321],[141.2745,43.1321],[141.2747,43.1321],[141.275,43.1321],[141.275,43.1321],[141.2751,43.1321],[141.2754,43.1321],[141.2755,43.1322],[141.2757,43.1322],[141.2758,43.1323],[141.2759,43.1323],[141.276,43.1323],[141.276,43.1322],[141.276,43.1322],[141.276,43.1322],[141.2759,43.132],[141.2757,43.1319],[141.2754,43.1315],[141.2753,43.1314],[141.2754,43.1314],[141.2755,43.1313],[141.2756,43.1313],[141.2758,43.1313],[141.2761,43.1315],[141.2764,43.1316],[141.2766,43.1317],[141.2769,43.1317],[141.2772,43.1317],[141.2774,43.1318],[141.2775,43.1317],[141.2775,43.1315],[141.2776,43.1314],[141.2778,43.1312],[141.2778,43.1311],[141.278,43.1311],[141.278,43.131],[141.2782,43.131],[141.2783,43.131],[141.2785,43.1311],[141.2786,43.1312],[141.2789,43.1313],[141.2791,43.1315],[141.2794,43.1317],[141.2795,43.1317],[141.2795,43.1319],[141.2794,43.1319],[141.2794,43.1321],[141.2793,43.1322],[141.2792,43.1324],[141.2793,43.1324],[141.2794,43.1325],[141.2795,43.1325],[141.2799,43.1325],[141.2799,43.1325],[141.28,43.1325],[141.2802,43.1326],[141.2803,43.1327],[141.2805,43.1328],[141.2805,43.1329],[141.2807,43.1329],[141.2809,43.1329],[141.281,43.1329],[141.2812,43.133],[141.2813,43.1331],[141.2814,43.1332],[141.2816,43.1332],[141.2817,43.1331],[141.2818,43.1331],[141.2819,43.1331],[141.2821,43.1332],[141.2823,43.1333],[141.2827,43.1336],[141.2827,43.1336],[141.2828,43.1336],[141.283,43.1337],[141.283,43.1339],[141.2829,43.1341],[141.2829,43.1342],[141.2829,43.1343],[141.283,43.1344],[141.2831,43.1344],[141.2833,43.1343],[141.2833,43.1343],[141.2834,43.1343],[141.2836,43.1344],[141.284,43.1346],[141.2845,43.1348],[141.2846,43.1348],[141.2848,43.1347],[141.2849,43.1347],[141.285,43.1347],[141.2852,43.1348],[141.2857,43.1349],[141.2858,43.135],[141.2859,43.1351],[141.286,43.1351],[141.286,43.1352],[141.2862,43.1355],[141.2863,43.1356],[141.2865,43.1357],[141.2869,43.1357],[141.2873,43.1357],[141.2878,43.1357],[141.288,43.1357],[141.2882,43.1358],[141.2884,43.1359],[141.2887,43.1362],[141.2894,43.1366],[141.29,43.1369],[141.2903,43.1371],[141.2911,43.1373],[141.2915,43.1374],[141.2917,43.1374],[141.2921,43.1376],[141.2923,43.1376],[141.2925,43.1377],[141.2927,43.1378],[141.2927,43.1379],[141.2928,43.1379],[141.2928,43.138],[141.2929,43.1381],[141.2929,43.1383],[141.2931,43.1384],[141.294,43.1386],[141.2946,43.1388],[141.295,43.139],[141.2952,43.1392],[141.2961,43.1395],[141.2968,43.1399],[141.297,43.14],[141.2974,43.1403],[141.2976,43.1404],[141.2978,43.1404],[141.2985,43.1406],[141.2987,43.1408],[141.2992,43.1412],[141.2993,43.1411],[141.2994,43.141],[141.2995,43.1408],[141.2995,43.1406],[141.2996,43.1405],[141.2999,43.1403],[141.2999,43.1403],[141.2999,43.1403],[141.3,43.1402],[141.3001,43.1402],[141.3003,43.1403],[141.3005,43.1403],[141.3006,43.1403],[141.3008,43.1403],[141.3009,43.1404],[141.3011,43.1405],[141.3014,43.1407],[141.3017,43.1408],[141.3017,43.1408],[141.3018,43.1408],[141.3021,43.1408],[141.3024,43.1409],[141.3026,43.141],[141.3026,43.141],[141.3029,43.1412],[141.3031,43.1413],[141.3031,43.1414],[141.3032,43.1416],[141.3032,43.1417],[141.3032,43.1417],[141.3033,43.1418],[141.3033,43.1419],[141.3035,43.142],[141.3037,43.1421],[141.3038,43.1421],[141.3039,43.1421],[141.304,43.1421],[141.3041,43.1421],[141.3041,43.1422],[141.3041,43.1423],[141.3042,43.1423],[141.3042,43.1423],[141.3042,43.1424],[141.3042,43.1425],[141.3042,43.1426],[141.3042,43.1426],[141.3042,43.1428],[141.3043,43.1429],[141.3044,43.1429],[141.3047,43.143],[141.305,43.1432],[141.3052,43.1432],[141.3052,43.1432],[141.3052,43.1432],[141.3054,43.1432],[141.3055,43.1431],[141.3055,43.1431],[141.3057,43.1431],[141.3059,43.1432],[141.306,43.1432],[141.306,43.1433],[141.306,43.1434],[141.306,43.1435],[141.306,43.1435],[141.3061,43.1436],[141.3062,43.1439],[141.3063,43.144],[141.3066,43.1442],[141.3067,43.1442],[141.3069,43.1442],[141.307,43.1442],[141.307,43.1442],[141.3071,43.1441],[141.3072,43.1441],[141.3072,43.1441],[141.3073,43.1441],[141.3073,43.1441],[141.3077,43.1441],[141.3081,43.144],[141.3083,43.1441],[141.3083,43.1441],[141.3085,43.1441],[141.3087,43.1442],[141.3089,43.1442],[141.309,43.1444],[141.3091,43.1445],[141.3091,43.1446],[141.3092,43.1447],[141.3093,43.1449],[141.3094,43.1451],[141.3095,43.1452],[141.3095,43.1453],[141.3094,43.1453],[141.3094,43.1454],[141.3094,43.1454],[141.3095,43.1455],[141.3095,43.1455],[141.3095,43.1456],[141.3097,43.1456],[141.3097,43.1456],[141.3098,43.1456],[141.3098,43.1455],[141.31,43.1456],[141.3102,43.1456],[141.3104,43.1455],[141.3109,43.1454],[141.311,43.1453],[141.3111,43.1453],[141.3112,43.1453],[141.3113,43.1454],[141.3115,43.1455],[141.3116,43.1458],[141.3117,43.1459],[141.3119,43.1461],[141.312,43.1462],[141.312,43.1462],[141.312,43.1463],[141.3121,43.1463],[141.3121,43.1463],[141.3122,43.1464],[141.3126,43.1464],[141.3127,43.1465],[141.3129,43.1465],[141.3129,43.1465],[141.3132,43.1465],[141.3132,43.1465],[141.3132,43.1464],[141.3134,43.1461],[141.3134,43.1461],[141.3134,43.1461],[141.3135,43.146],[141.3136,43.146],[141.3138,43.1461],[141.3139,43.1462],[141.3145,43.1465],[141.3147,43.1467],[141.315,43.1467],[141.3151,43.1469],[141.3152,43.1469],[141.3152,43.147],[141.3153,43.1471],[141.3153,43.1471],[141.3153,43.1471],[141.3153,43.1472],[141.3153,43.1473],[141.3153,43.1474],[141.3154,43.1475],[141.3155,43.1475],[141.3159,43.1475],[141.3162,43.1476],[141.3164,43.1475],[141.3164,43.1475],[141.3167,43.1475],[141.3168,43.1474],[141.3171,43.1474],[141.3173,43.1474],[141.3176,43.1474],[141.3178,43.1475],[141.3181,43.1476],[141.3182,43.1476],[141.3185,43.1477],[141.3186,43.1477],[141.3191,43.1478],[141.3193,43.1478],[141.3193,43.1478],[141.3194,43.1478],[141.3195,43.1479],[141.3195,43.1479],[141.3196,43.148],[141.3197,43.148],[141.3197,43.1479],[141.3198,43.1479],[141.3199,43.1478],[141.3201,43.1478],[141.3204,43.1479],[141.3206,43.1479],[141.3208,43.148],[141.3209,43.148],[141.3212,43.1481],[141.3213,43.1482],[141.3217,43.1482],[141.3218,43.1482],[141.322,43.1482],[141.3223,43.1482],[141.3225,43.1483],[141.3226,43.1484],[141.3227,43.1484],[141.3228,43.1485],[141.3229,43.1486],[141.3229,43.1486],[141.3231,43.1488],[141.3232,43.1488],[141.3233,43.1488],[141.3235,43.1488],[141.3236,43.1488],[141.3237,43.1487],[141.3238,43.1486],[141.3239,43.1486],[141.324,43.1486],[141.3241,43.1485],[141.3242,43.1484],[141.3243,43.1483],[141.3244,43.1483],[141.3244,43.1483],[141.3244,43.1482],[141.3244,43.1481],[141.3244,43.148],[141.3245,43.1479],[141.3246,43.1477],[141.3247,43.1477],[141.3248,43.1476],[141.3249,43.1476],[141.3249,43.1476],[141.325,43.1476],[141.325,43.1476],[141.3252,43.1477],[141.3254,43.1478],[141.3255,43.1478],[141.3257,43.1479],[141.3257,43.1479],[141.3258,43.1479],[141.3258,43.148],[141.3258,43.148],[141.3259,43.148],[141.3259,43.1481],[141.3258,43.1485],[141.3256,43.1485],[141.3256,43.1486],[141.3256,43.1487],[141.3257,43.1488],[141.3258,43.1488],[141.3259,43.1488],[141.326,43.1488],[141.3262,43.1487],[141.3264,43.1486],[141.3267,43.1485],[141.3268,43.1484],[141.3269,43.1483],[141.3271,43.1483],[141.3271,43.1482],[141.3272,43.1482],[141.3273,43.1482],[141.3274,43.1482],[141.3276,43.1482],[141.3278,43.1482],[141.3278,43.1483],[141.3279,43.1484],[141.328,43.1485],[141.328,43.1485],[141.3281,43.1486],[141.3284,43.1489],[141.3285,43.149],[141.3285,43.149],[141.3286,43.1491],[141.3287,43.1491],[141.3288,43.149],[141.3288,43.149],[141.3289,43.149],[141.3292,43.1488],[141.3293,43.1488],[141.3295,43.1488],[141.3297,43.1488],[141.33,43.1489],[141.3303,43.149],[141.3303,43.1492],[141.3304,43.1492],[141.3305,43.1493],[141.3306,43.1493],[141.3307,43.1493],[141.3308,43.1493],[141.331,43.1494],[141.331,43.1493],[141.3311,43.1493],[141.3311,43.1492],[141.3312,43.1491],[141.3312,43.1491],[141.3312,43.1489],[141.3312,43.1488],[141.3312,43.1487],[141.3313,43.1487],[141.3314,43.1486],[141.3315,43.1486],[141.3322,43.1486],[141.3325,43.1486],[141.3326,43.1486],[141.3326,43.1486],[141.3327,43.1487],[141.3327,43.1487],[141.3327,43.1491],[141.3327,43.1492],[141.3328,43.1494],[141.3328,43.1495],[141.3328,43.1497],[141.3327,43.1497],[141.3327,43.1498],[141.3325,43.15],[141.3325,43.15],[141.3323,43.1501],[141.3323,43.1501],[141.3322,43.1501],[141.332,43.15],[141.332,43.15],[141.3317,43.1498],[141.3315,43.1497],[141.3313,43.1496],[141.3312,43.1496],[141.3312,43.1497],[141.3311,43.1497],[141.3311,43.1498],[141.3312,43.1499],[141.3314,43.15],[141.3315,43.15],[141.3318,43.1503],[141.3321,43.1504],[141.3324,43.1504],[141.3325,43.1505],[141.3327,43.1505],[141.3328,43.1504],[141.3328,43.1504],[141.3328,43.1504],[141.3329,43.1503],[141.333,43.1502],[141.333,43.1501],[141.3331,43.15],[141.3331,43.15],[141.3332,43.1499],[141.3333,43.1499],[141.3333,43.1499],[141.3334,43.1498],[141.3334,43.1498],[141.3336,43.1498],[141.3337,43.1498],[141.3339,43.1499],[141.3341,43.1499],[141.3344,43.1498],[141.3346,43.1498],[141.3347,43.1498],[141.3348,43.1499],[141.3348,43.1499],[141.3348,43.15],[141.3348,43.15],[141.3349,43.15],[141.3348,43.1501],[141.3348,43.1502],[141.3347,43.1503],[141.3347,43.1504],[141.3347,43.1504],[141.3345,43.1507],[141.3345,43.1507],[141.3345,43.1508],[141.3345,43.1508],[141.3345,43.1509],[141.3346,43.151],[141.3347,43.151],[141.3349,43.1513],[141.3349,43.1513],[141.3349,43.1515],[141.3348,43.1515],[141.3347,43.1516],[141.3347,43.1516],[141.3345,43.1516],[141.3343,43.1517],[141.3341,43.1518],[141.3341,43.1519],[141.334,43.1519],[141.3339,43.152],[141.3337,43.1521],[141.3337,43.1522],[141.3338,43.1523],[141.3339,43.1524],[141.3344,43.1524],[141.3346,43.1524],[141.3349,43.1523],[141.3352,43.1523],[141.3354,43.1523],[141.3355,43.1524],[141.3356,43.1525],[141.3358,43.1527],[141.336,43.1528],[141.3361,43.1529],[141.3364,43.1529],[141.3365,43.153],[141.3367,43.1531],[141.3367,43.1533],[141.3369,43.1534],[141.3372,43.1536],[141.3374,43.1537],[141.3375,43.1538],[141.3375,43.1539],[141.3375,43.154],[141.3375,43.154],[141.3375,43.1541],[141.3373,43.1541],[141.3366,43.1542],[141.3364,43.1542],[141.3363,43.1543],[141.3362,43.1545],[141.3362,43.1546],[141.3363,43.1547],[141.3365,43.1548],[141.3367,43.1548],[141.3369,43.1549],[141.3371,43.1548],[141.3373,43.1548],[141.338,43.1546],[141.3383,43.1545],[141.3384,43.1544],[141.3386,43.1544],[141.3388,43.1545],[141.3391,43.1546],[141.3392,43.1547],[141.3393,43.1547],[141.3393,43.1548],[141.3393,43.1548],[141.3394,43.155],[141.3395,43.1551],[141.3397,43.1552],[141.3399,43.1552],[141.3401,43.1552],[141.3403,43.1552],[141.3403,43.1552],[141.3406,43.1552],[141.3409,43.1552],[141.341,43.1552],[141.3412,43.1553],[141.3414,43.1553],[141.3415,43.1553],[141.3417,43.1554],[141.3418,43.1555],[141.342,43.1556],[141.342,43.1556],[141.342,43.1557],[141.342,43.1559],[141.342,43.1559],[141.3419,43.156],[141.3418,43.1562],[141.3418,43.1563],[141.3418,43.1564],[141.3417,43.1564],[141.3417,43.1564],[141.3417,43.1564],[141.3415,43.1566],[141.3414,43.1568],[141.3412,43.1569],[141.3412,43.157],[141.3412,43.1571],[141.3412,43.1572],[141.3413,43.1573],[141.3413,43.1574],[141.3413,43.1574],[141.3415,43.1575],[141.3417,43.1575],[141.3417,43.1575],[141.3419,43.1575],[141.3422,43.1575],[141.3424,43.1574],[141.3426,43.1573],[141.3428,43.1573],[141.3428,43.1573],[141.3429,43.1573],[141.3432,43.1572],[141.3435,43.1572],[141.3435,43.1572],[141.3437,43.1572],[141.3439,43.1572],[141.344,43.1572],[141.344,43.1573],[141.344,43.1574],[141.344,43.1574],[141.344,43.1576],[141.344,43.158],[141.344,43.1581],[141.3439,43.1583],[141.3439,43.1583],[141.3437,43.1587],[141.3436,43.1589],[141.3434,43.1592],[141.3435,43.1594],[141.3436,43.1595],[141.3438,43.1597],[141.344,43.1599],[141.3441,43.1601],[141.3442,43.1603],[141.3443,43.1606],[141.3444,43.1608],[141.3445,43.1609],[141.3447,43.1609],[141.3452,43.1609],[141.3455,43.1609],[141.3457,43.1609],[141.3457,43.1609],[141.3458,43.1608],[141.3459,43.1607],[141.346,43.1606],[141.346,43.1605],[141.346,43.1602],[141.346,43.1602],[141.3459,43.1599],[141.3459,43.1598],[141.346,43.1597],[141.3461,43.1596],[141.3463,43.1595],[141.3465,43.1595],[141.3466,43.1594],[141.3468,43.1594],[141.347,43.1594],[141.347,43.1594],[141.3472,43.1594],[141.3474,43.1594],[141.3479,43.1595],[141.3483,43.1595],[141.3483,43.1595],[141.3484,43.1595],[141.3485,43.1595],[141.3488,43.1595],[141.3489,43.1596],[141.3489,43.1598],[141.349,43.1599],[141.349,43.16],[141.349,43.1601],[141.3489,43.1602],[141.3489,43.1604],[141.3489,43.1607],[141.3489,43.1607],[141.3489,43.1608],[141.3489,43.1609],[141.349,43.1611],[141.3491,43.1613],[141.3492,43.1615],[141.3495,43.1616],[141.3497,43.1617],[141.35,43.1619],[141.35,43.162],[141.3503,43.1622],[141.3504,43.1623],[141.3506,43.1623],[141.3507,43.1623],[141.3508,43.1623],[141.351,43.1624],[141.3513,43.1627],[141.3514,43.1628],[141.3518,43.163],[141.3521,43.1632],[141.3524,43.1634],[141.3528,43.1636],[141.3532,43.1637],[141.3533,43.1637],[141.3534,43.1637],[141.3533,43.1638],[141.353,43.1642],[141.3527,43.1646],[141.3522,43.1651],[141.352,43.1653],[141.3515,43.1657],[141.3514,43.1659],[141.3513,43.1662],[141.3512,43.1663],[141.3511,43.1665],[141.3511,43.1667],[141.351,43.1668],[141.3509,43.167],[141.351,43.1671],[141.351,43.1671],[141.3511,43.1672],[141.3515,43.1674],[141.3517,43.1676],[141.3519,43.1677],[141.352,43.1678],[141.3521,43.168],[141.3524,43.1682],[141.3525,43.1684],[141.353,43.1687],[141.3532,43.1689],[141.3535,43.1691],[141.3535,43.1692],[141.3537,43.1696],[141.3538,43.17],[141.3539,43.1703],[141.354,43.1706],[141.354,43.1707],[141.3542,43.1713],[141.3543,43.1716],[141.3545,43.1721],[141.3546,43.1724],[141.3547,43.1726],[141.3548,43.1727],[141.3552,43.1734],[141.3553,43.1735],[141.3554,43.1737],[141.3559,43.1742],[141.3559,43.1743],[141.3564,43.1747],[141.3567,43.175],[141.3567,43.175],[141.3571,43.1753],[141.3573,43.1755],[141.3576,43.1756],[141.358,43.1758],[141.3583,43.1759],[141.3584,43.176],[141.3587,43.176],[141.359,43.1761],[141.3592,43.1761],[141.3593,43.1761],[141.3603,43.1762],[141.3608,43.1763],[141.3614,43.1763],[141.3618,43.1764],[141.362,43.1764],[141.3623,43.1764],[141.3625,43.1764],[141.3629,43.1763],[141.3632,43.1762],[141.3637,43.1761],[141.3641,43.176],[141.3643,43.1759],[141.3648,43.1758],[141.3653,43.1755],[141.3658,43.1753],[141.3662,43.1752],[141.3666,43.175],[141.3667,43.175],[141.3671,43.1748],[141.3677,43.1745],[141.3683,43.1743],[141.3694,43.1739],[141.3699,43.1737],[141.3713,43.1731],[141.3717,43.1729],[141.3721,43.1727],[141.3726,43.1726],[141.373,43.1725],[141.3735,43.1723],[141.3742,43.1722],[141.3747,43.1721],[141.375,43.172],[141.3754,43.172],[141.3757,43.1719],[141.3761,43.1719],[141.3764,43.1718],[141.3767,43.1718],[141.3772,43.1718],[141.378,43.1717],[141.3785,43.1717],[141.3792,43.1717],[141.3798,43.1717],[141.3803,43.1717],[141.3808,43.1718],[141.3811,43.1718],[141.3814,43.1719],[141.3821,43.172],[141.3829,43.1721],[141.3833,43.1722],[141.3833,43.1722],[141.3836,43.1722],[141.3848,43.1724],[141.385,43.1724],[141.3853,43.1725],[141.3857,43.1727],[141.3857,43.1727],[141.3859,43.1728],[141.3861,43.1729],[141.3864,43.1729],[141.387,43.1731],[141.3874,43.1733],[141.3877,43.1734],[141.388,43.1735],[141.3884,43.1737],[141.3887,43.1739],[141.389,43.1741],[141.3893,43.1743],[141.3896,43.1746],[141.3899,43.1748],[141.39,43.175],[141.3903,43.1753],[141.3907,43.1758],[141.3909,43.176],[141.3911,43.1763],[141.3914,43.1767],[141.3914,43.1768],[141.3915,43.177],[141.3915,43.1772],[141.3917,43.1775],[141.3918,43.1778],[141.3922,43.1787],[141.3925,43.1792],[141.3928,43.1796],[141.393,43.1799],[141.3932,43.1803],[141.3934,43.1807],[141.3939,43.1814],[141.3942,43.1818],[141.3944,43.1821],[141.3946,43.1823],[141.3948,43.1825],[141.3952,43.1828],[141.3958,43.1833],[141.3958,43.1833],[141.396,43.1836],[141.3962,43.1837],[141.3966,43.184],[141.3972,43.1845],[141.398,43.1851],[141.3985,43.1855],[141.3987,43.1856],[141.399,43.1858],[141.3995,43.1863],[141.3999,43.1866],[141.4,43.1867],[141.4002,43.1868],[141.4005,43.1871],[141.4008,43.1874],[141.4012,43.1878],[141.4016,43.1881],[141.402,43.1884],[141.4023,43.1887],[141.4026,43.1889],[141.4028,43.189],[141.403,43.1891],[141.4034,43.1893],[141.4036,43.1894],[141.4039,43.1894],[141.404,43.1895],[141.4043,43.1895],[141.4051,43.1895],[141.4051,43.1895],[141.4053,43.1894],[141.4054,43.1894],[141.4056,43.1892],[141.4058,43.189],[141.406,43.1888],[141.4064,43.1884],[141.4065,43.1882],[141.407,43.1877],[141.4073,43.1875],[141.4074,43.1874],[141.4079,43.187],[141.4082,43.1867],[141.4083,43.1866],[141.4087,43.1862],[141.4089,43.1861],[141.409,43.186],[141.4091,43.1858],[141.4093,43.1856],[141.4093,43.1854],[141.4094,43.1852],[141.4094,43.1851],[141.4094,43.185],[141.4093,43.1849],[141.4092,43.1847],[141.4091,43.1846],[141.4088,43.1843],[141.4087,43.1842],[141.4086,43.1841],[141.4085,43.184],[141.4084,43.1839]]]}},{"type":"Feature","properties":{"code":"01103","id":"higashi","name":"東区"},"geometry":{"type":"Polygon","coordinates":[[[141.4471,43.1562],[141.4469,43.1559],[141.4469,43.1555],[141.4469,43.1553],[141.447,43.1551],[141.4471,43.1549],[141.4475,43.1544],[141.4478,43.1541],[141.4482,43.1537],[141.4486,43.1533],[141.4488,43.1528],[141.4489,43.1523],[141.449,43.152],[141.4493,43.1513],[141.4498,43.15],[141.4499,43.1497],[141.45,43.1495],[141.4504,43.1487],[141.4507,43.1479],[141.4509,43.1474],[141.4512,43.1465],[141.4516,43.1452],[141.4523,43.1432],[141.4529,43.1417],[141.4531,43.141],[141.4535,43.14],[141.4542,43.1377],[141.4544,43.137],[141.4547,43.1361],[141.4548,43.1356],[141.455,43.1347],[141.4552,43.1333],[141.4552,43.1331],[141.4553,43.1319],[141.4554,43.1314],[141.4554,43.1312],[141.4554,43.1299],[141.4554,43.129],[141.4553,43.1287],[141.4552,43.1268],[141.4549,43.125],[141.4549,43.1245],[141.4547,43.1234],[141.4544,43.1223],[141.4544,43.1222],[141.4541,43.1212],[141.4537,43.12],[141.4533,43.1191],[141.4524,43.1167],[141.4522,43.1162],[141.452,43.1156],[141.4518,43.1152],[141.4511,43.1136],[141.4509,43.1131],[141.4503,43.1116],[141.45,43.1109],[141.4495,43.1095],[141.4493,43.1092],[141.4489,43.1083],[141.4485,43.1074],[141.448,43.1063],[141.448,43.1063],[141.4474,43.1052],[141.4473,43.1051],[141.4473,43.1051],[141.447,43.1047],[141.4465,43.1038],[141.4463,43.1036],[141.4444,43.101],[141.4448,43.1008],[141.4457,43.1003],[141.4461,43.1001],[141.4462,43.1],[141.4476,43.0992],[141.45,43.0978],[141.4523,43.0965],[141.4538,43.0956],[141.4541,43.0954],[141.4566,43.0939],[141.4569,43.0937],[141.4572,43.0934],[141.4573,43.0934],[141.4572,43.0933],[141.4571,43.0933],[141.4569,43.0929],[141.4566,43.0927],[141.4564,43.0926],[141.456,43.0925],[141.4557,43.0923],[141.4555,43.0922],[141.4554,43.092],[141.4552,43.0919],[141.4549,43.0918],[141.4549,43.0918],[141.4548,43.0918],[141.4546,43.0917],[141.4542,43.0917],[141.454,43.0917],[141.4537,43.0916],[141.4532,43.0916],[141.4528,43.0916],[141.4525,43.0916],[141.4521,43.0915],[141.452,43.0915],[141.452,43.0915],[141.4516,43.0915],[141.4513,43.0915],[141.451,43.0915],[141.4505,43.0916],[141.4504,43.0916],[141.4503,43.0916],[141.45,43.0916],[141.4499,43.0916],[141.4498,43.0917],[141.4497,43.0917],[141.4494,43.0917],[141.4489,43.0918],[141.4486,43.0919],[141.448,43.0923],[141.448,43.0923],[141.4477,43.0925],[141.4475,43.0927],[141.4474,43.0927],[141.4474,43.0927],[141.4473,43.0927],[141.4471,43.0927],[141.447,43.0928],[141.4468,43.0928],[141.4463,43.0927],[141.4463,43.0927],[141.4462,43.0927],[141.446,43.0927],[141.446,43.0927],[141.4459,43.0928],[141.4458,43.0928],[141.4455,43.0929],[141.4452,43.0932],[141.4451,43.0933],[141.4447,43.0937],[141.4445,43.0939],[141.4444,43.094],[141.4441,43.0942],[141.4438,43.0944],[141.4431,43.0947],[141.4429,43.0947],[141.4428,43.0948],[141.4425,43.0949],[141.4423,43.095],[141.4422,43.095],[141.4419,43.0951],[141.4417,43.0951],[141.4416,43.0952],[141.4412,43.0951],[141.441,43.0951],[141.4405,43.095],[141.4396,43.0948],[141.4388,43.0946],[141.4386,43.0946],[141.4383,43.0945],[141.4382,43.0943],[141.438,43.0941],[141.4375,43.0934],[141.4371,43.0929],[141.4369,43.0927],[141.4367,43.0925],[141.4365,43.0924],[141.4361,43.0922],[141.4358,43.092],[141.4355,43.0919],[141.4353,43.0918],[141.4351,43.0917],[141.4349,43.0916],[141.4346,43.0914],[141.4344,43.0913],[141.4343,43.0911],[141.4342,43.091],[141.4342,43.0908],[141.434,43.0904],[141.434,43.0903],[141.4338,43.0896],[141.4337,43.0894],[141.4336,43.0892],[141.4333,43.089],[141.4332,43.0889],[141.4331,43.0888],[141.4325,43.0885],[141.4322,43.0883],[141.4318,43.0882],[141.4312,43.088],[141.4308,43.0879],[141.4306,43.0879],[141.4303,43.0879],[141.43,43.0879],[141.4297,43.0879],[141.4293,43.0879],[141.4283,43.088],[141.4269,43.0879],[141.4259,43.0878],[141.4252,43.0877],[141.425,43.0877],[141.4245,43.0876],[141.4242,43.0876],[141.4235,43.0874],[141.4232,43.0873],[141.4229,43.0872],[141.4226,43.0869],[141.4222,43.0866],[141.422,43.0864],[141.4219,43.0862],[141.4214,43.0858],[141.4213,43.0857],[141.4204,43.0852],[141.4201,43.085],[141.4194,43.0846],[141.4189,43.0842],[141.4187,43.0841],[141.4186,43.084],[141.4185,43.0839],[141.4183,43.0837],[141.4181,43.0835],[141.418,43.0833],[141.418,43.0833],[141.4179,43.0832],[141.4177,43.0831],[141.4177,43.083],[141.4176,43.0829],[141.4175,43.0828],[141.4175,43.0827],[141.4175,43.0825],[141.4174,43.0825],[141.4174,43.0824],[141.4174,43.0822],[141.4174,43.082],[141.4174,43.0817],[141.4174,43.0814],[141.4173,43.0811],[141.4172,43.0807],[141.417,43.0805],[141.4168,43.0803],[141.4167,43.0801],[141.4167,43.0801],[141.4164,43.08],[141.4162,43.0799],[141.4158,43.0797],[141.4154,43.0797],[141.4151,43.0796],[141.4148,43.0796],[141.4144,43.0796],[141.4141,43.0796],[141.4139,43.0796],[141.4135,43.0797],[141.4133,43.0797],[141.4133,43.0797],[141.4131,43.0797],[141.4127,43.0797],[141.4125,43.0796],[141.4123,43.0796],[141.4119,43.0794],[141.4115,43.0793],[141.4112,43.0791],[141.4108,43.0789],[141.4104,43.0788],[141.4101,43.0787],[141.4099,43.0786],[141.4096,43.0785],[141.4088,43.0783],[141.4084,43.0781],[141.4083,43.0781],[141.4081,43.078],[141.4077,43.0779],[141.4076,43.0778],[141.4066,43.0774],[141.4064,43.0773],[141.4053,43.0766],[141.4047,43.0762],[141.4043,43.0759],[141.404,43.0757],[141.4039,43.0753],[141.4037,43.075],[141.4034,43.0745],[141.4033,43.0741],[141.4029,43.0734],[141.4028,43.0731],[141.4027,43.0728],[141.4026,43.0726],[141.4024,43.0721],[141.4021,43.0718],[141.4019,43.0716],[141.4016,43.0715],[141.4015,43.0714],[141.4012,43.0713],[141.401,43.0711],[141.4007,43.0709],[141.4007,43.0709],[141.4005,43.0708],[141.4003,43.0707],[141.4,43.0706],[141.4,43.0705],[141.3992,43.0702],[141.399,43.0701],[141.3987,43.0699],[141.3973,43.0694],[141.397,43.0693],[141.3967,43.0693],[141.3967,43.0692],[141.3965,43.0692],[141.3961,43.0692],[141.3958,43.0692],[141.3954,43.0692],[141.3952,43.0692],[141.3949,43.0693],[141.3946,43.0694],[141.3943,43.0694],[141.3941,43.0695],[141.3938,43.0695],[141.3935,43.0696],[141.3931,43.0695],[141.3927,43.0695],[141.3923,43.0695],[141.3923,43.0695],[141.3918,43.0694],[141.3917,43.0694],[141.3915,43.0693],[141.3902,43.0688],[141.3902,43.0688],[141.3899,43.0687],[141.3896,43.0686],[141.3894,43.0687],[141.3893,43.0688],[141.3893,43.0688],[141.3892,43.0688],[141.3891,43.0689],[141.3888,43.069],[141.3887,43.0691],[141.3885,43.0692],[141.3882,43.0692],[141.388,43.0693],[141.3878,43.0694],[141.3871,43.0695],[141.3865,43.0695],[141.3863,43.0695],[141.3859,43.0695],[141.3848,43.0694],[141.3837,43.0693],[141.3833,43.0693],[141.3821,43.0692],[141.381,43.0691],[141.381,43.0691],[141.3797,43.069],[141.3792,43.0689],[141.3785,43.0688],[141.3775,43.0687],[141.3753,43.0685],[141.375,43.0685],[141.3737,43.0684],[141.3734,43.0684],[141.3733,43.0684],[141.3732,43.0684],[141.3723,43.0684],[141.3713,43.0684],[141.3703,43.0684],[141.3698,43.0684],[141.3696,43.0685],[141.3682,43.0685],[141.3671,43.0685],[141.3668,43.0685],[141.3667,43.0685],[141.3665,43.0684],[141.3663,43.0684],[141.3662,43.0684],[141.3662,43.0684],[141.3651,43.0685],[141.3637,43.0685],[141.3625,43.0685],[141.3613,43.0685],[141.3603,43.0685],[141.3601,43.0685],[141.3589,43.0686],[141.3587,43.0686],[141.3583,43.0686],[141.358,43.0686],[141.357,43.0686],[141.356,43.0686],[141.3554,43.0686],[141.3552,43.0686],[141.3551,43.0689],[141.3551,43.0691],[141.3549,43.0697],[141.3549,43.0699],[141.3547,43.0708],[141.3546,43.071],[141.3543,43.072],[141.3543,43.0721],[141.354,43.0731],[141.3537,43.0743],[141.3535,43.075],[141.3533,43.0759],[141.3532,43.0764],[141.3531,43.0765],[141.3531,43.0766],[141.3529,43.0772],[141.3528,43.0778],[141.3528,43.0778],[141.3527,43.0779],[141.3525,43.0787],[141.3524,43.0788],[141.3524,43.079],[141.3523,43.0791],[141.352,43.0799],[141.352,43.08],[141.352,43.08],[141.3519,43.0801],[141.3519,43.0802],[141.3515,43.081],[141.3515,43.0811],[141.3515,43.0811],[141.3515,43.0812],[141.3512,43.0816],[141.3512,43.0816],[141.3512,43.0816],[141.351,43.0821],[141.3509,43.0822],[141.3509,43.0822],[141.3509,43.0823],[141.3507,43.0826],[141.3507,43.0826],[141.3507,43.0827],[141.3506,43.0829],[141.3505,43.083],[141.3505,43.083],[141.3504,43.0831],[141.3504,43.0831],[141.3503,43.0833],[141.3503,43.0835],[141.3502,43.0837],[141.3501,43.0838],[141.3501,43.0839],[141.35,43.0842],[141.35,43.0843],[141.3499,43.0845],[141.3499,43.0846],[141.3498,43.0849],[141.3496,43.0855],[141.3495,43.0858],[141.3494,43.0861],[141.3494,43.0862],[141.3494,43.0864],[141.3494,43.0864],[141.3493,43.0865],[141.3491,43.0871],[141.349,43.0877],[141.3489,43.0878],[141.3485,43.0891],[141.3485,43.0892],[141.3483,43.0899],[141.3483,43.0899],[141.3483,43.09],[141.3481,43.0907],[141.3481,43.0908],[141.348,43.091],[141.3479,43.0915],[141.3478,43.0917],[141.3478,43.0917],[141.3474,43.0933],[141.3472,43.0941],[141.3472,43.0942],[141.3471,43.0943],[141.3471,43.0946],[141.347,43.0949],[141.347,43.0951],[141.3469,43.0953],[141.3465,43.0969],[141.3463,43.0977],[141.3462,43.0978],[141.3462,43.0981],[141.346,43.0985],[141.3459,43.0991],[141.3458,43.0995],[141.3457,43.0997],[141.3456,43.1],[141.3456,43.1002],[141.3456,43.1003],[141.3455,43.1006],[141.3454,43.1008],[141.3454,43.101],[141.3453,43.1012],[141.3453,43.1014],[141.3453,43.1015],[141.3452,43.1018],[141.3452,43.102],[141.3452,43.1022],[141.3451,43.1034],[141.3451,43.1034],[141.345,43.1043],[141.3449,43.1057],[141.3449,43.1059],[141.3448,43.1062],[141.3448,43.1063],[141.3448,43.1064],[141.3447,43.1066],[141.3445,43.1079],[141.3444,43.1081],[141.3444,43.1082],[141.3444,43.1083],[141.3444,43.1083],[141.3443,43.1091],[141.3442,43.1095],[141.3441,43.1096],[141.3441,43.1096],[141.3441,43.1097],[141.3441,43.1098],[141.344,43.11],[141.3439,43.1107],[141.3438,43.1114],[141.3438,43.1117],[141.3438,43.1119],[141.3439,43.1123],[141.3439,43.1125],[141.344,43.1129],[141.3441,43.1133],[141.3441,43.1135],[141.3441,43.1136],[141.3441,43.1136],[141.344,43.1142],[141.3439,43.1144],[141.3438,43.1147],[141.3437,43.1153],[141.3436,43.1157],[141.3436,43.1157],[141.3435,43.1159],[141.3434,43.1167],[141.3434,43.1168],[141.3433,43.1172],[141.3432,43.1179],[141.3432,43.1179],[141.3432,43.1182],[141.3433,43.1184],[141.3433,43.1186],[141.3437,43.12],[141.3437,43.1202],[141.3437,43.1203],[141.3437,43.1206],[141.3437,43.1208],[141.3437,43.121],[141.3437,43.121],[141.3438,43.1212],[141.3438,43.1215],[141.3439,43.1216],[141.3439,43.1218],[141.3439,43.1219],[141.344,43.122],[141.344,43.1222],[141.3441,43.1223],[141.3446,43.1225],[141.3451,43.1226],[141.346,43.1229],[141.3461,43.1229],[141.3465,43.123],[141.3484,43.1235],[141.3486,43.1236],[141.35,43.124],[141.3508,43.1242],[141.351,43.1242],[141.3527,43.1247],[141.353,43.1247],[141.3537,43.1248],[141.3539,43.1248],[141.3541,43.1249],[141.3542,43.1249],[141.3545,43.1249],[141.3547,43.1249],[141.355,43.125],[141.3555,43.1247],[141.3557,43.1246],[141.356,43.1248],[141.3562,43.1249],[141.3564,43.125],[141.3567,43.125],[141.3568,43.125],[141.3569,43.125],[141.3573,43.1249],[141.3576,43.1248],[141.3579,43.1247],[141.3581,43.1246],[141.3583,43.1245],[141.3583,43.1245],[141.3585,43.1244],[141.3587,43.1243],[141.3589,43.1242],[141.3591,43.124],[141.3593,43.124],[141.3594,43.1239],[141.3595,43.1238],[141.3597,43.1238],[141.3598,43.1238],[141.36,43.1238],[141.3601,43.1238],[141.3602,43.1239],[141.3603,43.124],[141.3604,43.1241],[141.3604,43.1242],[141.3605,43.1244],[141.3605,43.1245],[141.3605,43.1247],[141.3606,43.1247],[141.3607,43.1248],[141.3608,43.1248],[141.361,43.1248],[141.3611,43.1249],[141.361,43.125],[141.361,43.125],[141.3611,43.1252],[141.3613,43.1253],[141.3615,43.1253],[141.3616,43.1254],[141.3618,43.1254],[141.3616,43.1256],[141.3615,43.1257],[141.3615,43.1257],[141.3619,43.126],[141.3621,43.126],[141.3624,43.126],[141.3627,43.126],[141.3629,43.126],[141.3629,43.1259],[141.363,43.1259],[141.3631,43.1258],[141.3633,43.1257],[141.3634,43.1256],[141.3635,43.1255],[141.3636,43.1254],[141.3637,43.1254],[141.3639,43.1253],[141.3641,43.1251],[141.3642,43.1251],[141.3643,43.1251],[141.3644,43.1251],[141.3645,43.1252],[141.3646,43.1255],[141.3647,43.1257],[141.3648,43.1258],[141.365,43.126],[141.3652,43.1261],[141.3654,43.1263],[141.3657,43.1264],[141.366,43.1265],[141.3662,43.1266],[141.3666,43.1267],[141.3667,43.1267],[141.3669,43.1268],[141.3669,43.1268],[141.3671,43.1267],[141.3672,43.1267],[141.3673,43.1267],[141.3675,43.1266],[141.3675,43.1266],[141.3678,43.1266],[141.3681,43.1266],[141.3684,43.1266],[141.3689,43.1265],[141.369,43.1265],[141.3696,43.1265],[141.3702,43.1264],[141.3707,43.1264],[141.3709,43.1264],[141.3711,43.1264],[141.3713,43.1264],[141.3725,43.1264],[141.375,43.1263],[141.3773,43.1262],[141.3773,43.126],[141.3775,43.126],[141.3802,43.1259],[141.381,43.1259],[141.3822,43.1258],[141.3833,43.1258],[141.3835,43.1258],[141.3836,43.1258],[141.3843,43.1257],[141.3851,43.1257],[141.3853,43.1258],[141.3857,43.1259],[141.3864,43.1262],[141.3872,43.1264],[141.3872,43.1265],[141.3872,43.1266],[141.3872,43.1267],[141.3878,43.1272],[141.3881,43.1275],[141.3877,43.128],[141.3874,43.1283],[141.3871,43.1288],[141.3871,43.1288],[141.3872,43.1289],[141.3873,43.1289],[141.3874,43.129],[141.3876,43.129],[141.3884,43.1295],[141.3886,43.1296],[141.3899,43.1302],[141.3906,43.1306],[141.3917,43.1312],[141.3921,43.1314],[141.3924,43.1316],[141.3926,43.1317],[141.3927,43.1317],[141.3928,43.1318],[141.3928,43.1319],[141.3928,43.1319],[141.3934,43.1322],[141.3945,43.1328],[141.3947,43.1329],[141.3951,43.133],[141.3957,43.1333],[141.3967,43.1338],[141.3974,43.1342],[141.3978,43.1345],[141.3988,43.135],[141.3993,43.1352],[141.3996,43.1354],[141.3998,43.1355],[141.4,43.1356],[141.4019,43.1366],[141.4038,43.1376],[141.4039,43.1377],[141.4042,43.1378],[141.4046,43.138],[141.4046,43.138],[141.4047,43.138],[141.4047,43.1381],[141.4062,43.1366],[141.4064,43.1367],[141.4064,43.1367],[141.4065,43.1367],[141.4067,43.1368],[141.4073,43.1371],[141.4076,43.137],[141.4078,43.1369],[141.4082,43.1368],[141.4083,43.1367],[141.4086,43.1367],[141.4095,43.1378],[141.4104,43.1391],[141.4118,43.139],[141.4119,43.139],[141.4123,43.1389],[141.4127,43.1389],[141.4128,43.1389],[141.413,43.1386],[141.4132,43.1386],[141.4135,43.1387],[141.4141,43.1388],[141.4142,43.1397],[141.4142,43.1398],[141.4142,43.1398],[141.4142,43.14],[141.4144,43.1417],[141.4145,43.1422],[141.4149,43.1446],[141.4152,43.1447],[141.4165,43.1452],[141.4167,43.1453],[141.4172,43.1455],[141.4196,43.1464],[141.4215,43.1471],[141.425,43.1454],[141.4262,43.1449],[141.4276,43.1442],[141.4288,43.1438],[141.429,43.144],[141.4292,43.1442],[141.43,43.1455],[141.4326,43.1498],[141.4333,43.1495],[141.4336,43.1494],[141.4338,43.1496],[141.434,43.15],[141.4347,43.151],[141.4351,43.1517],[141.4341,43.1521],[141.434,43.1519],[141.4334,43.1521],[141.434,43.1532],[141.4338,43.1533],[141.4345,43.1551],[141.435,43.1563],[141.4353,43.1568],[141.4354,43.1569],[141.4354,43.1572],[141.4354,43.1573],[141.4356,43.1577],[141.436,43.1575],[141.4373,43.1568],[141.4384,43.1562],[141.4387,43.1561],[141.44,43.1579],[141.4401,43.158],[141.4404,43.1583],[141.4409,43.1591],[141.4411,43.1594],[141.4416,43.1601],[141.4388,43.1618],[141.4389,43.1619],[141.4397,43.1624],[141.4401,43.1626],[141.4404,43.1629],[141.4409,43.1632],[141.4417,43.1637],[141.4417,43.1637],[141.4426,43.1642],[141.4453,43.1658],[141.4455,43.1659],[141.4458,43.1661],[141.4459,43.1662],[141.4462,43.1663],[141.4469,43.1667],[141.447,43.1667],[141.4476,43.1669],[141.4479,43.167],[141.4481,43.167],[141.4483,43.167],[141.4485,43.1669],[141.4488,43.1668],[141.4488,43.1668],[141.449,43.1667],[141.449,43.1667],[141.4491,43.1666],[141.4493,43.1664],[141.4495,43.166],[141.4496,43.166],[141.4496,43.1656],[141.4496,43.1653],[141.4496,43.1652],[141.4496,43.1648],[141.4496,43.1646],[141.4496,43.1646],[141.4496,43.1645],[141.4496,43.1645],[141.4496,43.1643],[141.4495,43.1637],[141.4494,43.1628],[141.4494,43.1626],[141.4493,43.1625],[141.4491,43.1617],[141.4488,43.1604],[141.4486,43.1598],[141.4485,43.1591],[141.4485,43.1587],[141.4483,43.1583],[141.4482,43.1581],[141.4477,43.1574],[141.4475,43.157],[141.4474,43.1568],[141.4472,43.1565],[141.4471,43.1562]]]}},{"type":"Feature","properties":{"code":"01104","id":"shiroishi","name":"白石区"},"geometry":{"type":"Polygon","coordinates":[[[141.4624,43.1001],[141.4627,43.1001],[141.4629,43.1001],[141.4636,43.1001],[141.4638,43.1001],[141.4641,43.1001],[141.465,43.1001],[141.4654,43.1],[141.4657,43.1],[141.4657,43.1],[141.4659,43.0999],[141.466,43.0998],[141.4661,43.0997],[141.4661,43.0996],[141.4662,43.0994],[141.4662,43.0992],[141.4661,43.0989],[141.4662,43.0988],[141.4663,43.0986],[141.4663,43.0986],[141.4664,43.0984],[141.4667,43.0982],[141.4669,43.0979],[141.4673,43.0976],[141.4674,43.0976],[141.4674,43.0975],[141.4679,43.0972],[141.4681,43.097],[141.4683,43.097],[141.4687,43.0968],[141.4692,43.0966],[141.4693,43.0966],[141.4695,43.0964],[141.4698,43.0963],[141.47,43.0963],[141.4701,43.0963],[141.4704,43.0962],[141.4708,43.0962],[141.4718,43.0962],[141.4719,43.0962],[141.4724,43.0962],[141.4725,43.0962],[141.4728,43.0962],[141.473,43.0962],[141.4732,43.0961],[141.4733,43.0961],[141.4734,43.0961],[141.4735,43.0961],[141.4717,43.0937],[141.4716,43.0935],[141.4714,43.0934],[141.4702,43.0917],[141.47,43.0914],[141.47,43.0914],[141.4683,43.0891],[141.4667,43.0869],[141.4663,43.0864],[141.4659,43.0858],[141.4656,43.0853],[141.4648,43.0843],[141.4648,43.0843],[141.4644,43.0838],[141.4641,43.0833],[141.464,43.0831],[141.4638,43.0828],[141.4632,43.0821],[141.463,43.0818],[141.4628,43.0815],[141.4619,43.0803],[141.4611,43.0792],[141.4604,43.0783],[141.4603,43.078],[141.4594,43.0768],[141.4583,43.0754],[141.4583,43.0753],[141.458,43.075],[141.4568,43.0733],[141.4559,43.072],[141.4547,43.0704],[141.4546,43.0703],[141.4527,43.0677],[141.452,43.0667],[141.451,43.0654],[141.4507,43.065],[141.4506,43.0648],[141.4505,43.0647],[141.4505,43.0647],[141.4506,43.0647],[141.4507,43.0647],[141.45,43.0637],[141.4497,43.0633],[141.4494,43.0627],[141.4493,43.0625],[141.4492,43.0621],[141.4491,43.0613],[141.4489,43.0591],[141.4488,43.0583],[141.4486,43.0569],[141.4486,43.0562],[141.4486,43.0561],[141.4486,43.0561],[141.4487,43.0556],[141.4489,43.0548],[141.4489,43.0546],[141.449,43.0544],[141.4493,43.0536],[141.4497,43.0529],[141.4499,43.0525],[141.45,43.0524],[141.4509,43.051],[141.4514,43.0502],[141.4515,43.05],[141.4522,43.0491],[141.4529,43.0479],[141.4535,43.047],[141.4537,43.0468],[141.4539,43.0464],[141.4547,43.0452],[141.455,43.0447],[141.4551,43.0444],[141.4552,43.0441],[141.4553,43.0439],[141.4553,43.0437],[141.4553,43.0435],[141.4553,43.0432],[141.4553,43.0431],[141.4553,43.0429],[141.4558,43.0424],[141.4565,43.0417],[141.4566,43.0417],[141.4567,43.0415],[141.4569,43.0412],[141.4571,43.041],[141.4572,43.0406],[141.4573,43.0403],[141.4574,43.04],[141.4574,43.0398],[141.4574,43.0397],[141.4575,43.0394],[141.4576,43.0388],[141.4577,43.0378],[141.4577,43.0369],[141.4578,43.0361],[141.4578,43.0357],[141.4578,43.0355],[141.4576,43.0352],[141.4575,43.0349],[141.4574,43.0347],[141.4572,43.0341],[141.4571,43.034],[141.4568,43.0341],[141.4566,43.0341],[141.4564,43.0342],[141.4563,43.0344],[141.4562,43.0345],[141.4558,43.0345],[141.4554,43.0346],[141.4552,43.0346],[141.4543,43.0346],[141.4536,43.0346],[141.4536,43.0345],[141.4535,43.0345],[141.4529,43.0334],[141.4529,43.0333],[141.4527,43.0329],[141.4525,43.0325],[141.4524,43.0323],[141.4522,43.0321],[141.4514,43.0325],[141.4513,43.0326],[141.4511,43.0326],[141.451,43.0323],[141.4507,43.0319],[141.4501,43.0314],[141.45,43.0313],[141.4496,43.0311],[141.4496,43.031],[141.4494,43.0309],[141.4489,43.0308],[141.4478,43.0303],[141.4476,43.0302],[141.4471,43.03],[141.4468,43.0297],[141.4467,43.0297],[141.4465,43.0296],[141.4464,43.0295],[141.4463,43.0294],[141.4462,43.0293],[141.4458,43.029],[141.4456,43.0288],[141.4454,43.0286],[141.4451,43.0282],[141.4449,43.0279],[141.4448,43.0276],[141.4446,43.0271],[141.4445,43.0267],[141.4444,43.0263],[141.4443,43.0261],[141.4443,43.0257],[141.4443,43.0255],[141.4443,43.0251],[141.4443,43.025],[141.4442,43.0235],[141.4442,43.0232],[141.4441,43.0228],[141.444,43.0225],[141.4439,43.0223],[141.4437,43.0224],[141.4436,43.0224],[141.4435,43.0224],[141.4432,43.0225],[141.4417,43.0231],[141.4393,43.0241],[141.4379,43.0246],[141.4376,43.0247],[141.4375,43.0248],[141.4374,43.0248],[141.4372,43.0249],[141.4369,43.025],[141.4366,43.0251],[141.436,43.0253],[141.4359,43.0254],[141.4358,43.0254],[141.4355,43.0255],[141.4351,43.0257],[141.4351,43.0257],[141.4345,43.0259],[141.4343,43.026],[141.4341,43.0261],[141.4333,43.0264],[141.4331,43.0265],[141.4329,43.0265],[141.432,43.0269],[141.4317,43.027],[141.431,43.0273],[141.4308,43.0274],[141.43,43.0277],[141.4299,43.0278],[141.4298,43.0278],[141.4297,43.0279],[141.429,43.0281],[141.4286,43.0283],[141.4285,43.0283],[141.4284,43.0283],[141.4282,43.0284],[141.4281,43.0285],[141.4278,43.0286],[141.4272,43.0288],[141.4268,43.029],[141.4262,43.0292],[141.4257,43.0294],[141.4254,43.0295],[141.4253,43.0296],[141.4252,43.0296],[141.4251,43.0297],[141.425,43.0297],[141.425,43.0297],[141.4246,43.0298],[141.4241,43.03],[141.4239,43.0301],[141.4238,43.0302],[141.4237,43.0302],[141.4235,43.0303],[141.4234,43.0303],[141.4233,43.0303],[141.423,43.0304],[141.4229,43.0305],[141.4228,43.0305],[141.4226,43.0306],[141.4223,43.0307],[141.4218,43.0309],[141.4216,43.031],[141.4212,43.0311],[141.4211,43.0312],[141.4204,43.0314],[141.4202,43.0315],[141.42,43.0316],[141.4198,43.0317],[141.4195,43.0318],[141.4189,43.0321],[141.4183,43.0323],[141.4174,43.0326],[141.4173,43.0327],[141.4172,43.0327],[141.417,43.0328],[141.4167,43.0329],[141.4161,43.0331],[141.4156,43.0333],[141.4156,43.0333],[141.4147,43.0337],[141.4146,43.0337],[141.4145,43.0338],[141.4126,43.0345],[141.4124,43.0346],[141.4124,43.0346],[141.412,43.0348],[141.4109,43.0352],[141.4108,43.0353],[141.4103,43.0355],[141.4101,43.0356],[141.409,43.036],[141.4089,43.036],[141.4086,43.0361],[141.4083,43.0362],[141.4079,43.0364],[141.4079,43.0364],[141.4073,43.0367],[141.4068,43.0369],[141.406,43.0372],[141.4049,43.0376],[141.4049,43.0376],[141.4048,43.0376],[141.4046,43.0377],[141.4036,43.0381],[141.4028,43.0383],[141.402,43.0386],[141.4018,43.0387],[141.4008,43.039],[141.4004,43.0392],[141.4001,43.0394],[141.4001,43.0394],[141.4,43.0394],[141.3996,43.0396],[141.3988,43.0399],[141.3987,43.0399],[141.3986,43.04],[141.3979,43.0402],[141.3979,43.0403],[141.3974,43.0404],[141.3966,43.0408],[141.3957,43.0411],[141.3954,43.0413],[141.3953,43.0413],[141.3952,43.0414],[141.3949,43.0415],[141.3947,43.0416],[141.3947,43.0416],[141.3946,43.0417],[141.3945,43.0418],[141.3935,43.0424],[141.3934,43.0424],[141.3932,43.0426],[141.3928,43.0428],[141.3926,43.0429],[141.3923,43.0431],[141.3922,43.0431],[141.3917,43.0434],[141.3914,43.0436],[141.3913,43.0436],[141.3913,43.0437],[141.3912,43.0437],[141.391,43.0438],[141.3909,43.0439],[141.3907,43.044],[141.3906,43.0441],[141.3906,43.0441],[141.3904,43.0442],[141.3902,43.0443],[141.39,43.0444],[141.3897,43.0446],[141.3893,43.0449],[141.389,43.0451],[141.3888,43.0452],[141.3886,43.0453],[141.3882,43.0454],[141.388,43.0454],[141.388,43.0454],[141.3878,43.0455],[141.3874,43.0456],[141.3875,43.0459],[141.3874,43.046],[141.387,43.0463],[141.3869,43.0464],[141.3868,43.0464],[141.3865,43.0466],[141.3863,43.0467],[141.3856,43.0472],[141.3854,43.0471],[141.3854,43.0471],[141.385,43.0468],[141.3848,43.0466],[141.3846,43.0467],[141.3833,43.0475],[141.3832,43.0476],[141.3831,43.0476],[141.3829,43.0478],[141.3823,43.0481],[141.3823,43.0482],[141.3822,43.0482],[141.3821,43.0483],[141.382,43.0483],[141.3819,43.0484],[141.3818,43.0485],[141.3816,43.0486],[141.3815,43.0486],[141.3813,43.0487],[141.3812,43.0488],[141.3811,43.0489],[141.3809,43.049],[141.3808,43.0491],[141.3806,43.0492],[141.3801,43.0495],[141.3797,43.0497],[141.3792,43.05],[141.379,43.0501],[141.3782,43.0507],[141.3779,43.0508],[141.3772,43.0513],[141.3769,43.0515],[141.3767,43.0516],[141.3757,43.0522],[141.3755,43.0524],[141.3754,43.0524],[141.3753,43.0525],[141.3752,43.0526],[141.375,43.0527],[141.3747,43.0529],[141.3745,43.0529],[141.3745,43.053],[141.3741,43.0532],[141.3741,43.0532],[141.3736,43.0535],[141.3735,43.0536],[141.3734,43.0536],[141.3733,43.0537],[141.3733,43.0537],[141.3728,43.054],[141.3726,43.0542],[141.3721,43.0545],[141.372,43.0545],[141.3718,43.0546],[141.3717,43.0547],[141.3717,43.0547],[141.3713,43.0549],[141.3712,43.055],[141.3709,43.0552],[141.3704,43.0555],[141.3702,43.0556],[141.3702,43.0556],[141.3701,43.0557],[141.3699,43.0558],[141.3699,43.0558],[141.3698,43.0559],[141.3697,43.0559],[141.3694,43.0561],[141.3693,43.0562],[141.3692,43.0562],[141.3691,43.0563],[141.3688,43.0565],[141.3685,43.0567],[141.368,43.057],[141.3679,43.0571],[141.3678,43.0572],[141.3677,43.0573],[141.3675,43.0574],[141.3672,43.0576],[141.3671,43.0576],[141.3667,43.0578],[141.3667,43.0578],[141.3664,43.058],[141.3666,43.0582],[141.3667,43.0583],[141.3667,43.0583],[141.3667,43.0583],[141.3669,43.0586],[141.3669,43.0586],[141.3672,43.059],[141.3675,43.0593],[141.3676,43.0595],[141.3677,43.0597],[141.3678,43.06],[141.3681,43.0604],[141.3681,43.0604],[141.3685,43.0608],[141.3689,43.0614],[141.369,43.0615],[141.3693,43.0616],[141.3694,43.0616],[141.3697,43.0617],[141.37,43.0618],[141.3703,43.0619],[141.3708,43.0622],[141.3711,43.0623],[141.3713,43.0624],[141.3715,43.0625],[141.3724,43.0629],[141.3727,43.063],[141.3731,43.0632],[141.3744,43.0636],[141.3745,43.0636],[141.375,43.0638],[141.3753,43.0639],[141.3755,43.064],[141.3778,43.0646],[141.3795,43.0651],[141.3796,43.0651],[141.3801,43.0653],[141.381,43.0656],[141.3831,43.0661],[141.3833,43.0662],[141.3842,43.0664],[141.385,43.0667],[141.386,43.0669],[141.387,43.0672],[141.3874,43.0674],[141.3876,43.0674],[141.3879,43.0676],[141.3879,43.0676],[141.3881,43.0677],[141.3886,43.068],[141.3892,43.0684],[141.3896,43.0686],[141.3899,43.0687],[141.3902,43.0688],[141.3902,43.0688],[141.3915,43.0693],[141.3917,43.0694],[141.3918,43.0694],[141.3923,43.0695],[141.3923,43.0695],[141.3927,43.0695],[141.3931,43.0695],[141.3935,43.0696],[141.3938,43.0695],[141.3941,43.0695],[141.3943,43.0694],[141.3946,43.0694],[141.3949,43.0693],[141.3952,43.0692],[141.3954,43.0692],[141.3958,43.0692],[141.3961,43.0692],[141.3965,43.0692],[141.3967,43.0692],[141.3967,43.0693],[141.397,43.0693],[141.3973,43.0694],[141.3987,43.0699],[141.399,43.0701],[141.3992,43.0702],[141.4,43.0705],[141.4,43.0706],[141.4003,43.0707],[141.4005,43.0708],[141.4007,43.0709],[141.4007,43.0709],[141.401,43.0711],[141.4012,43.0713],[141.4015,43.0714],[141.4016,43.0715],[141.4019,43.0716],[141.4021,43.0718],[141.4024,43.0721],[141.4026,43.0726],[141.4027,43.0728],[141.4028,43.0731],[141.4029,43.0734],[141.4033,43.0741],[141.4034,43.0745],[141.4037,43.075],[141.4039,43.0753],[141.404,43.0757],[141.4043,43.0759],[141.4047,43.0762],[141.4053,43.0766],[141.4064,43.0773],[141.4066,43.0774],[141.4076,43.0778],[141.4077,43.0779],[141.4081,43.078],[141.4083,43.0781],[141.4084,43.0781],[141.4088,43.0783],[141.4096,43.0785],[141.4099,43.0786],[141.4101,43.0787],[141.4104,43.0788],[141.4108,43.0789],[141.4112,43.0791],[141.4115,43.0793],[141.4119,43.0794],[141.4123,43.0796],[141.4125,43.0796],[141.4127,43.0797],[141.4131,43.0797],[141.4133,43.0797],[141.4133,43.0797],[141.4135,43.0797],[141.4139,43.0796],[141.4141,43.0796],[141.4144,43.0796],[141.4148,43.0796],[141.4151,43.0796],[141.4154,43.0797],[141.4158,43.0797],[141.4162,43.0799],[141.4164,43.08],[141.4167,43.0801],[141.4167,43.0801],[141.4168,43.0803],[141.417,43.0805],[141.4172,43.0807],[141.4173,43.0811],[141.4174,43.0814],[141.4174,43.0817],[141.4174,43.082],[141.4174,43.0822],[141.4174,43.0824],[141.4174,43.0825],[141.4175,43.0825],[141.4175,43.0827],[141.4175,43.0828],[141.4176,43.0829],[141.4177,43.083],[141.4177,43.0831],[141.4179,43.0832],[141.418,43.0833],[141.418,43.0833],[141.4181,43.0835],[141.4183,43.0837],[141.4185,43.0839],[141.4186,43.084],[141.4187,43.0841],[141.4189,43.0842],[141.4194,43.0846],[141.4201,43.085],[141.4204,43.0852],[141.4213,43.0857],[141.4214,43.0858],[141.4219,43.0862],[141.422,43.0864],[141.4222,43.0866],[141.4226,43.0869],[141.4229,43.0872],[141.4232,43.0873],[141.4235,43.0874],[141.4242,43.0876],[141.4245,43.0876],[141.425,43.0877],[141.4252,43.0877],[141.4259,43.0878],[141.4269,43.0879],[141.4283,43.088],[141.4293,43.0879],[141.4297,43.0879],[141.43,43.0879],[141.4303,43.0879],[141.4306,43.0879],[141.4308,43.0879],[141.4312,43.088],[141.4318,43.0882],[141.4322,43.0883],[141.4325,43.0885],[141.4331,43.0888],[141.4332,43.0889],[141.4333,43.089],[141.4336,43.0892],[141.4337,43.0894],[141.4338,43.0896],[141.434,43.0903],[141.434,43.0904],[141.4342,43.0908],[141.4342,43.091],[141.4343,43.0911],[141.4344,43.0913],[141.4346,43.0914],[141.4349,43.0916],[141.4351,43.0917],[141.4353,43.0918],[141.4355,43.0919],[141.4358,43.092],[141.4361,43.0922],[141.4365,43.0924],[141.4367,43.0925],[141.4369,43.0927],[141.4371,43.0929],[141.4375,43.0934],[141.438,43.0941],[141.4382,43.0943],[141.4383,43.0945],[141.4386,43.0946],[141.4388,43.0946],[141.4396,43.0948],[141.4405,43.095],[141.441,43.0951],[141.4412,43.0951],[141.4416,43.0952],[141.4417,43.0951],[141.4419,43.0951],[141.4422,43.095],[141.4423,43.095],[141.4425,43.0949],[141.4428,43.0948],[141.4429,43.0947],[141.4431,43.0947],[141.4438,43.0944],[141.4441,43.0942],[141.4444,43.094],[141.4445,43.0939],[141.4447,43.0937],[141.4451,43.0933],[141.4452,43.0932],[141.4455,43.0929],[141.4458,43.0928],[141.4459,43.0928],[141.446,43.0927],[141.446,43.0927],[141.4462,43.0927],[141.4463,43.0927],[141.4463,43.0927],[141.4468,43.0928],[141.447,43.0928],[141.4471,43.0927],[141.4473,43.0927],[141.4474,43.0927],[141.4474,43.0927],[141.4475,43.0927],[141.4477,43.0925],[141.448,43.0923],[141.448,43.0923],[141.4486,43.0919],[141.4489,43.0918],[141.4494,43.0917],[141.4497,43.0917],[141.4498,43.0917],[141.4499,43.0916],[141.45,43.0916],[141.4503,43.0916],[141.4504,43.0916],[141.4505,43.0916],[141.451,43.0915],[141.4513,43.0915],[141.4516,43.0915],[141.452,43.0915],[141.452,43.0915],[141.4521,43.0915],[141.4525,43.0916],[141.4528,43.0916],[141.4532,43.0916],[141.4537,43.0916],[141.454,43.0917],[141.4542,43.0917],[141.4546,43.0917],[141.4548,43.0918],[141.4549,43.0918],[141.4549,43.0918],[141.4552,43.0919],[141.4554,43.092],[141.4555,43.0922],[141.4557,43.0923],[141.456,43.0925],[141.4564,43.0926],[141.4566,43.0927],[141.4569,43.0929],[141.4571,43.0933],[141.4572,43.0933],[141.4573,43.0934],[141.4576,43.0938],[141.458,43.0942],[141.4582,43.0944],[141.4582,43.0944],[141.4583,43.0946],[141.4584,43.0946],[141.4585,43.0947],[141.4586,43.0949],[141.4586,43.095],[141.4587,43.0952],[141.4588,43.0955],[141.4589,43.096],[141.4589,43.0963],[141.4589,43.0965],[141.4588,43.0968],[141.4588,43.0968],[141.4587,43.0971],[141.4588,43.0974],[141.4589,43.0975],[141.4589,43.0976],[141.459,43.0977],[141.4591,43.0979],[141.4592,43.0979],[141.4592,43.098],[141.4592,43.098],[141.4592,43.0981],[141.4592,43.0982],[141.4592,43.0983],[141.4592,43.0985],[141.4591,43.099],[141.459,43.0991],[141.4591,43.0993],[141.4591,43.0994],[141.4592,43.0995],[141.4594,43.0997],[141.4594,43.0997],[141.4597,43.0998],[141.4601,43.0999],[141.4603,43.1],[141.4605,43.1],[141.4606,43.1],[141.4612,43.1001],[141.4622,43.1001],[141.4624,43.1001]]]}},{"type":"Feature","properties":{"code":"01105","id":"toyohira","name":"豊平区"},"geometry":{"type":"Polygon","coordinates":[[[141.3846,43.0467],[141.3848,43.0466],[141.385,43.0468],[141.3854,43.0471],[141.3854,43.0471],[141.3856,43.0472],[141.3863,43.0467],[141.3865,43.0466],[141.3868,43.0464],[141.3869,43.0464],[141.387,43.0463],[141.3874,43.046],[141.3875,43.0459],[141.3874,43.0456],[141.3878,43.0455],[141.388,43.0454],[141.388,43.0454],[141.3882,43.0454],[141.3886,43.0453],[141.3888,43.0452],[141.389,43.0451],[141.3893,43.0449],[141.3897,43.0446],[141.39,43.0444],[141.3902,43.0443],[141.3904,43.0442],[141.3906,43.0441],[141.3906,43.0441],[141.3907,43.044],[141.3909,43.0439],[141.391,43.0438],[141.3912,43.0437],[141.3913,43.0437],[141.3913,43.0436],[141.3914,43.0436],[141.3917,43.0434],[141.3922,43.0431],[141.3923,43.0431],[141.3926,43.0429],[141.3928,43.0428],[141.3932,43.0426],[141.3934,43.0424],[141.3935,43.0424],[141.3945,43.0418],[141.3946,43.0417],[141.3947,43.0416],[141.3947,43.0416],[141.3949,43.0415],[141.3952,43.0414],[141.3953,43.0413],[141.3954,43.0413],[141.3957,43.0411],[141.3966,43.0408],[141.3974,43.0404],[141.3979,43.0403],[141.3979,43.0402],[141.3986,43.04],[141.3987,43.0399],[141.3988,43.0399],[141.3996,43.0396],[141.4,43.0394],[141.4001,43.0394],[141.4001,43.0394],[141.4004,43.0392],[141.4008,43.039],[141.4018,43.0387],[141.402,43.0386],[141.4028,43.0383],[141.4036,43.0381],[141.4046,43.0377],[141.4048,43.0376],[141.4049,43.0376],[141.4049,43.0376],[141.406,43.0372],[141.4068,43.0369],[141.4073,43.0367],[141.4079,43.0364],[141.4079,43.0364],[141.4083,43.0362],[141.4086,43.0361],[141.4089,43.036],[141.409,43.036],[141.4101,43.0356],[141.4103,43.0355],[141.4108,43.0353],[141.4109,43.0352],[141.412,43.0348],[141.4124,43.0346],[141.4124,43.0346],[141.4126,43.0345],[141.4145,43.0338],[141.4146,43.0337],[141.4147,43.0337],[141.4156,43.0333],[141.4156,43.0333],[141.4161,43.0331],[141.4167,43.0329],[141.417,43.0328],[141.4172,43.0327],[141.4173,43.0327],[141.4174,43.0326],[141.4183,43.0323],[141.4189,43.0321],[141.4195,43.0318],[141.4198,43.0317],[141.42,43.0316],[141.4202,43.0315],[141.4204,43.0314],[141.4211,43.0312],[141.4212,43.0311],[141.4216,43.031],[141.4218,43.0309],[141.4223,43.0307],[141.4226,43.0306],[141.4228,43.0305],[141.4229,43.0305],[141.423,43.0304],[141.4233,43.0303],[141.4234,43.0303],[141.4235,43.0303],[141.4237,43.0302],[141.4238,43.0302],[141.4239,43.0301],[141.4241,43.03],[141.4246,43.0298],[141.425,43.0297],[141.425,43.0297],[141.4251,43.0297],[141.4252,43.0296],[141.4253,43.0296],[141.4254,43.0295],[141.4257,43.0294],[141.4262,43.0292],[141.4268,43.029],[141.4272,43.0288],[141.4278,43.0286],[141.4281,43.0285],[141.4282,43.0284],[141.4284,43.0283],[141.4285,43.0283],[141.4286,43.0283],[141.429,43.0281],[141.4297,43.0279],[141.4298,43.0278],[141.4299,43.0278],[141.43,43.0277],[141.4308,43.0274],[141.431,43.0273],[141.4317,43.027],[141.432,43.0269],[141.4329,43.0265],[141.4331,43.0265],[141.4333,43.0264],[141.4341,43.0261],[141.434,43.0259],[141.4339,43.0257],[141.4337,43.0254],[141.4336,43.0252],[141.4336,43.0252],[141.4335,43.025],[141.4335,43.025],[141.4333,43.0249],[141.4333,43.0249],[141.4332,43.0248],[141.4331,43.0247],[141.4329,43.0246],[141.4326,43.0246],[141.4321,43.0245],[141.4318,43.0244],[141.4317,43.0244],[141.4314,43.0243],[141.4313,43.0243],[141.4311,43.0242],[141.4308,43.024],[141.4306,43.0238],[141.4303,43.0236],[141.4301,43.0234],[141.43,43.0232],[141.43,43.0231],[141.4296,43.0221],[141.4294,43.0215],[141.4293,43.0213],[141.4292,43.0208],[141.4291,43.0205],[141.4291,43.0202],[141.4291,43.0202],[141.4292,43.02],[141.4295,43.0198],[141.4296,43.0197],[141.4297,43.0196],[141.4296,43.0191],[141.4294,43.0185],[141.4293,43.0183],[141.4292,43.0179],[141.4291,43.0177],[141.4289,43.0175],[141.4287,43.0174],[141.4286,43.0173],[141.4286,43.0172],[141.4285,43.017],[141.4285,43.0168],[141.4285,43.0167],[141.4285,43.0166],[141.4286,43.0165],[141.4289,43.016],[141.4289,43.0158],[141.4289,43.0158],[141.4288,43.0156],[141.4287,43.0154],[141.4285,43.0152],[141.4284,43.015],[141.4283,43.0148],[141.4283,43.0147],[141.4282,43.0146],[141.4282,43.0144],[141.4282,43.0144],[141.4281,43.0139],[141.428,43.0139],[141.4278,43.0138],[141.4277,43.0137],[141.4274,43.0136],[141.4271,43.0134],[141.427,43.0133],[141.4268,43.013],[141.4267,43.0128],[141.4265,43.0127],[141.4262,43.0125],[141.4252,43.0118],[141.425,43.0117],[141.4244,43.0112],[141.4242,43.0111],[141.424,43.0109],[141.4238,43.0105],[141.4235,43.01],[141.4234,43.0099],[141.4233,43.0096],[141.4233,43.0096],[141.4234,43.0096],[141.4243,43.0091],[141.425,43.0086],[141.4255,43.0083],[141.4258,43.0082],[141.4259,43.0081],[141.428,43.0068],[141.4263,43.0046],[141.426,43.0043],[141.425,43.0031],[141.4245,43.0025],[141.4242,43.0021],[141.4231,43.0007],[141.4225,43],[141.422,42.9994],[141.4213,42.9986],[141.4195,42.9966],[141.4194,42.9966],[141.4185,42.996],[141.4167,42.9948],[141.4162,42.9945],[141.4167,42.9934],[141.4175,42.9917],[141.4178,42.9909],[141.4168,42.99],[141.4167,42.9898],[141.4164,42.9896],[141.4159,42.989],[141.4156,42.9888],[141.4147,42.988],[141.4132,42.9866],[141.4116,42.9852],[141.4102,42.9839],[141.4096,42.9833],[141.4083,42.9822],[141.4082,42.9821],[141.4073,42.9813],[141.4069,42.9809],[141.4083,42.9808],[141.4094,42.9808],[141.4123,42.9805],[141.4125,42.9804],[141.4155,42.979],[141.4166,42.9785],[141.4167,42.9785],[141.4177,42.978],[141.4198,42.977],[141.4227,42.9756],[141.4226,42.9754],[141.4226,42.9753],[141.4224,42.9752],[141.4223,42.9751],[141.4223,42.975],[141.4223,42.9749],[141.4222,42.9748],[141.4221,42.9748],[141.4219,42.9747],[141.4217,42.9746],[141.4214,42.9746],[141.4211,42.9746],[141.4209,42.9746],[141.4208,42.9746],[141.4207,42.9746],[141.4207,42.9746],[141.4206,42.9745],[141.4203,42.9744],[141.4202,42.9743],[141.4198,42.9743],[141.4197,42.9743],[141.4195,42.9743],[141.4194,42.9743],[141.4192,42.9742],[141.4191,42.9742],[141.419,42.9741],[141.4188,42.9741],[141.4185,42.9742],[141.4179,42.9742],[141.4176,42.9742],[141.4174,42.9743],[141.4172,42.9744],[141.417,42.9744],[141.4169,42.9745],[141.4167,42.9746],[141.4167,42.9746],[141.4164,42.9747],[141.4163,42.9747],[141.4162,42.9747],[141.416,42.9747],[141.4158,42.9747],[141.4156,42.9746],[141.4154,42.9745],[141.4152,42.9743],[141.415,42.9743],[141.4148,42.9743],[141.4146,42.9743],[141.4143,42.9742],[141.414,42.9742],[141.4137,42.9741],[141.4135,42.9741],[141.4132,42.974],[141.4131,42.9739],[141.4128,42.9739],[141.4126,42.9738],[141.4124,42.9738],[141.4122,42.9737],[141.412,42.9737],[141.4119,42.9736],[141.4119,42.9736],[141.412,42.9734],[141.4121,42.9732],[141.4122,42.973],[141.4122,42.9728],[141.4122,42.9726],[141.4121,42.9724],[141.4121,42.9723],[141.4121,42.9722],[141.412,42.9721],[141.4119,42.9721],[141.4117,42.9721],[141.4115,42.9722],[141.4113,42.9723],[141.4111,42.9723],[141.4109,42.9724],[141.4106,42.9724],[141.4105,42.9725],[141.4103,42.9725],[141.4101,42.9726],[141.41,42.9726],[141.4098,42.9723],[141.4096,42.9721],[141.4094,42.972],[141.4093,42.9719],[141.4091,42.9718],[141.4089,42.9718],[141.4087,42.9717],[141.4086,42.9717],[141.4085,42.9717],[141.4083,42.9717],[141.4081,42.9717],[141.4079,42.9717],[141.4077,42.9717],[141.4075,42.9716],[141.4073,42.9715],[141.4071,42.9713],[141.4069,42.9712],[141.4064,42.9708],[141.4062,42.9705],[141.4058,42.9701],[141.4054,42.9696],[141.4052,42.9694],[141.405,42.9693],[141.4048,42.9692],[141.4047,42.9692],[141.4045,42.9692],[141.4044,42.9692],[141.4043,42.9692],[141.4042,42.9692],[141.4039,42.9692],[141.4038,42.9692],[141.4037,42.9691],[141.4036,42.969],[141.4035,42.9689],[141.4035,42.9688],[141.4034,42.9687],[141.4034,42.9686],[141.4033,42.9685],[141.4032,42.9684],[141.4031,42.9683],[141.4029,42.9683],[141.4026,42.9682],[141.4023,42.9681],[141.4021,42.968],[141.4019,42.968],[141.4017,42.9678],[141.4016,42.9677],[141.4015,42.9676],[141.4014,42.9675],[141.4014,42.9673],[141.4013,42.9672],[141.4012,42.9671],[141.4011,42.967],[141.4009,42.9669],[141.4007,42.9668],[141.4005,42.9667],[141.4005,42.9667],[141.4003,42.9665],[141.4002,42.9664],[141.4,42.9664],[141.3999,42.9664],[141.3997,42.9664],[141.3994,42.9665],[141.3992,42.9665],[141.3991,42.9665],[141.399,42.9665],[141.3989,42.9665],[141.3988,42.9664],[141.3989,42.9663],[141.3989,42.9662],[141.399,42.9661],[141.3991,42.966],[141.3992,42.9658],[141.3992,42.9657],[141.3991,42.9656],[141.399,42.9656],[141.3987,42.9656],[141.3986,42.9656],[141.3985,42.9656],[141.3984,42.9655],[141.3984,42.9654],[141.3984,42.9654],[141.3984,42.9652],[141.3985,42.965],[141.3986,42.9649],[141.3987,42.9647],[141.3987,42.9645],[141.3987,42.9643],[141.3987,42.9643],[141.3986,42.9642],[141.3985,42.9642],[141.3984,42.9641],[141.3981,42.9641],[141.3978,42.9641],[141.3976,42.9642],[141.3974,42.9642],[141.3972,42.9641],[141.3971,42.9641],[141.3971,42.9641],[141.397,42.9641],[141.3969,42.964],[141.3968,42.9639],[141.3969,42.9638],[141.3969,42.9637],[141.397,42.9637],[141.3973,42.9635],[141.3973,42.9635],[141.3973,42.9634],[141.3973,42.9634],[141.3972,42.9632],[141.3969,42.9632],[141.3964,42.9633],[141.3961,42.9633],[141.3959,42.9633],[141.3958,42.9632],[141.3958,42.9631],[141.3958,42.9629],[141.3958,42.9628],[141.3957,42.9626],[141.3956,42.9622],[141.3957,42.9616],[141.3957,42.9613],[141.3957,42.9611],[141.3958,42.9608],[141.3959,42.9604],[141.3959,42.9602],[141.3959,42.9601],[141.3958,42.96],[141.3957,42.9598],[141.3957,42.9597],[141.3956,42.9596],[141.3954,42.9593],[141.3953,42.9591],[141.3952,42.959],[141.3951,42.9589],[141.3951,42.9589],[141.395,42.9588],[141.3949,42.9587],[141.3946,42.9587],[141.3944,42.9587],[141.3943,42.9586],[141.3942,42.9585],[141.3941,42.9584],[141.3941,42.9583],[141.3941,42.9583],[141.394,42.9582],[141.3939,42.958],[141.3936,42.9578],[141.3935,42.9576],[141.3933,42.9574],[141.3933,42.9574],[141.3933,42.9573],[141.3933,42.957],[141.3934,42.9569],[141.3934,42.9567],[141.3933,42.9567],[141.3932,42.9566],[141.3931,42.9566],[141.3929,42.9565],[141.3927,42.9565],[141.3926,42.9563],[141.3926,42.9561],[141.3924,42.956],[141.3921,42.9559],[141.3919,42.9557],[141.3919,42.9556],[141.3919,42.9553],[141.3917,42.9552],[141.3916,42.9552],[141.3914,42.9551],[141.3913,42.955],[141.3914,42.9548],[141.3914,42.9547],[141.3915,42.9546],[141.3914,42.9545],[141.3913,42.9545],[141.3912,42.9544],[141.3911,42.9544],[141.3909,42.9542],[141.3908,42.9541],[141.3904,42.9538],[141.3902,42.9537],[141.39,42.9537],[141.3897,42.9536],[141.3894,42.9534],[141.3892,42.9528],[141.3892,42.9526],[141.3892,42.9525],[141.3892,42.9523],[141.3892,42.9522],[141.3891,42.9521],[141.389,42.9519],[141.3889,42.9517],[141.3888,42.9515],[141.3887,42.9511],[141.3888,42.9509],[141.3889,42.9507],[141.3889,42.9505],[141.389,42.9503],[141.389,42.9501],[141.389,42.95],[141.3891,42.9498],[141.3892,42.9496],[141.3893,42.9495],[141.3893,42.9494],[141.3893,42.9493],[141.3891,42.9491],[141.3889,42.9487],[141.3888,42.9483],[141.3887,42.9481],[141.3886,42.948],[141.3884,42.9478],[141.3884,42.9477],[141.3884,42.9475],[141.3885,42.9473],[141.3885,42.9472],[141.3885,42.947],[141.3884,42.9469],[141.3884,42.9468],[141.3883,42.9468],[141.3883,42.9467],[141.3883,42.9466],[141.3884,42.9465],[141.3884,42.9463],[141.3884,42.9461],[141.3884,42.946],[141.3885,42.9455],[141.3885,42.9453],[141.3885,42.945],[141.3885,42.9448],[141.3884,42.9445],[141.3884,42.9443],[141.3884,42.9443],[141.3884,42.9442],[141.3884,42.9441],[141.3884,42.944],[141.3883,42.9438],[141.3882,42.9436],[141.3882,42.9434],[141.3882,42.9433],[141.3884,42.9432],[141.3885,42.943],[141.3886,42.9429],[141.3886,42.9427],[141.3887,42.9426],[141.3887,42.9424],[141.3887,42.9422],[141.3886,42.942],[141.3886,42.9419],[141.3884,42.9417],[141.3883,42.9416],[141.3882,42.9414],[141.3881,42.9413],[141.3881,42.9412],[141.3881,42.941],[141.388,42.9408],[141.3879,42.9406],[141.3878,42.9404],[141.3877,42.9402],[141.3877,42.9401],[141.3877,42.94],[141.3878,42.9399],[141.3878,42.9397],[141.3876,42.9395],[141.3876,42.9394],[141.3875,42.9393],[141.3875,42.9391],[141.3874,42.9389],[141.3873,42.9388],[141.3873,42.9387],[141.3872,42.9385],[141.3872,42.9383],[141.3871,42.9381],[141.3871,42.9379],[141.3871,42.9377],[141.3871,42.9375],[141.387,42.9374],[141.3869,42.9372],[141.3869,42.9371],[141.3869,42.937],[141.3869,42.9368],[141.387,42.9366],[141.3871,42.9363],[141.3872,42.9361],[141.3874,42.9357],[141.3875,42.9354],[141.3875,42.9348],[141.3875,42.9346],[141.3874,42.9345],[141.3873,42.9344],[141.3872,42.9344],[141.3871,42.9343],[141.3871,42.9342],[141.3871,42.9341],[141.387,42.934],[141.3869,42.9338],[141.3865,42.9336],[141.3864,42.9337],[141.3863,42.9337],[141.3858,42.9336],[141.3857,42.9335],[141.3856,42.9335],[141.3855,42.9334],[141.3853,42.9334],[141.3848,42.9333],[141.3848,42.9333],[141.3845,42.9333],[141.3843,42.9333],[141.384,42.9332],[141.3838,42.9333],[141.3837,42.9333],[141.3836,42.9333],[141.3834,42.9334],[141.3833,42.9334],[141.3833,42.9334],[141.3832,42.9333],[141.3832,42.9333],[141.383,42.9332],[141.383,42.9332],[141.3827,42.9331],[141.3825,42.933],[141.3822,42.9329],[141.382,42.9329],[141.3818,42.9329],[141.3815,42.933],[141.3813,42.9332],[141.3812,42.9333],[141.3811,42.9334],[141.381,42.9334],[141.3808,42.9333],[141.3808,42.9333],[141.3806,42.9331],[141.3805,42.933],[141.3804,42.9329],[141.3801,42.9328],[141.3799,42.9328],[141.3796,42.9327],[141.3792,42.9327],[141.3789,42.9326],[141.3786,42.9326],[141.3781,42.9324],[141.3778,42.9324],[141.3776,42.9323],[141.3773,42.9321],[141.3769,42.9319],[141.3766,42.9318],[141.3762,42.9317],[141.3759,42.9316],[141.3755,42.9315],[141.375,42.9315],[141.3744,42.9315],[141.3742,42.9315],[141.3735,42.931],[141.3734,42.9309],[141.3732,42.9308],[141.3732,42.9308],[141.3728,42.9307],[141.3728,42.9307],[141.3724,42.9307],[141.3722,42.9306],[141.3717,42.9305],[141.3713,42.9304],[141.3709,42.9303],[141.3707,42.9302],[141.3704,42.9302],[141.3702,42.9302],[141.3701,42.9302],[141.3699,42.9301],[141.3697,42.9301],[141.3694,42.93],[141.3692,42.9298],[141.3688,42.9297],[141.3687,42.9296],[141.3686,42.9295],[141.3685,42.9293],[141.3685,42.9291],[141.3684,42.9289],[141.3682,42.9284],[141.368,42.9279],[141.3679,42.9278],[141.3678,42.9276],[141.3677,42.9275],[141.3676,42.9274],[141.3673,42.9273],[141.367,42.9272],[141.3669,42.9271],[141.3669,42.9272],[141.3669,42.9273],[141.3669,42.9274],[141.3669,42.9276],[141.3669,42.9277],[141.3669,42.9278],[141.3669,42.928],[141.367,42.9283],[141.367,42.9285],[141.367,42.9289],[141.3671,42.9293],[141.3672,42.9296],[141.3673,42.9298],[141.3675,42.93],[141.3677,42.9302],[141.3678,42.9304],[141.3679,42.9306],[141.3679,42.9306],[141.368,42.9308],[141.368,42.931],[141.368,42.9313],[141.3679,42.9314],[141.3679,42.9315],[141.368,42.9316],[141.3683,42.9319],[141.3685,42.9321],[141.3686,42.9322],[141.3686,42.9324],[141.3687,42.9326],[141.3687,42.9328],[141.3686,42.9333],[141.3686,42.9334],[141.3686,42.9336],[141.3685,42.9339],[141.3685,42.934],[141.3683,42.9345],[141.3682,42.935],[141.3681,42.9351],[141.3679,42.9352],[141.3673,42.9357],[141.3667,42.9361],[141.3666,42.9362],[141.3665,42.9362],[141.3663,42.9363],[141.3661,42.9364],[141.3659,42.9364],[141.3657,42.9365],[141.3655,42.9367],[141.3653,42.9369],[141.365,42.9371],[141.3649,42.9372],[141.3647,42.9373],[141.3646,42.9373],[141.3638,42.9372],[141.3636,42.9372],[141.3634,42.9372],[141.3633,42.9372],[141.3632,42.9372],[141.3632,42.9373],[141.3631,42.9374],[141.3631,42.9375],[141.3631,42.9377],[141.363,42.9379],[141.363,42.938],[141.363,42.9388],[141.363,42.939],[141.363,42.9391],[141.363,42.9393],[141.363,42.9394],[141.363,42.9395],[141.3632,42.9396],[141.3633,42.9397],[141.3634,42.9399],[141.3635,42.9401],[141.3636,42.9403],[141.3636,42.9405],[141.3637,42.9407],[141.3637,42.9409],[141.3637,42.9411],[141.3637,42.9412],[141.3637,42.9414],[141.3637,42.9415],[141.3638,42.9417],[141.3638,42.9417],[141.3639,42.9419],[141.3642,42.9423],[141.3644,42.9428],[141.3645,42.9431],[141.3646,42.9433],[141.3648,42.9437],[141.3649,42.9439],[141.3649,42.9441],[141.3649,42.9444],[141.3649,42.9447],[141.3649,42.945],[141.3649,42.9453],[141.3649,42.9454],[141.3649,42.9456],[141.3649,42.9458],[141.3651,42.9459],[141.3654,42.9462],[141.3655,42.9464],[141.3657,42.9465],[141.3658,42.9467],[141.3658,42.9468],[141.3658,42.947],[141.3658,42.9473],[141.3657,42.9479],[141.3656,42.948],[141.3656,42.9482],[141.3657,42.9485],[141.3657,42.9487],[141.3658,42.9493],[141.3658,42.9495],[141.3658,42.9497],[141.3658,42.9499],[141.3658,42.95],[141.3657,42.95],[141.3656,42.9502],[141.3655,42.9505],[141.3653,42.9508],[141.3652,42.9512],[141.365,42.9515],[141.3649,42.9518],[141.3648,42.952],[141.3647,42.9523],[141.3646,42.9525],[141.3646,42.9526],[141.3647,42.9527],[141.3649,42.953],[141.365,42.9533],[141.3651,42.9537],[141.3651,42.9538],[141.3651,42.9543],[141.3652,42.9552],[141.3652,42.9559],[141.3652,42.9561],[141.3651,42.9568],[141.3651,42.957],[141.365,42.9573],[141.365,42.9576],[141.3649,42.9579],[141.3648,42.9583],[141.3647,42.9585],[141.3646,42.9588],[141.3646,42.959],[141.3646,42.9592],[141.3646,42.9596],[141.3648,42.9602],[141.3649,42.9606],[141.365,42.961],[141.3651,42.9612],[141.3652,42.9615],[141.3654,42.9617],[141.3655,42.9618],[141.3657,42.9621],[141.366,42.9624],[141.366,42.9624],[141.3663,42.9627],[141.3667,42.963],[141.3667,42.9631],[141.3672,42.9635],[141.3675,42.9638],[141.3676,42.964],[141.3678,42.9641],[141.3679,42.9644],[141.3683,42.9653],[141.3684,42.9656],[141.3684,42.9657],[141.3683,42.9659],[141.3683,42.9661],[141.3681,42.9667],[141.368,42.9669],[141.3678,42.9675],[141.3678,42.9677],[141.3678,42.9678],[141.3678,42.9679],[141.3678,42.9682],[141.3678,42.9683],[141.3678,42.9684],[141.3676,42.9686],[141.3676,42.9688],[141.3675,42.9689],[141.3676,42.969],[141.3676,42.9691],[141.3677,42.9693],[141.3678,42.9697],[141.3679,42.9701],[141.368,42.9705],[141.368,42.9706],[141.368,42.9707],[141.368,42.9711],[141.3681,42.9717],[141.3681,42.9718],[141.3681,42.972],[141.368,42.9722],[141.368,42.9724],[141.368,42.9725],[141.3681,42.9727],[141.3683,42.9731],[141.3685,42.9736],[141.3686,42.9738],[141.3686,42.9741],[141.3687,42.9744],[141.3687,42.9747],[141.3687,42.975],[141.3687,42.9751],[141.3687,42.9754],[141.3688,42.976],[141.3688,42.9762],[141.3688,42.9762],[141.3688,42.9763],[141.3688,42.9765],[141.3688,42.9769],[141.3688,42.9772],[141.3688,42.9774],[141.3689,42.9777],[141.369,42.978],[141.3692,42.9781],[141.3693,42.9784],[141.3694,42.9785],[141.3695,42.9786],[141.3695,42.9788],[141.3696,42.979],[141.3696,42.9791],[141.3695,42.9793],[141.3695,42.9795],[141.3695,42.9795],[141.3694,42.9797],[141.3691,42.9803],[141.3691,42.9804],[141.3691,42.9806],[141.3691,42.9808],[141.3693,42.9812],[141.3693,42.9814],[141.3694,42.9815],[141.3693,42.9815],[141.3693,42.9816],[141.3691,42.9817],[141.3688,42.9819],[141.3687,42.982],[141.3687,42.9822],[141.3687,42.9824],[141.3687,42.9826],[141.3687,42.9828],[141.3688,42.983],[141.3688,42.9832],[141.3689,42.9832],[141.3689,42.9833],[141.3689,42.9834],[141.3689,42.9836],[141.3689,42.9839],[141.3689,42.9841],[141.3689,42.9844],[141.3689,42.9844],[141.3689,42.9845],[141.3689,42.9846],[141.3689,42.9847],[141.3688,42.985],[141.3688,42.9852],[141.3688,42.9854],[141.3687,42.9855],[141.3686,42.9855],[141.3684,42.9857],[141.3681,42.9858],[141.3681,42.9858],[141.368,42.9859],[141.368,42.986],[141.368,42.9863],[141.368,42.9865],[141.368,42.9871],[141.368,42.9874],[141.368,42.9879],[141.368,42.988],[141.368,42.9883],[141.3679,42.9884],[141.3679,42.9885],[141.3682,42.9888],[141.3686,42.9893],[141.3689,42.9897],[141.3692,42.99],[141.3694,42.9903],[141.3696,42.9905],[141.3698,42.9906],[141.3699,42.9907],[141.3701,42.9909],[141.3701,42.991],[141.3703,42.9912],[141.3705,42.9913],[141.3708,42.9914],[141.371,42.9915],[141.3713,42.9917],[141.3713,42.9917],[141.3717,42.9918],[141.3722,42.9918],[141.3725,42.9917],[141.3725,42.9916],[141.3728,42.9915],[141.3729,42.9917],[141.373,42.9918],[141.3732,42.9921],[141.3732,42.9922],[141.3733,42.9922],[141.3733,42.9926],[141.3733,42.9928],[141.3733,42.9932],[141.3733,42.9934],[141.3734,42.9936],[141.3734,42.9939],[141.3734,42.9941],[141.3734,42.9943],[141.3734,42.9945],[141.3734,42.9947],[141.3734,42.9957],[141.3736,42.9958],[141.3739,42.9962],[141.3742,42.9964],[141.3743,42.9966],[141.3745,42.9969],[141.3747,42.9974],[141.3749,42.9978],[141.375,42.998],[141.375,42.9981],[141.3751,42.9985],[141.3752,42.9986],[141.3752,42.9987],[141.3754,42.9991],[141.3755,42.9993],[141.3755,42.9996],[141.3755,43],[141.3755,43],[141.3755,43.0002],[141.3755,43.0005],[141.3755,43.0006],[141.3755,43.0009],[141.3755,43.0011],[141.3753,43.0016],[141.3753,43.0017],[141.3752,43.0019],[141.375,43.0023],[141.3749,43.0025],[141.3748,43.0028],[141.3747,43.0029],[141.3747,43.003],[141.3746,43.0033],[141.3744,43.004],[141.3743,43.004],[141.3743,43.0042],[141.3744,43.005],[141.3744,43.0052],[141.3745,43.0053],[141.3745,43.0053],[141.3747,43.0054],[141.3748,43.0059],[141.3749,43.0063],[141.375,43.0066],[141.375,43.0067],[141.3752,43.0071],[141.3753,43.0074],[141.3753,43.0075],[141.3753,43.008],[141.3753,43.0081],[141.3755,43.0083],[141.3755,43.0084],[141.3765,43.0095],[141.3767,43.0097],[141.377,43.01],[141.377,43.0101],[141.377,43.0104],[141.3771,43.0108],[141.3771,43.0112],[141.3771,43.0117],[141.3771,43.0121],[141.3772,43.0124],[141.3773,43.0126],[141.3773,43.0127],[141.3775,43.013],[141.3775,43.0131],[141.3775,43.0132],[141.3776,43.0133],[141.3778,43.0139],[141.3779,43.0141],[141.378,43.0142],[141.378,43.0144],[141.3778,43.0144],[141.3776,43.0144],[141.3765,43.0145],[141.3763,43.0146],[141.3759,43.0146],[141.3758,43.0146],[141.3753,43.0146],[141.3751,43.0146],[141.375,43.0146],[141.3749,43.0146],[141.3749,43.0146],[141.3745,43.0147],[141.3742,43.0147],[141.374,43.0147],[141.3735,43.0148],[141.3732,43.0148],[141.3731,43.0148],[141.3721,43.0149],[141.372,43.0151],[141.372,43.0153],[141.372,43.0163],[141.372,43.0167],[141.372,43.0173],[141.3719,43.0174],[141.3718,43.0176],[141.3713,43.0176],[141.3707,43.0176],[141.3707,43.018],[141.3707,43.019],[141.3698,43.019],[141.3696,43.019],[141.3687,43.0191],[141.3685,43.0191],[141.3684,43.0191],[141.3679,43.0191],[141.3677,43.0192],[141.3676,43.0192],[141.3674,43.0193],[141.3671,43.0193],[141.3669,43.0193],[141.3667,43.0193],[141.3667,43.0193],[141.3658,43.0194],[141.3648,43.0196],[141.3637,43.0196],[141.3632,43.0197],[141.3632,43.0197],[141.363,43.0197],[141.363,43.0197],[141.3628,43.0197],[141.3621,43.0198],[141.3619,43.0198],[141.362,43.0194],[141.3619,43.0193],[141.3618,43.0191],[141.3617,43.0192],[141.3616,43.0193],[141.3615,43.0194],[141.3611,43.0197],[141.3608,43.02],[141.3608,43.0201],[141.3606,43.0202],[141.3606,43.0202],[141.3604,43.0202],[141.3603,43.0201],[141.3603,43.02],[141.3603,43.0199],[141.3602,43.0198],[141.3601,43.0197],[141.3597,43.0193],[141.3592,43.0188],[141.3589,43.0185],[141.3587,43.0182],[141.3587,43.0182],[141.3587,43.0181],[141.3587,43.0179],[141.3587,43.0176],[141.3587,43.0175],[141.3589,43.0172],[141.359,43.0167],[141.359,43.0167],[141.359,43.0165],[141.359,43.0164],[141.3588,43.0162],[141.3587,43.016],[141.3587,43.0159],[141.3587,43.0157],[141.3587,43.0156],[141.3589,43.0151],[141.359,43.0148],[141.359,43.0147],[141.359,43.0145],[141.3589,43.0143],[141.3589,43.014],[141.3587,43.0137],[141.3583,43.0139],[141.3583,43.0139],[141.3577,43.0142],[141.3574,43.0142],[141.3569,43.0144],[141.3563,43.0146],[141.3562,43.0145],[141.3562,43.0145],[141.3561,43.0145],[141.3561,43.0144],[141.3561,43.0144],[141.3561,43.0144],[141.356,43.0143],[141.3559,43.0139],[141.3556,43.0132],[141.3553,43.0127],[141.3551,43.0127],[141.3548,43.0128],[141.3547,43.0127],[141.3546,43.0127],[141.3545,43.0127],[141.3544,43.0123],[141.3544,43.0121],[141.3542,43.0118],[141.3542,43.0118],[141.3537,43.0119],[141.3534,43.012],[141.3532,43.012],[141.3529,43.0121],[141.3527,43.0123],[141.3528,43.0124],[141.3529,43.0126],[141.353,43.0129],[141.353,43.013],[141.3531,43.0134],[141.3531,43.0136],[141.3531,43.0137],[141.3532,43.0139],[141.3532,43.0139],[141.3532,43.0142],[141.3532,43.0147],[141.3533,43.0149],[141.3533,43.0151],[141.3533,43.0153],[141.3532,43.0155],[141.3532,43.0155],[141.3532,43.0157],[141.3532,43.016],[141.3532,43.0165],[141.3532,43.0167],[141.3532,43.0169],[141.3532,43.017],[141.3531,43.0174],[141.3531,43.0177],[141.3531,43.0178],[141.3531,43.0179],[141.353,43.0181],[141.353,43.0181],[141.353,43.0184],[141.3529,43.0187],[141.3529,43.019],[141.3528,43.0194],[141.3527,43.0198],[141.3527,43.02],[141.3526,43.0203],[141.3526,43.0207],[141.3525,43.0213],[141.3526,43.0217],[141.3525,43.0219],[141.3525,43.0222],[141.3525,43.0224],[141.3525,43.0225],[141.3525,43.0226],[141.3524,43.0227],[141.3524,43.0227],[141.3524,43.0227],[141.3524,43.0229],[141.3525,43.0231],[141.3525,43.0232],[141.3526,43.0236],[141.3528,43.0241],[141.3529,43.0245],[141.3529,43.0247],[141.353,43.025],[141.3531,43.0253],[141.3532,43.0259],[141.3533,43.0266],[141.3535,43.027],[141.3537,43.0274],[141.3539,43.0277],[141.354,43.028],[141.3542,43.0283],[141.3545,43.0289],[141.3546,43.0291],[141.3549,43.0297],[141.355,43.03],[141.355,43.0302],[141.3551,43.0304],[141.3553,43.0309],[141.3554,43.0312],[141.3555,43.0315],[141.3555,43.0318],[141.3556,43.0329],[141.3557,43.0333],[141.3558,43.0345],[141.356,43.0353],[141.3561,43.0357],[141.3564,43.0365],[141.3566,43.0368],[141.3567,43.0372],[141.357,43.0376],[141.3571,43.0379],[141.3571,43.038],[141.3573,43.0383],[141.3576,43.0389],[141.3577,43.039],[141.3577,43.0391],[141.3578,43.0392],[141.3583,43.04],[141.3583,43.0401],[141.3585,43.0404],[141.3586,43.0405],[141.359,43.0412],[141.3593,43.0417],[141.3593,43.0417],[141.3595,43.0419],[141.3597,43.0424],[141.3599,43.0429],[141.36,43.0432],[141.3601,43.0436],[141.3601,43.044],[141.3601,43.0441],[141.3601,43.0445],[141.3601,43.0448],[141.3601,43.0453],[141.3601,43.0454],[141.3602,43.0456],[141.3602,43.0463],[141.3603,43.0468],[141.3605,43.0474],[141.3606,43.0478],[141.3611,43.0485],[141.3611,43.0487],[141.3615,43.0494],[141.3617,43.0499],[141.3618,43.05],[141.3619,43.0502],[141.362,43.0505],[141.3621,43.0508],[141.3622,43.0513],[141.3622,43.0514],[141.3623,43.0522],[141.3624,43.0525],[141.3625,43.0531],[141.3626,43.0535],[141.3627,43.0538],[141.3628,43.0539],[141.3629,43.0542],[141.363,43.0543],[141.3631,43.0545],[141.3635,43.0549],[141.3639,43.0554],[141.3641,43.0555],[141.3643,43.0557],[141.3649,43.0564],[141.3653,43.0567],[141.3656,43.0571],[141.3657,43.0572],[141.3661,43.0576],[141.3664,43.0579],[141.3664,43.058],[141.3667,43.0578],[141.3667,43.0578],[141.3671,43.0576],[141.3672,43.0576],[141.3675,43.0574],[141.3677,43.0573],[141.3678,43.0572],[141.3679,43.0571],[141.368,43.057],[141.3685,43.0567],[141.3688,43.0565],[141.3691,43.0563],[141.3692,43.0562],[141.3693,43.0562],[141.3694,43.0561],[141.3697,43.0559],[141.3698,43.0559],[141.3699,43.0558],[141.3699,43.0558],[141.3701,43.0557],[141.3702,43.0556],[141.3702,43.0556],[141.3704,43.0555],[141.3709,43.0552],[141.3712,43.055],[141.3713,43.0549],[141.3717,43.0547],[141.3717,43.0547],[141.3718,43.0546],[141.372,43.0545],[141.3721,43.0545],[141.3726,43.0542],[141.3728,43.054],[141.3733,43.0537],[141.3733,43.0537],[141.3734,43.0536],[141.3735,43.0536],[141.3736,43.0535],[141.3741,43.0532],[141.3741,43.0532],[141.3745,43.053],[141.3745,43.0529],[141.3747,43.0529],[141.375,43.0527],[141.3752,43.0526],[141.3753,43.0525],[141.3754,43.0524],[141.3755,43.0524],[141.3757,43.0522],[141.3767,43.0516],[141.3769,43.0515],[141.3772,43.0513],[141.3779,43.0508],[141.3782,43.0507],[141.379,43.0501],[141.3792,43.05],[141.3797,43.0497],[141.3801,43.0495],[141.3806,43.0492],[141.3808,43.0491],[141.3809,43.049],[141.3811,43.0489],[141.3812,43.0488],[141.3813,43.0487],[141.3815,43.0486],[141.3816,43.0486],[141.3818,43.0485],[141.3819,43.0484],[141.382,43.0483],[141.3821,43.0483],[141.3822,43.0482],[141.3823,43.0482],[141.3823,43.0481],[141.3829,43.0478],[141.3831,43.0476],[141.3832,43.0476],[141.3833,43.0475],[141.3846,43.0467]]]}},{"type":"Feature","properties":{"code":"01106","id":"minami","name":"南区"},"geometry":{"type":"Polygon","coordinates":[[[141.0983,43.1176],[141.0999,43.1167],[141.1,43.1166],[141.1002,43.1164],[141.1011,43.116],[141.1018,43.1156],[141.1022,43.1154],[141.1025,43.1154],[141.1028,43.1154],[141.1031,43.1155],[141.1033,43.1157],[141.1036,43.116],[141.1038,43.1162],[141.1039,43.1165],[141.104,43.1167],[141.1041,43.1169],[141.1041,43.1171],[141.1042,43.1175],[141.1043,43.1176],[141.1046,43.1183],[141.1048,43.1185],[141.1052,43.1188],[141.1057,43.119],[141.1063,43.1192],[141.1071,43.1193],[141.1082,43.1194],[141.1083,43.1194],[141.1085,43.1193],[141.1088,43.1192],[141.1091,43.119],[141.1094,43.1187],[141.1097,43.1181],[141.1103,43.1167],[141.1103,43.1167],[141.1105,43.1162],[141.1109,43.1154],[141.111,43.1152],[141.111,43.1152],[141.1113,43.1148],[141.1116,43.1143],[141.1117,43.1141],[141.1117,43.1141],[141.1118,43.114],[141.1119,43.1139],[141.1126,43.1139],[141.1133,43.1139],[141.114,43.1137],[141.1152,43.1135],[141.1158,43.1132],[141.1163,43.1129],[141.1167,43.1127],[141.1167,43.1127],[141.1173,43.1125],[141.1185,43.1122],[141.1193,43.1119],[141.12,43.1115],[141.1204,43.1112],[141.1206,43.111],[141.1212,43.1105],[141.1213,43.1104],[141.1219,43.1099],[141.1222,43.1097],[141.1228,43.1092],[141.123,43.1092],[141.1234,43.109],[141.1238,43.1088],[141.1242,43.1085],[141.1244,43.1084],[141.1244,43.1083],[141.1246,43.1081],[141.1248,43.1079],[141.125,43.1078],[141.125,43.1078],[141.1254,43.1077],[141.126,43.1076],[141.127,43.1074],[141.1279,43.1073],[141.1292,43.1072],[141.1297,43.1071],[141.1305,43.107],[141.1308,43.107],[141.1311,43.1071],[141.1313,43.1071],[141.1319,43.1069],[141.1332,43.1063],[141.1333,43.1062],[141.1338,43.1061],[141.134,43.1059],[141.134,43.1056],[141.1339,43.1051],[141.1336,43.1047],[141.1333,43.1043],[141.1333,43.1043],[141.133,43.1038],[141.1327,43.1033],[141.1324,43.1026],[141.1325,43.1017],[141.1329,43.1004],[141.1329,43.1002],[141.1329,43.1001],[141.133,43.1],[141.133,43.0999],[141.1331,43.0998],[141.1333,43.0993],[141.1333,43.0993],[141.1337,43.0984],[141.1337,43.098],[141.1335,43.0973],[141.1334,43.0966],[141.1334,43.0959],[141.1334,43.0957],[141.1335,43.0954],[141.1337,43.095],[141.1342,43.0945],[141.1347,43.094],[141.1349,43.0938],[141.1353,43.0936],[141.1357,43.0935],[141.136,43.0934],[141.1367,43.0934],[141.1376,43.0935],[141.1377,43.0935],[141.1386,43.0939],[141.1395,43.0942],[141.1403,43.0943],[141.1417,43.0946],[141.1421,43.0947],[141.1427,43.0948],[141.1434,43.0948],[141.1438,43.0947],[141.1442,43.0945],[141.1453,43.0937],[141.1458,43.0934],[141.146,43.0934],[141.1473,43.0932],[141.1479,43.0932],[141.149,43.093],[141.15,43.0929],[141.1506,43.0927],[141.1521,43.0925],[141.1526,43.0923],[141.1527,43.092],[141.1526,43.0917],[141.1525,43.0913],[141.1525,43.0911],[141.1524,43.0909],[141.1523,43.0906],[141.1522,43.0901],[141.1523,43.0899],[141.1523,43.0896],[141.1523,43.0895],[141.1522,43.0893],[141.152,43.089],[141.152,43.0886],[141.152,43.0884],[141.1525,43.0877],[141.1526,43.0876],[141.1529,43.0876],[141.1534,43.0871],[141.1538,43.0867],[141.154,43.0865],[141.1543,43.0863],[141.1549,43.0862],[141.1553,43.086],[141.1555,43.086],[141.1558,43.0859],[141.1561,43.0858],[141.1564,43.0855],[141.1567,43.0853],[141.157,43.0852],[141.1573,43.0852],[141.1576,43.0852],[141.1579,43.0853],[141.1582,43.0854],[141.1583,43.0854],[141.1586,43.0855],[141.1589,43.0856],[141.1593,43.0858],[141.1595,43.0859],[141.1599,43.086],[141.1602,43.086],[141.1607,43.086],[141.161,43.086],[141.1612,43.0859],[141.1615,43.0859],[141.1617,43.0859],[141.162,43.0859],[141.1625,43.086],[141.163,43.0862],[141.1632,43.0864],[141.1636,43.0867],[141.1637,43.0866],[141.1638,43.0864],[141.1639,43.086],[141.1641,43.0858],[141.1641,43.0855],[141.1642,43.0853],[141.1642,43.0851],[141.1643,43.0849],[141.1644,43.0846],[141.1647,43.084],[141.1649,43.0836],[141.165,43.0834],[141.1651,43.0833],[141.1652,43.083],[141.1653,43.0828],[141.1654,43.0826],[141.1655,43.0825],[141.1655,43.0824],[141.1655,43.0822],[141.1653,43.0821],[141.1652,43.0819],[141.1649,43.0816],[141.1646,43.0814],[141.1643,43.081],[141.164,43.0806],[141.1638,43.0804],[141.1635,43.0799],[141.1632,43.0795],[141.1629,43.0792],[141.1626,43.0788],[141.1625,43.0787],[141.1621,43.0782],[141.162,43.0781],[141.1618,43.0779],[141.1614,43.0774],[141.1614,43.0773],[141.1612,43.0771],[141.161,43.0768],[141.1609,43.0767],[141.1607,43.0764],[141.1605,43.0762],[141.1603,43.076],[141.1601,43.0758],[141.1599,43.0756],[141.1596,43.0753],[141.1593,43.075],[141.1593,43.075],[141.1589,43.0747],[141.1586,43.0744],[141.1585,43.0743],[141.1584,43.0742],[141.1583,43.0741],[141.1583,43.074],[141.1582,43.0738],[141.1579,43.0734],[141.1578,43.0732],[141.1577,43.073],[141.1575,43.0729],[141.1573,43.0727],[141.1571,43.0725],[141.157,43.0724],[141.1568,43.0723],[141.1566,43.0721],[141.1564,43.072],[141.1563,43.0718],[141.156,43.0716],[141.1557,43.0714],[141.1554,43.0712],[141.1551,43.071],[141.1548,43.0708],[141.1545,43.0707],[141.1543,43.0706],[141.1542,43.0705],[141.154,43.0704],[141.1538,43.0702],[141.1532,43.07],[141.153,43.0699],[141.1528,43.0697],[141.1526,43.0696],[141.1526,43.0694],[141.1526,43.0693],[141.1526,43.069],[141.1528,43.0688],[141.1529,43.0685],[141.153,43.0684],[141.1532,43.0682],[141.1534,43.0681],[141.1537,43.068],[141.154,43.0679],[141.1542,43.0678],[141.1544,43.0677],[141.1546,43.0675],[141.1549,43.0673],[141.1551,43.0672],[141.1553,43.067],[141.1557,43.0668],[141.1559,43.0668],[141.1563,43.0667],[141.1565,43.0666],[141.157,43.0665],[141.1575,43.0663],[141.1577,43.0662],[141.158,43.0661],[141.1582,43.0659],[141.1583,43.0658],[141.1584,43.0658],[141.1585,43.0656],[141.1587,43.0654],[141.1588,43.0652],[141.1589,43.065],[141.1591,43.0649],[141.1592,43.0647],[141.1594,43.0645],[141.1594,43.0643],[141.1595,43.0641],[141.1596,43.0639],[141.1596,43.0637],[141.1598,43.0635],[141.1598,43.0633],[141.1599,43.0632],[141.16,43.063],[141.1602,43.0626],[141.1604,43.0624],[141.1606,43.0623],[141.1607,43.062],[141.1608,43.0618],[141.1609,43.0617],[141.1609,43.0615],[141.1611,43.0611],[141.1612,43.0609],[141.1614,43.0608],[141.1618,43.0606],[141.162,43.0605],[141.1622,43.0604],[141.1629,43.0601],[141.1632,43.0599],[141.1638,43.0595],[141.1641,43.0594],[141.1643,43.0593],[141.1648,43.0591],[141.165,43.059],[141.1653,43.0589],[141.1659,43.0587],[141.1659,43.0587],[141.1661,43.0587],[141.1665,43.0586],[141.1667,43.0585],[141.1669,43.0584],[141.1669,43.0583],[141.1671,43.0583],[141.1675,43.0582],[141.1677,43.0581],[141.1679,43.058],[141.1681,43.0578],[141.1683,43.0577],[141.1688,43.0575],[141.1695,43.0573],[141.1698,43.0572],[141.1702,43.0571],[141.1705,43.0571],[141.1708,43.057],[141.1712,43.0568],[141.1718,43.0564],[141.1724,43.0562],[141.1728,43.056],[141.1733,43.0558],[141.1738,43.0555],[141.1743,43.0553],[141.1746,43.0552],[141.1747,43.0551],[141.1747,43.055],[141.1747,43.0545],[141.1747,43.0543],[141.1748,43.0542],[141.1749,43.0539],[141.175,43.0535],[141.1751,43.0532],[141.1751,43.0531],[141.1751,43.0529],[141.1751,43.0527],[141.175,43.0524],[141.175,43.0524],[141.1749,43.052],[141.1748,43.0518],[141.1747,43.0517],[141.1747,43.0517],[141.1748,43.0516],[141.175,43.0515],[141.1754,43.0513],[141.1756,43.0511],[141.1759,43.0511],[141.1761,43.0509],[141.1762,43.0509],[141.1763,43.0508],[141.1765,43.0507],[141.1766,43.0506],[141.1768,43.0506],[141.177,43.0504],[141.1772,43.0503],[141.1774,43.0501],[141.1776,43.05],[141.1777,43.0498],[141.178,43.0495],[141.1781,43.0493],[141.1783,43.0491],[141.1784,43.0488],[141.1784,43.0486],[141.1784,43.0483],[141.1784,43.0481],[141.1783,43.0479],[141.1781,43.0474],[141.178,43.0472],[141.1779,43.0469],[141.1779,43.0467],[141.1779,43.0466],[141.1778,43.0464],[141.1778,43.0463],[141.1779,43.0463],[141.1781,43.0462],[141.1783,43.0462],[141.1787,43.0463],[141.1791,43.0464],[141.1795,43.0465],[141.18,43.0466],[141.1806,43.0466],[141.181,43.0466],[141.1813,43.0465],[141.1815,43.0464],[141.1817,43.0461],[141.1819,43.0458],[141.1824,43.0453],[141.1825,43.0451],[141.1827,43.0447],[141.1828,43.0445],[141.1829,43.0444],[141.1831,43.0442],[141.1833,43.044],[141.1833,43.044],[141.1836,43.0439],[141.184,43.0438],[141.1844,43.0438],[141.1847,43.0438],[141.185,43.0438],[141.1854,43.0437],[141.1857,43.0436],[141.186,43.0434],[141.1864,43.0431],[141.1866,43.043],[141.1869,43.0428],[141.187,43.0426],[141.187,43.0425],[141.187,43.0424],[141.187,43.0423],[141.1869,43.0422],[141.1866,43.042],[141.1865,43.0418],[141.1865,43.0417],[141.1865,43.0417],[141.1865,43.0415],[141.1865,43.0414],[141.1866,43.0411],[141.1866,43.041],[141.1866,43.0409],[141.1865,43.0407],[141.1863,43.0405],[141.1863,43.0402],[141.1862,43.0399],[141.1861,43.0397],[141.1862,43.0396],[141.1862,43.0395],[141.1865,43.0393],[141.1868,43.0392],[141.1873,43.0388],[141.1873,43.0387],[141.1873,43.0386],[141.1873,43.0385],[141.1872,43.0384],[141.1871,43.0382],[141.1871,43.0381],[141.187,43.038],[141.1868,43.0376],[141.1866,43.0372],[141.1865,43.0371],[141.1863,43.037],[141.1857,43.0368],[141.1855,43.0367],[141.1853,43.0366],[141.1852,43.0364],[141.185,43.0363],[141.1848,43.0361],[141.1846,43.036],[141.1841,43.0359],[141.1839,43.0357],[141.1837,43.0356],[141.1833,43.0353],[141.1833,43.0353],[141.1831,43.0351],[141.183,43.035],[141.183,43.0349],[141.183,43.0348],[141.1831,43.0347],[141.1833,43.0345],[141.1833,43.0345],[141.1835,43.0344],[141.1837,43.0343],[141.1839,43.0342],[141.1841,43.0342],[141.1843,43.034],[141.1845,43.0338],[141.1847,43.0335],[141.1849,43.0333],[141.1851,43.0331],[141.1852,43.0329],[141.1853,43.0328],[141.1853,43.0326],[141.1854,43.0325],[141.1855,43.0323],[141.1856,43.0322],[141.1857,43.0321],[141.1861,43.032],[141.1864,43.0319],[141.187,43.0318],[141.1875,43.0317],[141.1878,43.0317],[141.188,43.0316],[141.1881,43.0314],[141.1882,43.0312],[141.1882,43.031],[141.1881,43.0306],[141.188,43.03],[141.1879,43.0298],[141.1879,43.0295],[141.1879,43.0294],[141.1879,43.0293],[141.188,43.029],[141.1881,43.0288],[141.1884,43.0284],[141.1885,43.0282],[141.1887,43.0281],[141.1889,43.028],[141.1892,43.0277],[141.1895,43.0274],[141.19,43.0269],[141.1902,43.0268],[141.1903,43.0267],[141.1905,43.0266],[141.1909,43.0264],[141.1911,43.0263],[141.1913,43.0261],[141.1916,43.0259],[141.1917,43.0258],[141.1918,43.0258],[141.192,43.0257],[141.1923,43.0256],[141.1925,43.0256],[141.1928,43.0256],[141.1931,43.0258],[141.1934,43.0258],[141.1936,43.0258],[141.1939,43.0257],[141.1942,43.0256],[141.1944,43.0256],[141.1949,43.0255],[141.1951,43.0254],[141.1954,43.0253],[141.1956,43.0252],[141.1957,43.0251],[141.1958,43.025],[141.1958,43.025],[141.196,43.0249],[141.1963,43.0248],[141.1968,43.0247],[141.197,43.0246],[141.1973,43.0244],[141.1976,43.0242],[141.1978,43.0241],[141.1979,43.024],[141.198,43.0239],[141.198,43.0238],[141.1981,43.0237],[141.1983,43.0235],[141.1985,43.0233],[141.1986,43.0231],[141.199,43.0229],[141.1992,43.0227],[141.1994,43.0226],[141.1994,43.0226],[141.1997,43.0225],[141.2,43.0225],[141.2002,43.0225],[141.2006,43.0226],[141.2012,43.0227],[141.2014,43.0227],[141.2017,43.0228],[141.2022,43.0227],[141.2024,43.0226],[141.2026,43.0225],[141.2028,43.0223],[141.2029,43.0221],[141.2033,43.0214],[141.2035,43.0212],[141.2037,43.021],[141.2037,43.021],[141.2037,43.0209],[141.2035,43.0209],[141.2033,43.0209],[141.2031,43.0208],[141.2031,43.0208],[141.203,43.0206],[141.2029,43.0204],[141.2029,43.02],[141.2029,43.0199],[141.2028,43.0197],[141.2027,43.0196],[141.2025,43.0195],[141.2024,43.0194],[141.2024,43.0192],[141.2023,43.0191],[141.2023,43.0188],[141.2023,43.0186],[141.2024,43.0184],[141.2024,43.0183],[141.2023,43.0181],[141.2021,43.0178],[141.202,43.0176],[141.2019,43.0173],[141.2019,43.017],[141.2019,43.0167],[141.202,43.0167],[141.202,43.0167],[141.2023,43.0166],[141.2024,43.0167],[141.2027,43.0167],[141.2032,43.0167],[141.2035,43.0167],[141.2035,43.0167],[141.2039,43.0166],[141.2041,43.0165],[141.2044,43.0164],[141.2046,43.0163],[141.2051,43.016],[141.2052,43.0159],[141.2055,43.0158],[141.2057,43.0156],[141.2058,43.0153],[141.2059,43.0152],[141.206,43.0149],[141.2062,43.0148],[141.2063,43.0146],[141.2064,43.0144],[141.2064,43.0143],[141.2065,43.0142],[141.2066,43.0141],[141.2067,43.014],[141.2071,43.014],[141.2076,43.014],[141.208,43.0139],[141.2081,43.0139],[141.2083,43.0138],[141.2086,43.0137],[141.2089,43.0135],[141.2092,43.0133],[141.2094,43.0132],[141.2099,43.013],[141.2101,43.0129],[141.2104,43.0127],[141.2106,43.0126],[141.2109,43.0126],[141.2112,43.0126],[141.2114,43.0126],[141.2116,43.0125],[141.2117,43.0125],[141.2119,43.0124],[141.212,43.0122],[141.2122,43.0121],[141.2128,43.0115],[141.2132,43.0113],[141.2133,43.0112],[141.214,43.0107],[141.2142,43.0106],[141.2143,43.0106],[141.2143,43.0105],[141.2145,43.0104],[141.2146,43.0103],[141.2149,43.0102],[141.2151,43.0102],[141.2154,43.0102],[141.2157,43.0102],[141.2159,43.0102],[141.2163,43.0102],[141.2166,43.0101],[141.2167,43.0101],[141.2172,43.0099],[141.2174,43.0098],[141.2175,43.0097],[141.2179,43.0096],[141.2184,43.0095],[141.2187,43.0093],[141.2187,43.0092],[141.2188,43.0091],[141.2189,43.009],[141.219,43.0089],[141.2192,43.0089],[141.2196,43.0088],[141.2202,43.0088],[141.2205,43.0088],[141.2207,43.0089],[141.2212,43.0093],[141.2215,43.0094],[141.2217,43.0094],[141.222,43.0095],[141.2226,43.0095],[141.2231,43.0094],[141.2235,43.0095],[141.2236,43.0095],[141.2239,43.0096],[141.2247,43.0097],[141.225,43.0097],[141.2252,43.0098],[141.2254,43.0098],[141.2255,43.0098],[141.2256,43.0097],[141.2257,43.0096],[141.2258,43.0093],[141.2259,43.0088],[141.226,43.0086],[141.2261,43.0085],[141.2261,43.0084],[141.2262,43.0083],[141.2263,43.0083],[141.2265,43.0082],[141.2267,43.0081],[141.2269,43.0079],[141.2271,43.0078],[141.2274,43.0078],[141.2277,43.0077],[141.228,43.0076],[141.2284,43.0074],[141.2287,43.0074],[141.229,43.0074],[141.2292,43.0074],[141.2294,43.0073],[141.2297,43.0071],[141.2299,43.0071],[141.2302,43.0071],[141.2305,43.007],[141.2308,43.007],[141.2311,43.0069],[141.2314,43.0068],[141.2317,43.0068],[141.2319,43.0069],[141.2323,43.0069],[141.2325,43.0068],[141.2328,43.0067],[141.233,43.0066],[141.2333,43.0066],[141.2333,43.0066],[141.234,43.0066],[141.2344,43.0067],[141.235,43.0066],[141.2356,43.0067],[141.2365,43.0068],[141.2369,43.0068],[141.2371,43.0068],[141.2374,43.0068],[141.2377,43.0067],[141.2384,43.0064],[141.2387,43.0062],[141.2389,43.0061],[141.2391,43.0061],[141.2393,43.006],[141.2397,43.006],[141.2401,43.0059],[141.2403,43.0058],[141.2409,43.0056],[141.2411,43.0055],[141.2414,43.0053],[141.2416,43.0051],[141.2417,43.005],[141.2418,43.0049],[141.2423,43.0048],[141.2434,43.0045],[141.2436,43.0044],[141.2438,43.0043],[141.2442,43.0043],[141.2444,43.0043],[141.2447,43.0042],[141.2448,43.0041],[141.2449,43.004],[141.245,43.0039],[141.245,43.0038],[141.2452,43.0037],[141.2455,43.0036],[141.2459,43.0036],[141.2461,43.0036],[141.2463,43.0035],[141.247,43.0033],[141.2476,43.0032],[141.2482,43.0031],[141.2485,43.0031],[141.2488,43.0031],[141.2492,43.0032],[141.2495,43.0034],[141.2498,43.0036],[141.25,43.0038],[141.2502,43.0039],[141.2503,43.004],[141.2505,43.0042],[141.2505,43.0043],[141.2507,43.0041],[141.251,43.0038],[141.2512,43.0037],[141.2514,43.0035],[141.2516,43.0033],[141.2517,43.003],[141.2518,43.0028],[141.2521,43.0024],[141.2522,43.0023],[141.2523,43.0021],[141.2524,43.0019],[141.2527,43.0014],[141.2528,43.0011],[141.2529,43.001],[141.2531,43.0008],[141.2533,43.0005],[141.2533,43.0004],[141.2534,43.0002],[141.2535,43],[141.2535,43],[141.2536,42.9998],[141.2537,42.9995],[141.2538,42.999],[141.2538,42.9988],[141.2538,42.9987],[141.2539,42.9986],[141.254,42.9982],[141.2541,42.9979],[141.2542,42.9979],[141.2542,42.9978],[141.2543,42.9978],[141.2544,42.9979],[141.2546,42.9979],[141.2548,42.9979],[141.255,42.9979],[141.2558,42.9979],[141.2563,42.9979],[141.2569,42.9978],[141.2572,42.9978],[141.2574,42.9978],[141.2576,42.9978],[141.258,42.9978],[141.2582,42.9978],[141.2583,42.9978],[141.2583,42.9977],[141.2585,42.9977],[141.2587,42.9976],[141.2589,42.9975],[141.2591,42.9975],[141.2592,42.9975],[141.2593,42.9975],[141.2596,42.9975],[141.2598,42.9976],[141.2599,42.9977],[141.2601,42.9978],[141.2605,42.9981],[141.2606,42.9983],[141.2608,42.9985],[141.261,42.9987],[141.2612,42.9988],[141.2614,42.999],[141.2617,42.9992],[141.2619,42.9993],[141.2621,42.9995],[141.2622,42.9996],[141.2623,42.9997],[141.2624,42.9998],[141.2624,42.9999],[141.2625,43],[141.2625,43],[141.2626,43.0002],[141.2626,43.0003],[141.2627,43.0004],[141.2628,43.0005],[141.2628,43.0008],[141.2629,43.0009],[141.2629,43.0011],[141.2629,43.0014],[141.263,43.0015],[141.263,43.0017],[141.2631,43.0017],[141.2633,43.0019],[141.2637,43.0021],[141.264,43.0022],[141.2642,43.0022],[141.2644,43.0023],[141.2648,43.0023],[141.2649,43.0023],[141.265,43.0023],[141.2651,43.0024],[141.2651,43.0024],[141.2651,43.0026],[141.2651,43.0028],[141.265,43.0029],[141.265,43.003],[141.265,43.0031],[141.2649,43.0032],[141.265,43.0033],[141.265,43.0034],[141.265,43.0035],[141.2651,43.0036],[141.2651,43.0037],[141.2653,43.0038],[141.2654,43.0039],[141.2657,43.0041],[141.2658,43.0042],[141.2661,43.0043],[141.2664,43.0044],[141.2667,43.0044],[141.2667,43.0044],[141.2671,43.0044],[141.2677,43.0044],[141.2679,43.0044],[141.2686,43.0044],[141.2691,43.0044],[141.2693,43.0044],[141.2695,43.0045],[141.2698,43.0045],[141.2698,43.0045],[141.2701,43.0046],[141.2704,43.0045],[141.2704,43.0045],[141.2708,43.0042],[141.271,43.0041],[141.2711,43.004],[141.2712,43.004],[141.2713,43.004],[141.2714,43.004],[141.2715,43.004],[141.2718,43.0041],[141.2721,43.0042],[141.2722,43.0043],[141.2723,43.0044],[141.2725,43.0045],[141.2729,43.0047],[141.2729,43.0047],[141.2733,43.0049],[141.2735,43.005],[141.2736,43.0051],[141.2737,43.0051],[141.274,43.0051],[141.2741,43.0052],[141.2743,43.0052],[141.2745,43.0053],[141.2747,43.0054],[141.2749,43.0056],[141.275,43.0056],[141.2754,43.0058],[141.2757,43.0059],[141.2759,43.006],[141.2765,43.0062],[141.2767,43.0063],[141.2769,43.0064],[141.2773,43.0067],[141.2777,43.007],[141.2782,43.0073],[141.2785,43.0075],[141.2791,43.0078],[141.2793,43.0079],[141.2801,43.0081],[141.2803,43.0082],[141.2806,43.0083],[141.2809,43.0085],[141.2814,43.0086],[141.2817,43.0088],[141.2822,43.009],[141.2825,43.0091],[141.2827,43.0092],[141.2829,43.0093],[141.283,43.0095],[141.283,43.0096],[141.283,43.0097],[141.2832,43.0101],[141.2833,43.0103],[141.2833,43.0106],[141.2833,43.0109],[141.2833,43.0109],[141.2833,43.0109],[141.2833,43.0113],[141.2833,43.0115],[141.2833,43.0116],[141.2834,43.0116],[141.2835,43.0117],[141.2836,43.0118],[141.2839,43.0118],[141.2842,43.0119],[141.2845,43.012],[141.2847,43.012],[141.2848,43.0121],[141.2849,43.0121],[141.2849,43.0122],[141.2849,43.0123],[141.2848,43.0125],[141.2848,43.0126],[141.2848,43.0127],[141.2848,43.0128],[141.2849,43.0129],[141.285,43.0131],[141.2853,43.0132],[141.2859,43.0134],[141.2864,43.0134],[141.2869,43.0134],[141.2874,43.0135],[141.2879,43.0135],[141.2881,43.0136],[141.2884,43.0136],[141.2892,43.0137],[141.2895,43.0138],[141.2904,43.0139],[141.2905,43.014],[141.2906,43.014],[141.2908,43.0141],[141.2909,43.0142],[141.291,43.0143],[141.2911,43.0145],[141.2912,43.0147],[141.2913,43.015],[141.2914,43.0155],[141.2916,43.016],[141.2916,43.0162],[141.2915,43.0166],[141.2916,43.0167],[141.2917,43.0168],[141.2917,43.0168],[141.2918,43.017],[141.2921,43.0174],[141.2922,43.0176],[141.2924,43.0178],[141.2926,43.0184],[141.2927,43.0186],[141.2928,43.0189],[141.2928,43.0192],[141.2928,43.0194],[141.293,43.0197],[141.2931,43.0199],[141.2934,43.0201],[141.2939,43.0204],[141.2946,43.0208],[141.2955,43.0214],[141.2956,43.0214],[141.2976,43.0226],[141.298,43.0228],[141.2983,43.023],[141.2995,43.0237],[141.2999,43.0239],[141.3,43.024],[141.3001,43.0241],[141.3007,43.0244],[141.3017,43.025],[141.3019,43.0251],[141.3021,43.0252],[141.3025,43.0254],[141.3032,43.0258],[141.3041,43.0264],[141.3042,43.0266],[141.3043,43.0267],[141.3044,43.0269],[141.3044,43.0269],[141.3045,43.027],[141.3046,43.0271],[141.3048,43.0272],[141.3051,43.0272],[141.3052,43.0272],[141.3054,43.0271],[141.3057,43.027],[141.306,43.0268],[141.3061,43.0268],[141.3063,43.0267],[141.3064,43.0267],[141.3067,43.0266],[141.3071,43.0266],[141.3073,43.0267],[141.3074,43.0268],[141.3076,43.0269],[141.3079,43.027],[141.3081,43.027],[141.3083,43.027],[141.3083,43.027],[141.3085,43.0271],[141.3089,43.0273],[141.3095,43.0277],[141.3098,43.0278],[141.31,43.0279],[141.3105,43.028],[141.3108,43.0281],[141.3108,43.0282],[141.3108,43.0284],[141.3107,43.0285],[141.3106,43.0287],[141.3104,43.0289],[141.3104,43.0291],[141.3103,43.0294],[141.3102,43.0296],[141.31,43.0297],[141.3095,43.0298],[141.3094,43.0299],[141.3092,43.0302],[141.3091,43.0304],[141.309,43.0305],[141.309,43.0306],[141.3087,43.0308],[141.3085,43.0309],[141.3083,43.031],[141.3083,43.031],[141.308,43.0311],[141.3078,43.0312],[141.3072,43.0314],[141.307,43.0315],[141.3069,43.0317],[141.3068,43.0318],[141.3068,43.032],[141.307,43.0325],[141.3071,43.0328],[141.3073,43.033],[141.3075,43.0332],[141.3076,43.0333],[141.3081,43.0338],[141.3082,43.034],[141.3082,43.0342],[141.3081,43.0344],[141.3081,43.0345],[141.3079,43.035],[141.3078,43.0351],[141.3078,43.0353],[141.3078,43.0355],[141.3079,43.0356],[141.308,43.0357],[141.3081,43.0358],[141.3082,43.0358],[141.3083,43.0358],[141.3087,43.0358],[141.3089,43.0358],[141.3095,43.0358],[141.3101,43.0358],[141.3102,43.0358],[141.3103,43.0358],[141.3104,43.0353],[141.3104,43.0351],[141.3105,43.0351],[141.3117,43.0351],[141.3125,43.0351],[141.3127,43.035],[141.3132,43.0347],[141.314,43.0341],[141.3143,43.034],[141.3144,43.0339],[141.3146,43.0339],[141.3151,43.0338],[141.3156,43.0338],[141.3157,43.0338],[141.3159,43.0338],[141.316,43.0339],[141.3164,43.0339],[141.3165,43.034],[141.3167,43.034],[141.3169,43.0341],[141.3172,43.0342],[141.3174,43.0344],[141.3176,43.0345],[141.3178,43.0346],[141.3181,43.0348],[141.3183,43.035],[141.3187,43.0352],[141.3189,43.0353],[141.3192,43.0355],[141.3193,43.0355],[141.3193,43.0355],[141.3199,43.0354],[141.3201,43.0353],[141.3201,43.0353],[141.3203,43.0353],[141.3208,43.0354],[141.3212,43.0354],[141.3215,43.0354],[141.3218,43.0354],[141.3222,43.0354],[141.3225,43.0354],[141.3228,43.0353],[141.3232,43.0353],[141.3236,43.0351],[141.3235,43.0346],[141.3234,43.0342],[141.3234,43.034],[141.3234,43.0337],[141.3234,43.0336],[141.3233,43.0335],[141.3231,43.0334],[141.323,43.0333],[141.323,43.0333],[141.3227,43.0332],[141.3222,43.0331],[141.3217,43.0329],[141.3213,43.0328],[141.3211,43.0328],[141.3211,43.0328],[141.3209,43.0328],[141.3208,43.0327],[141.3208,43.0326],[141.3208,43.0324],[141.3207,43.0323],[141.3207,43.0323],[141.3206,43.0322],[141.3205,43.032],[141.3203,43.0319],[141.3201,43.0316],[141.3199,43.0313],[141.3198,43.0312],[141.3198,43.0311],[141.3196,43.0307],[141.3196,43.0305],[141.3195,43.0302],[141.3195,43.0301],[141.3197,43.0296],[141.3199,43.0292],[141.3202,43.0292],[141.3212,43.0293],[141.3222,43.0293],[141.3224,43.0293],[141.3227,43.0294],[141.3232,43.0295],[141.3237,43.0297],[141.324,43.0296],[141.3248,43.0294],[141.325,43.0293],[141.325,43.0293],[141.3252,43.0293],[141.3255,43.0292],[141.3257,43.0291],[141.3261,43.029],[141.327,43.0288],[141.3274,43.0286],[141.328,43.0285],[141.3282,43.0285],[141.3285,43.0285],[141.3287,43.0285],[141.3294,43.0285],[141.3302,43.0285],[141.3306,43.0285],[141.3311,43.0285],[141.3321,43.0285],[141.3324,43.0285],[141.3328,43.0284],[141.3332,43.0282],[141.3333,43.0282],[141.3336,43.0281],[141.3339,43.028],[141.3341,43.028],[141.3343,43.028],[141.3347,43.0281],[141.335,43.0281],[141.3355,43.0281],[141.3357,43.0281],[141.3359,43.0281],[141.3362,43.0281],[141.3363,43.0281],[141.3364,43.028],[141.3364,43.028],[141.3365,43.0279],[141.3367,43.0277],[141.337,43.0274],[141.3372,43.0273],[141.3374,43.0271],[141.3377,43.0269],[141.3379,43.0267],[141.338,43.0266],[141.3383,43.0263],[141.3385,43.0261],[141.3386,43.0261],[141.3389,43.0259],[141.3393,43.0256],[141.3395,43.0254],[141.34,43.025],[141.34,43.025],[141.3401,43.0248],[141.3403,43.0246],[141.3405,43.0244],[141.3407,43.0242],[141.3409,43.024],[141.341,43.0238],[141.3411,43.0236],[141.3411,43.0234],[141.3412,43.0232],[141.3414,43.023],[141.3417,43.0227],[141.3417,43.0227],[141.3419,43.0223],[141.3423,43.0219],[141.3425,43.0215],[141.3429,43.0209],[141.3431,43.0206],[141.3432,43.0204],[141.3435,43.0201],[141.3437,43.0199],[141.3439,43.0195],[141.3443,43.0188],[141.3444,43.0186],[141.3445,43.0184],[141.3447,43.0182],[141.3451,43.0179],[141.3453,43.0177],[141.3455,43.0176],[141.3457,43.0175],[141.3457,43.0175],[141.3459,43.0172],[141.3459,43.0171],[141.346,43.0171],[141.3461,43.0171],[141.3461,43.0172],[141.3462,43.0172],[141.3465,43.0174],[141.3465,43.0174],[141.3468,43.0175],[141.3468,43.0176],[141.3468,43.0176],[141.3469,43.0176],[141.3471,43.0178],[141.3475,43.0181],[141.3478,43.0183],[141.3481,43.0186],[141.3484,43.019],[141.3486,43.0193],[141.3489,43.0196],[141.3491,43.0199],[141.3495,43.0205],[141.3498,43.0208],[141.35,43.021],[141.3501,43.0211],[141.3502,43.0213],[141.3505,43.0214],[141.3505,43.0215],[141.3506,43.0215],[141.3507,43.0216],[141.3511,43.0219],[141.3515,43.0223],[141.3517,43.0225],[141.3519,43.0226],[141.3522,43.0228],[141.3523,43.0229],[141.3524,43.0229],[141.3524,43.0229],[141.3524,43.0227],[141.3524,43.0227],[141.3524,43.0227],[141.3525,43.0226],[141.3525,43.0225],[141.3525,43.0224],[141.3525,43.0222],[141.3525,43.0219],[141.3526,43.0217],[141.3525,43.0213],[141.3526,43.0207],[141.3526,43.0203],[141.3527,43.02],[141.3527,43.0198],[141.3528,43.0194],[141.3529,43.019],[141.3529,43.0187],[141.353,43.0184],[141.353,43.0181],[141.353,43.0181],[141.3531,43.0179],[141.3531,43.0178],[141.3531,43.0177],[141.3531,43.0174],[141.3532,43.017],[141.3532,43.0169],[141.3532,43.0167],[141.3532,43.0165],[141.3532,43.016],[141.3532,43.0157],[141.3532,43.0155],[141.3532,43.0155],[141.3533,43.0153],[141.3533,43.0151],[141.3533,43.0149],[141.3532,43.0147],[141.3532,43.0142],[141.3532,43.0139],[141.3532,43.0139],[141.3531,43.0137],[141.3531,43.0136],[141.3531,43.0134],[141.353,43.013],[141.353,43.0129],[141.3529,43.0126],[141.3528,43.0124],[141.3527,43.0123],[141.3529,43.0121],[141.3532,43.012],[141.3534,43.012],[141.3537,43.0119],[141.3542,43.0118],[141.3542,43.0118],[141.3544,43.0121],[141.3544,43.0123],[141.3545,43.0127],[141.3546,43.0127],[141.3547,43.0127],[141.3548,43.0128],[141.3551,43.0127],[141.3553,43.0127],[141.3556,43.0132],[141.3559,43.0139],[141.356,43.0143],[141.3561,43.0144],[141.3561,43.0144],[141.3561,43.0144],[141.3561,43.0145],[141.3562,43.0145],[141.3562,43.0145],[141.3563,43.0146],[141.3569,43.0144],[141.3574,43.0142],[141.3577,43.0142],[141.3583,43.0139],[141.3583,43.0139],[141.3587,43.0137],[141.3589,43.014],[141.3589,43.0143],[141.359,43.0145],[141.359,43.0147],[141.359,43.0148],[141.3589,43.0151],[141.3587,43.0156],[141.3587,43.0157],[141.3587,43.0159],[141.3587,43.016],[141.3588,43.0162],[141.359,43.0164],[141.359,43.0165],[141.359,43.0167],[141.359,43.0167],[141.3589,43.0172],[141.3587,43.0175],[141.3587,43.0176],[141.3587,43.0179],[141.3587,43.0181],[141.3587,43.0182],[141.3587,43.0182],[141.3589,43.0185],[141.3592,43.0188],[141.3597,43.0193],[141.3601,43.0197],[141.3602,43.0198],[141.3603,43.0199],[141.3603,43.02],[141.3603,43.0201],[141.3604,43.0202],[141.3606,43.0202],[141.3606,43.0202],[141.3608,43.0201],[141.3608,43.02],[141.3611,43.0197],[141.3615,43.0194],[141.3616,43.0193],[141.3617,43.0192],[141.3618,43.0191],[141.3619,43.0193],[141.362,43.0194],[141.3619,43.0198],[141.3621,43.0198],[141.3628,43.0197],[141.363,43.0197],[141.363,43.0197],[141.3632,43.0197],[141.3632,43.0197],[141.3637,43.0196],[141.3648,43.0196],[141.3658,43.0194],[141.3667,43.0193],[141.3667,43.0193],[141.3669,43.0193],[141.3671,43.0193],[141.3674,43.0193],[141.3676,43.0192],[141.3677,43.0192],[141.3679,43.0191],[141.3684,43.0191],[141.3685,43.0191],[141.3687,43.0191],[141.3696,43.019],[141.3698,43.019],[141.3707,43.019],[141.3707,43.018],[141.3707,43.0176],[141.3713,43.0176],[141.3718,43.0176],[141.3719,43.0174],[141.372,43.0173],[141.372,43.0167],[141.372,43.0163],[141.372,43.0153],[141.372,43.0151],[141.3721,43.0149],[141.3731,43.0148],[141.3732,43.0148],[141.3735,43.0148],[141.374,43.0147],[141.3742,43.0147],[141.3745,43.0147],[141.3749,43.0146],[141.3749,43.0146],[141.375,43.0146],[141.3751,43.0146],[141.3753,43.0146],[141.3758,43.0146],[141.3759,43.0146],[141.3763,43.0146],[141.3765,43.0145],[141.3776,43.0144],[141.3778,43.0144],[141.378,43.0144],[141.378,43.0142],[141.3779,43.0141],[141.3778,43.0139],[141.3776,43.0133],[141.3775,43.0132],[141.3775,43.0131],[141.3775,43.013],[141.3773,43.0127],[141.3773,43.0126],[141.3772,43.0124],[141.3771,43.0121],[141.3771,43.0117],[141.3771,43.0112],[141.3771,43.0108],[141.377,43.0104],[141.377,43.0101],[141.377,43.01],[141.3767,43.0097],[141.3765,43.0095],[141.3755,43.0084],[141.3755,43.0083],[141.3753,43.0081],[141.3753,43.008],[141.3753,43.0075],[141.3753,43.0074],[141.3752,43.0071],[141.375,43.0067],[141.375,43.0066],[141.3749,43.0063],[141.3748,43.0059],[141.3747,43.0054],[141.3745,43.0053],[141.3745,43.0053],[141.3744,43.0052],[141.3744,43.005],[141.3743,43.0042],[141.3743,43.004],[141.3744,43.004],[141.3746,43.0033],[141.3747,43.003],[141.3747,43.0029],[141.3748,43.0028],[141.3749,43.0025],[141.375,43.0023],[141.3752,43.0019],[141.3753,43.0017],[141.3753,43.0016],[141.3755,43.0011],[141.3755,43.0009],[141.3755,43.0006],[141.3755,43.0005],[141.3755,43.0002],[141.3755,43],[141.3755,43],[141.3755,42.9996],[141.3755,42.9993],[141.3754,42.9991],[141.3752,42.9987],[141.3752,42.9986],[141.3751,42.9985],[141.375,42.9981],[141.375,42.998],[141.3749,42.9978],[141.3747,42.9974],[141.3745,42.9969],[141.3743,42.9966],[141.3742,42.9964],[141.3739,42.9962],[141.3736,42.9958],[141.3734,42.9957],[141.3734,42.9947],[141.3734,42.9945],[141.3734,42.9943],[141.3734,42.9941],[141.3734,42.9939],[141.3734,42.9936],[141.3733,42.9934],[141.3733,42.9932],[141.3733,42.9928],[141.3733,42.9926],[141.3733,42.9922],[141.3732,42.9922],[141.3732,42.9921],[141.373,42.9918],[141.3729,42.9917],[141.3728,42.9915],[141.3725,42.9916],[141.3725,42.9917],[141.3722,42.9918],[141.3717,42.9918],[141.3713,42.9917],[141.3713,42.9917],[141.371,42.9915],[141.3708,42.9914],[141.3705,42.9913],[141.3703,42.9912],[141.3701,42.991],[141.3701,42.9909],[141.3699,42.9907],[141.3698,42.9906],[141.3696,42.9905],[141.3694,42.9903],[141.3692,42.99],[141.3689,42.9897],[141.3686,42.9893],[141.3682,42.9888],[141.3679,42.9885],[141.3679,42.9884],[141.368,42.9883],[141.368,42.988],[141.368,42.9879],[141.368,42.9874],[141.368,42.9871],[141.368,42.9865],[141.368,42.9863],[141.368,42.986],[141.368,42.9859],[141.3681,42.9858],[141.3681,42.9858],[141.3684,42.9857],[141.3686,42.9855],[141.3687,42.9855],[141.3688,42.9854],[141.3688,42.9852],[141.3688,42.985],[141.3689,42.9847],[141.3689,42.9846],[141.3689,42.9845],[141.3689,42.9844],[141.3689,42.9844],[141.3689,42.9841],[141.3689,42.9839],[141.3689,42.9836],[141.3689,42.9834],[141.3689,42.9833],[141.3689,42.9832],[141.3688,42.9832],[141.3688,42.983],[141.3687,42.9828],[141.3687,42.9826],[141.3687,42.9824],[141.3687,42.9822],[141.3687,42.982],[141.3688,42.9819],[141.3691,42.9817],[141.3693,42.9816],[141.3693,42.9815],[141.3694,42.9815],[141.3693,42.9814],[141.3693,42.9812],[141.3691,42.9808],[141.3691,42.9806],[141.3691,42.9804],[141.3691,42.9803],[141.3694,42.9797],[141.3695,42.9795],[141.3695,42.9795],[141.3695,42.9793],[141.3696,42.9791],[141.3696,42.979],[141.3695,42.9788],[141.3695,42.9786],[141.3694,42.9785],[141.3693,42.9784],[141.3692,42.9781],[141.369,42.978],[141.3689,42.9777],[141.3688,42.9774],[141.3688,42.9772],[141.3688,42.9769],[141.3688,42.9765],[141.3688,42.9763],[141.3688,42.9762],[141.3688,42.9762],[141.3688,42.976],[141.3687,42.9754],[141.3687,42.9751],[141.3687,42.975],[141.3687,42.9747],[141.3687,42.9744],[141.3686,42.9741],[141.3686,42.9738],[141.3685,42.9736],[141.3683,42.9731],[141.3681,42.9727],[141.368,42.9725],[141.368,42.9724],[141.368,42.9722],[141.3681,42.972],[141.3681,42.9718],[141.3681,42.9717],[141.368,42.9711],[141.368,42.9707],[141.368,42.9706],[141.368,42.9705],[141.3679,42.9701],[141.3678,42.9697],[141.3677,42.9693],[141.3676,42.9691],[141.3676,42.969],[141.3675,42.9689],[141.3676,42.9688],[141.3676,42.9686],[141.3678,42.9684],[141.3678,42.9683],[141.3678,42.9682],[141.3678,42.9679],[141.3678,42.9678],[141.3678,42.9677],[141.3678,42.9675],[141.368,42.9669],[141.3681,42.9667],[141.3683,42.9661],[141.3683,42.9659],[141.3684,42.9657],[141.3684,42.9656],[141.3683,42.9653],[141.3679,42.9644],[141.3678,42.9641],[141.3676,42.964],[141.3675,42.9638],[141.3672,42.9635],[141.3667,42.9631],[141.3667,42.963],[141.3663,42.9627],[141.366,42.9624],[141.366,42.9624],[141.3657,42.9621],[141.3655,42.9618],[141.3654,42.9617],[141.3652,42.9615],[141.3651,42.9612],[141.365,42.961],[141.3649,42.9606],[141.3648,42.9602],[141.3646,42.9596],[141.3646,42.9592],[141.3646,42.959],[141.3646,42.9588],[141.3647,42.9585],[141.3648,42.9583],[141.3649,42.9579],[141.365,42.9576],[141.365,42.9573],[141.3651,42.957],[141.3651,42.9568],[141.3652,42.9561],[141.3652,42.9559],[141.3652,42.9552],[141.3651,42.9543],[141.3651,42.9538],[141.3651,42.9537],[141.365,42.9533],[141.3649,42.953],[141.3647,42.9527],[141.3646,42.9526],[141.3646,42.9525],[141.3647,42.9523],[141.3648,42.952],[141.3649,42.9518],[141.365,42.9515],[141.3652,42.9512],[141.3653,42.9508],[141.3655,42.9505],[141.3656,42.9502],[141.3657,42.95],[141.3658,42.95],[141.3658,42.9499],[141.3658,42.9497],[141.3658,42.9495],[141.3658,42.9493],[141.3657,42.9487],[141.3657,42.9485],[141.3656,42.9482],[141.3656,42.948],[141.3657,42.9479],[141.3658,42.9473],[141.3658,42.947],[141.3658,42.9468],[141.3658,42.9467],[141.3657,42.9465],[141.3655,42.9464],[141.3654,42.9462],[141.3651,42.9459],[141.3649,42.9458],[141.3649,42.9456],[141.3649,42.9454],[141.3649,42.9453],[141.3649,42.945],[141.3649,42.9447],[141.3649,42.9444],[141.3649,42.9441],[141.3649,42.9439],[141.3648,42.9437],[141.3646,42.9433],[141.3645,42.9431],[141.3644,42.9428],[141.3642,42.9423],[141.3639,42.9419],[141.3638,42.9417],[141.3638,42.9417],[141.3637,42.9415],[141.3637,42.9414],[141.3637,42.9412],[141.3637,42.9411],[141.3637,42.9409],[141.3637,42.9407],[141.3636,42.9405],[141.3636,42.9403],[141.3635,42.9401],[141.3634,42.9399],[141.3633,42.9397],[141.3632,42.9396],[141.363,42.9395],[141.363,42.9394],[141.363,42.9393],[141.363,42.9391],[141.363,42.939],[141.363,42.9388],[141.363,42.938],[141.363,42.9379],[141.3631,42.9377],[141.3631,42.9375],[141.3631,42.9374],[141.3632,42.9373],[141.3632,42.9372],[141.3633,42.9372],[141.3634,42.9372],[141.3636,42.9372],[141.3638,42.9372],[141.3646,42.9373],[141.3647,42.9373],[141.3649,42.9372],[141.365,42.9371],[141.3653,42.9369],[141.3655,42.9367],[141.3657,42.9365],[141.3659,42.9364],[141.3661,42.9364],[141.3663,42.9363],[141.3665,42.9362],[141.3666,42.9362],[141.3667,42.9361],[141.3673,42.9357],[141.3679,42.9352],[141.3681,42.9351],[141.3682,42.935],[141.3683,42.9345],[141.3685,42.934],[141.3685,42.9339],[141.3686,42.9336],[141.3686,42.9334],[141.3686,42.9333],[141.3687,42.9328],[141.3687,42.9326],[141.3686,42.9324],[141.3686,42.9322],[141.3685,42.9321],[141.3683,42.9319],[141.368,42.9316],[141.3679,42.9315],[141.3679,42.9314],[141.368,42.9313],[141.368,42.931],[141.368,42.9308],[141.3679,42.9306],[141.3679,42.9306],[141.3678,42.9304],[141.3677,42.9302],[141.3675,42.93],[141.3673,42.9298],[141.3672,42.9296],[141.3671,42.9293],[141.367,42.9289],[141.367,42.9285],[141.367,42.9283],[141.3669,42.928],[141.3669,42.9278],[141.3669,42.9277],[141.3669,42.9276],[141.3669,42.9274],[141.3669,42.9273],[141.3669,42.9272],[141.3669,42.9271],[141.367,42.9272],[141.3673,42.9273],[141.3676,42.9274],[141.3677,42.9275],[141.3678,42.9276],[141.3679,42.9278],[141.368,42.9279],[141.3682,42.9284],[141.3684,42.9289],[141.3685,42.9291],[141.3685,42.9293],[141.3686,42.9295],[141.3687,42.9296],[141.3688,42.9297],[141.3692,42.9298],[141.3694,42.93],[141.3697,42.9301],[141.3699,42.9301],[141.3701,42.9302],[141.3702,42.9302],[141.3704,42.9302],[141.3707,42.9302],[141.3709,42.9303],[141.3713,42.9304],[141.3717,42.9305],[141.3722,42.9306],[141.3724,42.9307],[141.3728,42.9307],[141.3728,42.9307],[141.3732,42.9308],[141.3732,42.9308],[141.3734,42.9309],[141.3735,42.931],[141.3742,42.9315],[141.3744,42.9315],[141.375,42.9315],[141.3755,42.9315],[141.3759,42.9316],[141.3762,42.9317],[141.3766,42.9318],[141.3769,42.9319],[141.3773,42.9321],[141.3776,42.9323],[141.3778,42.9324],[141.3781,42.9324],[141.3786,42.9326],[141.3789,42.9326],[141.3792,42.9327],[141.3796,42.9327],[141.3799,42.9328],[141.3801,42.9328],[141.3804,42.9329],[141.3805,42.933],[141.3806,42.9331],[141.3808,42.9333],[141.3808,42.9333],[141.381,42.9334],[141.3811,42.9334],[141.3812,42.9333],[141.3813,42.9332],[141.3815,42.933],[141.3818,42.9329],[141.382,42.9329],[141.3822,42.9329],[141.3825,42.933],[141.3827,42.9331],[141.383,42.9332],[141.383,42.9332],[141.3832,42.9333],[141.3832,42.9333],[141.3833,42.9334],[141.3833,42.9334],[141.3834,42.9334],[141.3836,42.9333],[141.3837,42.9333],[141.3838,42.9333],[141.384,42.9332],[141.3843,42.9333],[141.3845,42.9333],[141.3848,42.9333],[141.3848,42.9333],[141.3853,42.9334],[141.3855,42.9334],[141.3856,42.9335],[141.3857,42.9335],[141.3858,42.9336],[141.3863,42.9337],[141.3864,42.9337],[141.3865,42.9336],[141.3868,42.9333],[141.3868,42.9333],[141.3871,42.9331],[141.3882,42.9321],[141.3889,42.9316],[141.3895,42.9311],[141.3901,42.9306],[141.3915,42.9295],[141.3917,42.9293],[141.3921,42.929],[141.3928,42.9284],[141.3937,42.9277],[141.3938,42.9276],[141.394,42.9274],[141.3941,42.9273],[141.394,42.9272],[141.3938,42.927],[141.3936,42.9267],[141.3935,42.9266],[141.3935,42.9261],[141.3934,42.9259],[141.3934,42.9257],[141.3933,42.9253],[141.3932,42.9251],[141.3932,42.925],[141.3932,42.9249],[141.3931,42.9245],[141.393,42.9243],[141.3929,42.9241],[141.3928,42.9237],[141.3927,42.9234],[141.3926,42.9231],[141.3925,42.9228],[141.3924,42.9226],[141.3923,42.9222],[141.3922,42.9219],[141.3922,42.9212],[141.3922,42.9209],[141.3923,42.9206],[141.3924,42.9202],[141.3927,42.9196],[141.393,42.9191],[141.393,42.9191],[141.3929,42.919],[141.3929,42.919],[141.3928,42.9188],[141.3927,42.9186],[141.3926,42.9185],[141.3926,42.9184],[141.3926,42.9183],[141.3926,42.9181],[141.3927,42.9179],[141.3927,42.9178],[141.3927,42.9176],[141.3927,42.9174],[141.3927,42.9171],[141.3927,42.917],[141.3928,42.9169],[141.3929,42.9167],[141.3929,42.9167],[141.393,42.9164],[141.3931,42.9163],[141.3932,42.916],[141.3934,42.9156],[141.3934,42.9155],[141.3934,42.9152],[141.3935,42.915],[141.3935,42.9148],[141.3936,42.9147],[141.3936,42.9145],[141.3936,42.9144],[141.3936,42.9143],[141.3936,42.9143],[141.3935,42.9142],[141.3934,42.9141],[141.3934,42.914],[141.3934,42.914],[141.3936,42.9139],[141.3936,42.9139],[141.3939,42.9139],[141.3941,42.9139],[141.3942,42.9138],[141.3943,42.9138],[141.3943,42.9137],[141.3943,42.9137],[141.3943,42.9136],[141.3943,42.9135],[141.3942,42.9134],[141.3941,42.9133],[141.3941,42.9133],[141.3937,42.913],[141.3935,42.9129],[141.3932,42.9127],[141.3929,42.9126],[141.3925,42.9123],[141.3923,42.9122],[141.3921,42.912],[141.392,42.9118],[141.392,42.9117],[141.392,42.9117],[141.392,42.9116],[141.3921,42.9114],[141.3923,42.9112],[141.3923,42.9111],[141.3923,42.911],[141.3923,42.911],[141.3923,42.9109],[141.3923,42.9108],[141.3924,42.9108],[141.3927,42.9108],[141.393,42.9108],[141.3931,42.9108],[141.3932,42.9107],[141.3933,42.9107],[141.3933,42.9106],[141.3933,42.9105],[141.3934,42.9104],[141.3935,42.9104],[141.3939,42.9103],[141.394,42.9102],[141.3941,42.9101],[141.3943,42.91],[141.3944,42.9099],[141.3945,42.9099],[141.3946,42.9097],[141.3948,42.9096],[141.3948,42.9096],[141.3949,42.9096],[141.395,42.9095],[141.3951,42.9094],[141.3952,42.9093],[141.3952,42.9092],[141.3952,42.9091],[141.3952,42.9087],[141.3951,42.9086],[141.3951,42.9083],[141.395,42.9081],[141.395,42.9079],[141.3951,42.9078],[141.3951,42.9078],[141.3953,42.9075],[141.3954,42.9073],[141.3954,42.9072],[141.3954,42.9071],[141.3954,42.907],[141.3955,42.907],[141.3957,42.9068],[141.396,42.9066],[141.3962,42.9065],[141.3964,42.9063],[141.3965,42.9061],[141.3966,42.9059],[141.3966,42.9058],[141.3966,42.9055],[141.3966,42.9055],[141.3967,42.9052],[141.3967,42.9051],[141.3967,42.905],[141.3968,42.9049],[141.3969,42.9049],[141.3972,42.9045],[141.3973,42.9044],[141.3973,42.9043],[141.3973,42.9042],[141.3973,42.9041],[141.3973,42.904],[141.3973,42.904],[141.3972,42.9038],[141.3971,42.9037],[141.397,42.9036],[141.3969,42.9033],[141.3968,42.9031],[141.3967,42.903],[141.3965,42.9029],[141.3964,42.9028],[141.3962,42.9027],[141.396,42.9026],[141.3959,42.9025],[141.3959,42.9025],[141.3959,42.9024],[141.3959,42.9022],[141.396,42.9021],[141.3959,42.9018],[141.3958,42.9017],[141.3957,42.9016],[141.3954,42.9012],[141.3953,42.901],[141.3953,42.901],[141.3953,42.9009],[141.3954,42.9007],[141.3955,42.9005],[141.3957,42.9004],[141.3957,42.9003],[141.3957,42.9002],[141.3957,42.9001],[141.3957,42.9],[141.3956,42.8998],[141.3955,42.8996],[141.3955,42.8995],[141.3956,42.8994],[141.3957,42.8992],[141.3958,42.8989],[141.3959,42.8986],[141.396,42.8985],[141.396,42.8983],[141.396,42.8982],[141.396,42.898],[141.396,42.8979],[141.396,42.8978],[141.3961,42.8977],[141.3963,42.8974],[141.3963,42.8973],[141.3963,42.8972],[141.3964,42.8971],[141.3964,42.897],[141.3965,42.8968],[141.3966,42.8967],[141.3966,42.8966],[141.3968,42.8962],[141.3969,42.8958],[141.3971,42.8954],[141.3971,42.8952],[141.3972,42.8952],[141.3973,42.8951],[141.3973,42.895],[141.3974,42.8949],[141.3974,42.8947],[141.3974,42.8944],[141.3973,42.8942],[141.3973,42.8941],[141.3973,42.894],[141.3974,42.8936],[141.3974,42.8935],[141.3974,42.8934],[141.3974,42.8933],[141.3974,42.8932],[141.3972,42.8928],[141.3972,42.8927],[141.3972,42.8926],[141.3972,42.8925],[141.3972,42.8924],[141.397,42.8921],[141.397,42.892],[141.3969,42.8919],[141.3969,42.8918],[141.3968,42.8917],[141.3968,42.8916],[141.3967,42.8915],[141.3966,42.8914],[141.3962,42.8912],[141.3954,42.8909],[141.3952,42.8908],[141.3949,42.8906],[141.3948,42.8905],[141.3947,42.8904],[141.3946,42.8904],[141.3944,42.8905],[141.3941,42.8906],[141.3939,42.8906],[141.3939,42.8906],[141.3938,42.8906],[141.3937,42.8906],[141.3934,42.8905],[141.3932,42.8903],[141.393,42.8902],[141.3927,42.8901],[141.3925,42.8901],[141.3924,42.8901],[141.3923,42.8901],[141.3923,42.8901],[141.3922,42.8901],[141.3921,42.8901],[141.3919,42.8902],[141.3917,42.8903],[141.3917,42.8903],[141.3915,42.8904],[141.3915,42.8904],[141.3914,42.8904],[141.3906,42.8904],[141.3905,42.8904],[141.3903,42.8904],[141.3902,42.8903],[141.3901,42.8903],[141.3899,42.8902],[141.3898,42.8901],[141.3897,42.89],[141.3895,42.89],[141.3892,42.89],[141.389,42.89],[141.3883,42.8901],[141.3882,42.8901],[141.3881,42.8902],[141.3879,42.8903],[141.3878,42.8904],[141.3877,42.8905],[141.3875,42.8908],[141.3874,42.8909],[141.3872,42.891],[141.3871,42.8911],[141.3868,42.8911],[141.3865,42.8911],[141.3862,42.891],[141.386,42.891],[141.3858,42.8909],[141.3855,42.8907],[141.3854,42.8907],[141.3852,42.8906],[141.3851,42.8906],[141.3848,42.8906],[141.3842,42.8907],[141.3839,42.8908],[141.3836,42.8908],[141.3835,42.8909],[141.3833,42.8909],[141.3833,42.8909],[141.383,42.8911],[141.3826,42.8913],[141.3825,42.8913],[141.3824,42.8913],[141.3823,42.8914],[141.3817,42.8914],[141.3814,42.8914],[141.3813,42.8914],[141.3811,42.8914],[141.3808,42.8914],[141.3805,42.8915],[141.3802,42.8915],[141.3798,42.8915],[141.3792,42.8915],[141.3791,42.8915],[141.379,42.8915],[141.3789,42.8915],[141.3787,42.8917],[141.3787,42.8917],[141.3785,42.8917],[141.3784,42.8918],[141.3783,42.8918],[141.3782,42.8917],[141.378,42.8917],[141.378,42.8917],[141.3776,42.8915],[141.3774,42.8914],[141.3772,42.8913],[141.3767,42.8911],[141.3764,42.891],[141.3763,42.8909],[141.376,42.8906],[141.376,42.8906],[141.3758,42.8905],[141.3756,42.8904],[141.3754,42.8903],[141.3752,42.8903],[141.375,42.8903],[141.3748,42.8903],[141.3747,42.8903],[141.3746,42.8903],[141.3742,42.8905],[141.3741,42.8905],[141.374,42.8906],[141.3739,42.8907],[141.3738,42.8908],[141.3737,42.8908],[141.3736,42.8908],[141.3732,42.8907],[141.3729,42.8907],[141.3728,42.8907],[141.3726,42.8908],[141.3722,42.891],[141.3719,42.8911],[141.3717,42.8911],[141.3716,42.8912],[141.3715,42.8912],[141.3713,42.8912],[141.3708,42.8913],[141.3706,42.8913],[141.3703,42.8913],[141.3702,42.8913],[141.3701,42.8913],[141.37,42.8913],[141.3698,42.8911],[141.3696,42.8906],[141.3695,42.8905],[141.3695,42.8902],[141.3697,42.8897],[141.3696,42.8896],[141.3696,42.8885],[141.3696,42.8882],[141.3695,42.8877],[141.3694,42.8874],[141.3693,42.8873],[141.3688,42.887],[141.3687,42.8868],[141.3685,42.8866],[141.3684,42.8864],[141.3681,42.8858],[141.368,42.8854],[141.3678,42.8852],[141.3677,42.8851],[141.3675,42.885],[141.3673,42.8849],[141.3672,42.8848],[141.3671,42.8848],[141.367,42.8848],[141.3668,42.8849],[141.3668,42.8849],[141.3667,42.8849],[141.3667,42.8848],[141.3664,42.8847],[141.3663,42.8846],[141.3659,42.8844],[141.3654,42.884],[141.365,42.8836],[141.3649,42.8834],[141.3647,42.8833],[141.3646,42.8833],[141.3644,42.8832],[141.3639,42.8832],[141.3635,42.8831],[141.3632,42.883],[141.3629,42.8828],[141.3625,42.8827],[141.3624,42.8826],[141.3621,42.8825],[141.362,42.8825],[141.3617,42.8822],[141.3615,42.882],[141.3614,42.8819],[141.361,42.8818],[141.3605,42.8816],[141.3603,42.8815],[141.3602,42.8814],[141.3601,42.8811],[141.36,42.8808],[141.3598,42.8806],[141.3596,42.8804],[141.3595,42.8803],[141.3595,42.8802],[141.3595,42.8801],[141.3596,42.8797],[141.3596,42.8796],[141.3596,42.8795],[141.3595,42.8794],[141.3595,42.8792],[141.3595,42.879],[141.3595,42.8789],[141.3595,42.8788],[141.3595,42.8787],[141.3595,42.8786],[141.3593,42.8784],[141.3592,42.8781],[141.359,42.8779],[141.3585,42.8775],[141.3583,42.8773],[141.3582,42.8772],[141.3581,42.8769],[141.358,42.8767],[141.3579,42.8766],[141.3577,42.8763],[141.3576,42.8763],[141.3574,42.8762],[141.3572,42.8762],[141.357,42.8762],[141.357,42.8762],[141.3566,42.8762],[141.3564,42.8762],[141.3562,42.8761],[141.3562,42.876],[141.356,42.8758],[141.3559,42.8756],[141.3558,42.8755],[141.3556,42.8755],[141.3554,42.8754],[141.3552,42.8753],[141.3549,42.8754],[141.3544,42.8755],[141.3542,42.8756],[141.3541,42.8755],[141.3539,42.8755],[141.3531,42.8752],[141.3527,42.8751],[141.3525,42.875],[141.3523,42.8749],[141.3522,42.8749],[141.3522,42.8748],[141.352,42.8747],[141.3519,42.8746],[141.3518,42.8745],[141.3515,42.8744],[141.3512,42.8742],[141.3508,42.874],[141.3505,42.8739],[141.35,42.8738],[141.35,42.8737],[141.3498,42.8737],[141.3496,42.8737],[141.3493,42.8738],[141.3486,42.8739],[141.3478,42.8741],[141.3468,42.8745],[141.3465,42.8746],[141.3464,42.8746],[141.3464,42.8746],[141.3463,42.8746],[141.3458,42.8742],[141.3454,42.874],[141.3445,42.8734],[141.3436,42.8728],[141.3434,42.8727],[141.3433,42.8727],[141.343,42.8727],[141.3425,42.8726],[141.3422,42.8725],[141.3418,42.8724],[141.3417,42.8723],[141.3413,42.8722],[141.341,42.8721],[141.3409,42.8721],[141.3407,42.8721],[141.3401,42.8721],[141.3399,42.8721],[141.3395,42.872],[141.3392,42.872],[141.3382,42.8717],[141.3373,42.8716],[141.3371,42.8715],[141.3369,42.8714],[141.3366,42.8713],[141.3362,42.8709],[141.336,42.8708],[141.3357,42.8706],[141.3355,42.8705],[141.3353,42.8704],[141.3347,42.8702],[141.3344,42.8702],[141.3334,42.87],[141.3333,42.87],[141.333,42.87],[141.3327,42.87],[141.3326,42.87],[141.3324,42.8702],[141.3319,42.8706],[141.3317,42.8708],[141.3316,42.8709],[141.3315,42.871],[141.3315,42.871],[141.3312,42.8711],[141.3306,42.8711],[141.3302,42.8711],[141.3294,42.8712],[141.3291,42.8712],[141.3289,42.8712],[141.3288,42.8713],[141.3287,42.8714],[141.3285,42.8715],[141.328,42.8719],[141.3278,42.872],[141.3276,42.872],[141.3271,42.8719],[141.3268,42.8719],[141.3266,42.8718],[141.3265,42.8719],[141.3264,42.8719],[141.3263,42.8719],[141.3257,42.8718],[141.3251,42.8716],[141.325,42.8716],[141.3249,42.8716],[141.3247,42.8716],[141.3244,42.8716],[141.3241,42.8716],[141.3239,42.8717],[141.3232,42.8718],[141.3225,42.872],[141.3211,42.8724],[141.321,42.8724],[141.3207,42.8726],[141.3206,42.8726],[141.3204,42.8729],[141.3203,42.8732],[141.3201,42.8735],[141.32,42.8737],[141.3199,42.8739],[141.3197,42.8741],[141.3196,42.8742],[141.3192,42.8746],[141.319,42.8747],[141.3187,42.8747],[141.3184,42.8747],[141.318,42.8747],[141.3178,42.8746],[141.3177,42.8746],[141.3176,42.8746],[141.3174,42.8748],[141.3173,42.8749],[141.3172,42.875],[141.317,42.8752],[141.3169,42.8754],[141.3168,42.8755],[141.3167,42.8756],[141.3167,42.8757],[141.3166,42.8758],[141.3166,42.876],[141.3167,42.8763],[141.3167,42.8765],[141.3167,42.8768],[141.3166,42.8773],[141.3165,42.8778],[141.3164,42.878],[141.3162,42.8785],[141.3161,42.879],[141.3161,42.8793],[141.316,42.8797],[141.3159,42.8802],[141.3158,42.8803],[141.3156,42.8806],[141.3154,42.8808],[141.3153,42.8809],[141.3152,42.8811],[141.3151,42.8812],[141.315,42.8819],[141.3148,42.8823],[141.3147,42.8824],[141.3144,42.8828],[141.3141,42.8831],[141.3138,42.8833],[141.3138,42.8833],[141.3131,42.8837],[141.3128,42.8839],[141.3127,42.8841],[141.3126,42.8841],[141.3124,42.8841],[141.312,42.8842],[141.3119,42.8842],[141.3118,42.8842],[141.3117,42.8843],[141.3115,42.8845],[141.3115,42.8846],[141.3116,42.8851],[141.3116,42.8854],[141.3116,42.8854],[141.3116,42.8856],[141.3115,42.8857],[141.3113,42.8857],[141.3106,42.8859],[141.3103,42.886],[141.3101,42.8861],[141.3094,42.8863],[141.3092,42.8863],[141.3089,42.8863],[141.3083,42.8863],[141.3083,42.8863],[141.3077,42.8862],[141.3067,42.8861],[141.3065,42.8861],[141.3062,42.8861],[141.3058,42.8861],[141.3056,42.8862],[141.3054,42.8863],[141.3049,42.8867],[141.3047,42.8868],[141.3044,42.8868],[141.3041,42.8868],[141.3039,42.8868],[141.3036,42.8869],[141.3035,42.8869],[141.3033,42.8868],[141.3031,42.8866],[141.3023,42.8861],[141.3021,42.886],[141.3015,42.8856],[141.3014,42.8855],[141.3012,42.8855],[141.3011,42.8855],[141.3009,42.8855],[141.3007,42.8854],[141.3004,42.8851],[141.3003,42.8851],[141.3002,42.8851],[141.3001,42.885],[141.3,42.885],[141.2998,42.885],[141.2996,42.8851],[141.2987,42.8854],[141.2985,42.8855],[141.2982,42.8855],[141.298,42.8855],[141.2978,42.8855],[141.2974,42.8854],[141.297,42.8852],[141.2966,42.885],[141.2965,42.8849],[141.2964,42.8845],[141.2963,42.8844],[141.2962,42.8844],[141.2956,42.8844],[141.2953,42.8844],[141.2951,42.8843],[141.2949,42.8843],[141.2946,42.8843],[141.2945,42.8842],[141.294,42.8839],[141.2937,42.8837],[141.2936,42.8837],[141.2932,42.8834],[141.293,42.8833],[141.2929,42.8833],[141.2928,42.8832],[141.2928,42.8831],[141.2927,42.8829],[141.2925,42.8824],[141.2924,42.8822],[141.2923,42.882],[141.2921,42.8817],[141.2918,42.8815],[141.2917,42.8814],[141.2917,42.8814],[141.2914,42.8812],[141.2913,42.8811],[141.2911,42.8811],[141.2909,42.881],[141.2906,42.881],[141.2904,42.8809],[141.2903,42.8809],[141.2902,42.8809],[141.2901,42.8807],[141.29,42.8805],[141.2898,42.88],[141.2897,42.8798],[141.2895,42.8797],[141.289,42.8791],[141.2889,42.8788],[141.2888,42.8787],[141.2888,42.8786],[141.2889,42.8785],[141.2892,42.8781],[141.2893,42.8781],[141.2894,42.878],[141.2894,42.8779],[141.2894,42.8777],[141.2893,42.8775],[141.2891,42.8773],[141.2887,42.8768],[141.2879,42.876],[141.2875,42.8756],[141.2873,42.8755],[141.2872,42.8754],[141.2872,42.8752],[141.2871,42.8751],[141.2871,42.875],[141.2871,42.8749],[141.2871,42.8747],[141.2872,42.8746],[141.2871,42.8744],[141.2871,42.8744],[141.287,42.8742],[141.2869,42.874],[141.2867,42.8738],[141.2865,42.8736],[141.2861,42.8735],[141.2849,42.8733],[141.2847,42.8732],[141.2845,42.8732],[141.2843,42.8731],[141.2839,42.8729],[141.2834,42.8727],[141.2833,42.8727],[141.2832,42.8727],[141.2831,42.8728],[141.2829,42.8728],[141.2823,42.8732],[141.282,42.8734],[141.2816,42.8736],[141.2815,42.8737],[141.2815,42.8737],[141.2808,42.8738],[141.2804,42.8739],[141.2802,42.8739],[141.2801,42.8739],[141.28,42.8739],[141.2798,42.8738],[141.2793,42.8735],[141.2793,42.8734],[141.2793,42.8734],[141.2793,42.873],[141.2792,42.8729],[141.2792,42.8728],[141.2791,42.8727],[141.279,42.8727],[141.2787,42.8726],[141.2783,42.8725],[141.2781,42.8725],[141.2774,42.8724],[141.277,42.8723],[141.2766,42.8722],[141.2765,42.8721],[141.2761,42.872],[141.2758,42.8719],[141.2752,42.8717],[141.275,42.8715],[141.275,42.8715],[141.2749,42.8714],[141.2746,42.8712],[141.2745,42.8711],[141.2744,42.871],[141.2742,42.871],[141.2741,42.871],[141.2739,42.871],[141.2737,42.8709],[141.2736,42.8709],[141.2735,42.8707],[141.2733,42.8704],[141.2731,42.8703],[141.2727,42.8701],[141.2723,42.8698],[141.2721,42.8697],[141.2718,42.8695],[141.2709,42.8693],[141.2707,42.8692],[141.2706,42.8692],[141.2704,42.869],[141.2702,42.8689],[141.27,42.8689],[141.2697,42.8688],[141.2695,42.8686],[141.2693,42.8685],[141.2689,42.8682],[141.2689,42.8681],[141.2688,42.868],[141.2687,42.868],[141.2686,42.868],[141.2682,42.868],[141.2676,42.868],[141.2673,42.8681],[141.2668,42.868],[141.2667,42.868],[141.2665,42.868],[141.266,42.8679],[141.2657,42.8678],[141.2648,42.8675],[141.2643,42.8674],[141.2638,42.8672],[141.2637,42.8671],[141.2631,42.867],[141.2624,42.8668],[141.2621,42.8667],[141.262,42.8667],[141.2619,42.8666],[141.2612,42.8664],[141.2605,42.8662],[141.2603,42.8661],[141.2602,42.8661],[141.26,42.866],[141.2597,42.8659],[141.2591,42.8655],[141.2588,42.8653],[141.2587,42.8652],[141.2584,42.8649],[141.2583,42.8649],[141.2582,42.8647],[141.2581,42.8647],[141.2579,42.8646],[141.2574,42.8645],[141.2571,42.8644],[141.2568,42.8644],[141.2565,42.8645],[141.2559,42.8646],[141.2553,42.8648],[141.2546,42.8649],[141.2539,42.865],[141.2538,42.865],[141.2538,42.8649],[141.2538,42.8648],[141.2538,42.8648],[141.2541,42.8646],[141.2547,42.8642],[141.2553,42.8636],[141.2555,42.8633],[141.2559,42.8628],[141.256,42.8625],[141.2561,42.8623],[141.2561,42.862],[141.2562,42.8615],[141.2562,42.8613],[141.2561,42.861],[141.2559,42.8603],[141.2558,42.86],[141.2555,42.8593],[141.2553,42.859],[141.2551,42.8583],[141.255,42.8581],[141.255,42.8576],[141.2549,42.8572],[141.2549,42.8569],[141.255,42.8566],[141.2551,42.8563],[141.2553,42.856],[141.2557,42.8554],[141.2559,42.8551],[141.2559,42.855],[141.2559,42.8547],[141.256,42.8541],[141.256,42.8539],[141.2562,42.8529],[141.2563,42.8525],[141.2563,42.8523],[141.2564,42.8521],[141.2565,42.8518],[141.2566,42.8516],[141.2567,42.8513],[141.2567,42.8511],[141.2567,42.8509],[141.2566,42.8507],[141.2565,42.8504],[141.2564,42.8502],[141.2564,42.85],[141.2564,42.85],[141.2564,42.8498],[141.2564,42.8497],[141.2565,42.8495],[141.2566,42.8492],[141.2566,42.8491],[141.2566,42.8489],[141.2566,42.8486],[141.2564,42.8483],[141.2561,42.8479],[141.2558,42.8476],[141.2552,42.847],[141.2547,42.8466],[141.2543,42.8462],[141.2539,42.8459],[141.2533,42.8454],[141.2531,42.8452],[141.253,42.8451],[141.2529,42.8449],[141.2528,42.8448],[141.2527,42.8446],[141.2527,42.8446],[141.2527,42.8443],[141.2526,42.8436],[141.2526,42.8433],[141.2525,42.8432],[141.2523,42.843],[141.2521,42.8429],[141.2518,42.8428],[141.2514,42.8426],[141.2506,42.8422],[141.2503,42.842],[141.25,42.8419],[141.2496,42.8417],[141.2496,42.8417],[141.2489,42.8412],[141.2485,42.841],[141.2484,42.8409],[141.2483,42.8408],[141.2484,42.8407],[141.2484,42.8406],[141.2486,42.8404],[141.2486,42.8403],[141.2486,42.8402],[141.2484,42.84],[141.2482,42.84],[141.2479,42.84],[141.2476,42.84],[141.2472,42.84],[141.2472,42.84],[141.2463,42.84],[141.246,42.84],[141.2457,42.84],[141.2455,42.8399],[141.2453,42.8399],[141.2448,42.8399],[141.2443,42.8398],[141.2442,42.8398],[141.2439,42.8398],[141.2437,42.8398],[141.2432,42.8398],[141.243,42.8398],[141.2429,42.8398],[141.2428,42.8397],[141.2428,42.8396],[141.2427,42.8395],[141.2425,42.8392],[141.2424,42.8391],[141.2423,42.839],[141.2422,42.8389],[141.2421,42.8387],[141.242,42.8387],[141.2419,42.8384],[141.2419,42.8382],[141.2418,42.8381],[141.2417,42.8381],[141.2417,42.838],[141.2415,42.8379],[141.2414,42.8377],[141.2413,42.8376],[141.2412,42.8375],[141.2413,42.8374],[141.2413,42.8372],[141.2414,42.8369],[141.2414,42.8368],[141.2414,42.8367],[141.2414,42.8366],[141.2413,42.8365],[141.2412,42.8363],[141.241,42.8361],[141.2409,42.836],[141.2408,42.8358],[141.2405,42.835],[141.2404,42.8349],[141.2404,42.8347],[141.2404,42.834],[141.2404,42.8335],[141.2404,42.8333],[141.2403,42.8329],[141.2403,42.8326],[141.2403,42.8325],[141.2402,42.8323],[141.2399,42.832],[141.2397,42.8318],[141.2396,42.8316],[141.2395,42.8314],[141.2392,42.8309],[141.2391,42.8308],[141.2391,42.8306],[141.2392,42.8303],[141.2392,42.8301],[141.2395,42.8298],[141.2397,42.8295],[141.2397,42.8294],[141.2397,42.8294],[141.2397,42.8293],[141.2395,42.8292],[141.2392,42.829],[141.2388,42.8288],[141.2383,42.8286],[141.2379,42.8284],[141.2374,42.8282],[141.237,42.8281],[141.2363,42.8278],[141.2357,42.8275],[141.2356,42.8274],[141.2355,42.8272],[141.2356,42.827],[141.2356,42.8267],[141.2356,42.8265],[141.2356,42.8262],[141.2355,42.8258],[141.2355,42.8256],[141.2356,42.8256],[141.2356,42.8255],[141.2358,42.8254],[141.2359,42.8252],[141.2359,42.8251],[141.2359,42.825],[141.2358,42.8249],[141.2354,42.8243],[141.2353,42.8241],[141.2353,42.8239],[141.2353,42.8238],[141.2353,42.8236],[141.2354,42.8234],[141.2354,42.8232],[141.2354,42.8229],[141.2354,42.8227],[141.2354,42.8226],[141.2354,42.8225],[141.2353,42.8224],[141.2353,42.8223],[141.2353,42.8221],[141.2354,42.8218],[141.2355,42.8217],[141.2355,42.8216],[141.2355,42.8214],[141.2356,42.8211],[141.2352,42.8211],[141.2348,42.8211],[141.2343,42.821],[141.2339,42.8209],[141.2338,42.8209],[141.2336,42.8209],[141.2334,42.8209],[141.2333,42.8209],[141.2333,42.8209],[141.2327,42.8209],[141.2322,42.8208],[141.232,42.8207],[141.2319,42.8206],[141.2318,42.8205],[141.2318,42.8202],[141.2319,42.8199],[141.2319,42.8198],[141.2319,42.8197],[141.2319,42.8193],[141.232,42.819],[141.2321,42.8188],[141.2321,42.8187],[141.2322,42.8184],[141.2322,42.8184],[141.2322,42.8181],[141.2321,42.818],[141.232,42.8178],[141.2319,42.8177],[141.2319,42.8176],[141.2319,42.8176],[141.2319,42.8174],[141.2319,42.8169],[141.232,42.8167],[141.232,42.8166],[141.2321,42.8165],[141.232,42.8164],[141.232,42.8163],[141.2319,42.8161],[141.232,42.8154],[141.232,42.8149],[141.232,42.8147],[141.232,42.8146],[141.2317,42.8143],[141.2314,42.8141],[141.2312,42.8139],[141.2311,42.8138],[141.2311,42.8137],[141.2311,42.8137],[141.231,42.8135],[141.2308,42.8133],[141.2306,42.8132],[141.2303,42.8132],[141.23,42.8134],[141.2299,42.8134],[141.2298,42.8134],[141.2296,42.8134],[141.2285,42.8133],[141.2281,42.8132],[141.2275,42.8132],[141.2264,42.8132],[141.2261,42.8131],[141.2256,42.8131],[141.2253,42.813],[141.2252,42.813],[141.2251,42.8129],[141.225,42.8129],[141.2249,42.8128],[141.2239,42.8123],[141.2232,42.8121],[141.2228,42.8119],[141.2225,42.8118],[141.2224,42.8117],[141.2222,42.8112],[141.222,42.8107],[141.2219,42.8106],[141.2218,42.8104],[141.2215,42.8102],[141.2214,42.8099],[141.2212,42.8097],[141.2207,42.8091],[141.2206,42.8089],[141.2204,42.8089],[141.2202,42.8088],[141.2201,42.8087],[141.2199,42.8086],[141.2196,42.8083],[141.2196,42.8083],[141.2194,42.8082],[141.2193,42.808],[141.2191,42.8074],[141.2191,42.8072],[141.2192,42.8071],[141.2193,42.8069],[141.2194,42.8064],[141.2194,42.8061],[141.2195,42.806],[141.2197,42.8056],[141.2199,42.8054],[141.22,42.8053],[141.2212,42.8051],[141.2222,42.8049],[141.2224,42.8048],[141.2226,42.8046],[141.2226,42.8044],[141.2227,42.8042],[141.2227,42.8041],[141.2227,42.8041],[141.2227,42.804],[141.2231,42.8036],[141.2235,42.803],[141.2238,42.8027],[141.2242,42.8021],[141.2243,42.8018],[141.2244,42.8015],[141.2244,42.8011],[141.2245,42.8009],[141.2244,42.8],[141.2244,42.8],[141.2244,42.7997],[141.2245,42.7996],[141.2247,42.7993],[141.225,42.7993],[141.2252,42.7992],[141.2255,42.7991],[141.226,42.7991],[141.2262,42.799],[141.2264,42.7988],[141.2266,42.7985],[141.2268,42.7984],[141.227,42.7983],[141.2272,42.7982],[141.2277,42.7982],[141.228,42.7981],[141.2282,42.798],[141.2284,42.7979],[141.2288,42.7977],[141.2288,42.7977],[141.229,42.7976],[141.2293,42.7976],[141.2298,42.7976],[141.23,42.7975],[141.2303,42.7974],[141.2303,42.7973],[141.2304,42.7973],[141.2304,42.7971],[141.2304,42.7966],[141.2304,42.7964],[141.2304,42.7962],[141.2304,42.7961],[141.2303,42.796],[141.2301,42.7956],[141.2298,42.7952],[141.2296,42.795],[141.2296,42.795],[141.2295,42.7948],[141.2294,42.7944],[141.2294,42.7941],[141.2295,42.794],[141.2295,42.7938],[141.2297,42.7937],[141.23,42.7934],[141.2302,42.7932],[141.2304,42.7931],[141.2306,42.793],[141.2307,42.7928],[141.2307,42.7925],[141.2306,42.7923],[141.2307,42.7922],[141.2307,42.792],[141.2309,42.7919],[141.2311,42.7918],[141.2312,42.7917],[141.2312,42.7916],[141.2311,42.7915],[141.2309,42.7914],[141.2303,42.791],[141.2301,42.791],[141.2298,42.7909],[141.2295,42.7907],[141.2293,42.7907],[141.2291,42.7907],[141.2289,42.7907],[141.2285,42.7907],[141.2282,42.7906],[141.228,42.7905],[141.2278,42.7904],[141.2276,42.7902],[141.2271,42.7898],[141.2269,42.7896],[141.2268,42.7896],[141.2264,42.7894],[141.2251,42.789],[141.225,42.789],[141.2244,42.7888],[141.2241,42.7887],[141.2238,42.7885],[141.2233,42.7881],[141.2231,42.7879],[141.223,42.7878],[141.2226,42.7877],[141.222,42.7876],[141.2218,42.7876],[141.2217,42.7876],[141.2211,42.7877],[141.2206,42.7877],[141.2204,42.7877],[141.2195,42.7877],[141.2185,42.7875],[141.2185,42.7875],[141.2171,42.7873],[141.2167,42.7872],[141.2164,42.7872],[141.216,42.7872],[141.2155,42.7872],[141.2152,42.7872],[141.2146,42.787],[141.2143,42.7869],[141.2138,42.7869],[141.2133,42.7869],[141.2129,42.7869],[141.2126,42.7869],[141.2121,42.787],[141.2117,42.787],[141.2114,42.787],[141.2111,42.7869],[141.2109,42.7868],[141.2101,42.7865],[141.2097,42.7864],[141.2096,42.7864],[141.209,42.7864],[141.2088,42.7863],[141.2087,42.7863],[141.2083,42.7862],[141.2081,42.7861],[141.2074,42.7859],[141.2066,42.7858],[141.2064,42.7857],[141.206,42.7856],[141.2054,42.7853],[141.2051,42.7851],[141.2049,42.785],[141.2046,42.7849],[141.2042,42.7847],[141.2035,42.7845],[141.2028,42.7843],[141.2025,42.7842],[141.202,42.7842],[141.2013,42.7843],[141.2006,42.7843],[141.2,42.7844],[141.1999,42.7844],[141.1991,42.7844],[141.198,42.7843],[141.1974,42.7843],[141.1973,42.7843],[141.1968,42.7843],[141.1963,42.7844],[141.1953,42.7846],[141.1944,42.7847],[141.1938,42.7848],[141.1924,42.785],[141.1917,42.7852],[141.1915,42.7852],[141.1908,42.7854],[141.19,42.7858],[141.1892,42.7861],[141.189,42.7862],[141.1882,42.7862],[141.1874,42.7863],[141.1869,42.7863],[141.1867,42.7863],[141.1864,42.7862],[141.1856,42.7861],[141.1844,42.786],[141.1836,42.7858],[141.1833,42.7858],[141.1828,42.7856],[141.182,42.7854],[141.1803,42.7847],[141.1797,42.7843],[141.1788,42.7839],[141.1785,42.7838],[141.1778,42.7839],[141.177,42.784],[141.1764,42.7841],[141.176,42.7843],[141.1755,42.7844],[141.1752,42.7846],[141.175,42.7847],[141.1749,42.7848],[141.1746,42.785],[141.1741,42.7851],[141.1737,42.7852],[141.1735,42.7852],[141.173,42.7852],[141.1725,42.7851],[141.1723,42.785],[141.1719,42.7849],[141.171,42.7841],[141.1708,42.7839],[141.1706,42.7833],[141.1703,42.7827],[141.17,42.782],[141.1697,42.7818],[141.1696,42.7817],[141.1695,42.7817],[141.1691,42.7816],[141.1684,42.7814],[141.168,42.7813],[141.1674,42.7812],[141.1667,42.7811],[141.1665,42.7811],[141.1662,42.7811],[141.166,42.7812],[141.1657,42.7812],[141.165,42.7815],[141.1642,42.7817],[141.1638,42.7817],[141.1632,42.7818],[141.1627,42.7817],[141.1626,42.7816],[141.1625,42.7816],[141.1623,42.7814],[141.1618,42.7809],[141.1614,42.7807],[141.1611,42.7807],[141.1609,42.7807],[141.1607,42.7808],[141.1597,42.7815],[141.1591,42.7819],[141.1588,42.7822],[141.1585,42.7825],[141.1584,42.7826],[141.1583,42.7826],[141.1579,42.783],[141.1577,42.7833],[141.1576,42.7833],[141.1573,42.7835],[141.1571,42.7838],[141.157,42.784],[141.1564,42.785],[141.1561,42.7854],[141.156,42.7856],[141.1556,42.7858],[141.1548,42.7859],[141.1539,42.786],[141.1538,42.786],[141.1529,42.7863],[141.1526,42.7865],[141.1523,42.7867],[141.1519,42.7869],[141.1514,42.7871],[141.151,42.7872],[141.1503,42.7873],[141.15,42.7872],[141.15,42.7872],[141.1494,42.7872],[141.1484,42.7872],[141.1476,42.7874],[141.1471,42.7875],[141.1466,42.7875],[141.146,42.7874],[141.1452,42.7873],[141.1448,42.7873],[141.1441,42.7877],[141.1433,42.7881],[141.143,42.7883],[141.1429,42.7883],[141.1425,42.7884],[141.1417,42.7886],[141.1414,42.7886],[141.1411,42.7887],[141.1407,42.7888],[141.1406,42.7889],[141.1402,42.7892],[141.14,42.7897],[141.1399,42.7898],[141.1392,42.7913],[141.139,42.7917],[141.1389,42.7918],[141.1387,42.7921],[141.1386,42.7924],[141.1385,42.7927],[141.1383,42.7931],[141.1382,42.7932],[141.1379,42.7935],[141.1376,42.7938],[141.137,42.7946],[141.1369,42.7948],[141.1367,42.795],[141.1362,42.7953],[141.1357,42.7958],[141.1356,42.7961],[141.1355,42.7963],[141.1356,42.7968],[141.1356,42.7971],[141.1358,42.7976],[141.1361,42.7984],[141.1362,42.7985],[141.1361,42.7986],[141.1358,42.7988],[141.1352,42.7992],[141.135,42.7995],[141.1349,42.7998],[141.1348,42.7999],[141.1348,42.8],[141.1348,42.8007],[141.1347,42.801],[141.1347,42.8012],[141.1346,42.8015],[141.1343,42.802],[141.134,42.8024],[141.1337,42.803],[141.1333,42.8034],[141.1333,42.8035],[141.1332,42.8038],[141.1331,42.8039],[141.1325,42.8042],[141.1322,42.8042],[141.1308,42.8043],[141.1298,42.8044],[141.1295,42.8043],[141.1277,42.8043],[141.1264,42.8041],[141.1261,42.8042],[141.1259,42.8043],[141.1253,42.8047],[141.125,42.8048],[141.1248,42.8049],[141.1245,42.805],[141.124,42.8051],[141.1236,42.8052],[141.1231,42.8054],[141.1228,42.8056],[141.1223,42.8061],[141.122,42.8066],[141.1218,42.807],[141.1213,42.8073],[141.1205,42.8079],[141.1203,42.8081],[141.1201,42.8083],[141.1201,42.8083],[141.1199,42.8086],[141.1198,42.8089],[141.1194,42.8093],[141.1189,42.8097],[141.1182,42.81],[141.1169,42.8105],[141.1167,42.8106],[141.1161,42.8108],[141.1153,42.811],[141.1147,42.8111],[141.1142,42.8111],[141.1138,42.8112],[141.1136,42.8113],[141.1135,42.8114],[141.1133,42.8117],[141.1132,42.812],[141.1129,42.8124],[141.1126,42.8128],[141.1122,42.8134],[141.1119,42.8136],[141.1113,42.814],[141.1104,42.8143],[141.109,42.8148],[141.1083,42.8151],[141.1065,42.8157],[141.1046,42.8164],[141.1041,42.8167],[141.1036,42.8169],[141.1034,42.817],[141.1026,42.8174],[141.1021,42.8178],[141.1016,42.818],[141.1006,42.8186],[141.1,42.8189],[141.099,42.8195],[141.098,42.8201],[141.0974,42.8204],[141.0967,42.8206],[141.0961,42.8207],[141.0954,42.8208],[141.0951,42.8209],[141.095,42.8209],[141.0948,42.8211],[141.0948,42.8213],[141.0947,42.8216],[141.0947,42.8217],[141.0945,42.8221],[141.0942,42.8223],[141.0938,42.8226],[141.0934,42.8229],[141.0932,42.823],[141.0933,42.8232],[141.0943,42.8236],[141.0957,42.8241],[141.096,42.8242],[141.0962,42.8243],[141.0965,42.8245],[141.0969,42.8249],[141.0969,42.825],[141.0971,42.8252],[141.0972,42.8256],[141.0974,42.8259],[141.0977,42.8262],[141.0978,42.8264],[141.0982,42.8265],[141.0988,42.8269],[141.0991,42.8271],[141.0993,42.8272],[141.0998,42.8274],[141.1,42.8274],[141.1001,42.8275],[141.1004,42.8276],[141.1006,42.8277],[141.1007,42.8279],[141.1006,42.8281],[141.1005,42.8284],[141.1005,42.8287],[141.1005,42.8291],[141.1004,42.8294],[141.1002,42.8298],[141.1,42.8301],[141.1,42.8302],[141.0997,42.8309],[141.0997,42.8312],[141.0998,42.8315],[141.0999,42.8323],[141.0999,42.833],[141.0998,42.8333],[141.0997,42.8334],[141.0995,42.8338],[141.0994,42.8341],[141.0992,42.8343],[141.0989,42.8347],[141.0987,42.835],[141.0986,42.8354],[141.0983,42.8358],[141.0979,42.8363],[141.0976,42.8367],[141.0974,42.8369],[141.0973,42.837],[141.097,42.8375],[141.0965,42.8381],[141.0964,42.8383],[141.096,42.8389],[141.0958,42.8392],[141.0956,42.8395],[141.0954,42.8398],[141.0952,42.8402],[141.0949,42.8408],[141.0947,42.8411],[141.0946,42.8413],[141.0944,42.8417],[141.0944,42.8417],[141.0944,42.8417],[141.0943,42.8421],[141.0942,42.8425],[141.0942,42.8426],[141.0944,42.8428],[141.0944,42.8428],[141.0946,42.8429],[141.0951,42.8431],[141.0953,42.8432],[141.0961,42.8436],[141.0965,42.8438],[141.0968,42.8439],[141.0969,42.844],[141.0975,42.8443],[141.0979,42.8444],[141.0985,42.8447],[141.0989,42.845],[141.0993,42.8452],[141.0996,42.8454],[141.0998,42.8455],[141.1,42.8457],[141.1001,42.8457],[141.1003,42.8459],[141.1007,42.8461],[141.1009,42.8463],[141.1014,42.8465],[141.1016,42.8466],[141.1023,42.847],[141.1025,42.847],[141.1028,42.8472],[141.1034,42.8474],[141.1036,42.8474],[141.1033,42.8477],[141.1028,42.848],[141.1026,42.8481],[141.1024,42.8484],[141.102,42.8487],[141.1015,42.849],[141.1013,42.8491],[141.1008,42.8496],[141.1008,42.8497],[141.1006,42.85],[141.1006,42.85],[141.1005,42.8504],[141.1003,42.8512],[141.1002,42.8516],[141.1001,42.8522],[141.1,42.8524],[141.1,42.8524],[141.0999,42.8525],[141.0989,42.8532],[141.0983,42.8536],[141.0982,42.8537],[141.0978,42.8542],[141.0976,42.8548],[141.0976,42.855],[141.0975,42.8554],[141.0976,42.8558],[141.0977,42.8562],[141.0979,42.857],[141.098,42.8575],[141.0982,42.8578],[141.0984,42.858],[141.0986,42.8582],[141.0986,42.8583],[141.0987,42.8585],[141.0989,42.859],[141.099,42.8596],[141.099,42.8599],[141.099,42.8603],[141.0988,42.8606],[141.0987,42.8609],[141.0986,42.8611],[141.0986,42.8613],[141.0986,42.8616],[141.0986,42.8618],[141.0986,42.8619],[141.0984,42.8621],[141.0984,42.8622],[141.0983,42.8623],[141.0983,42.8625],[141.0983,42.8628],[141.0984,42.8631],[141.0987,42.8636],[141.0991,42.8641],[141.0997,42.8646],[141.1,42.8648],[141.1001,42.8649],[141.1003,42.865],[141.1004,42.8653],[141.1004,42.8664],[141.1004,42.8667],[141.1005,42.8671],[141.1005,42.8674],[141.1006,42.8678],[141.1008,42.8683],[141.101,42.8687],[141.1013,42.8691],[141.1017,42.8695],[141.1021,42.8697],[141.1025,42.87],[141.1025,42.87],[141.1029,42.8703],[141.1036,42.8707],[141.1038,42.8708],[141.1042,42.8711],[141.1044,42.8712],[141.1051,42.8714],[141.1054,42.8716],[141.1058,42.8718],[141.1065,42.8721],[141.1068,42.8722],[141.107,42.8723],[141.1071,42.8725],[141.1071,42.8727],[141.107,42.8732],[141.1068,42.8735],[141.1068,42.8737],[141.1067,42.8738],[141.1066,42.874],[141.1064,42.8743],[141.1063,42.8745],[141.1061,42.8749],[141.106,42.875],[141.1059,42.8751],[141.1056,42.8755],[141.1053,42.8762],[141.1051,42.8767],[141.1051,42.8767],[141.105,42.8769],[141.105,42.8774],[141.1048,42.8777],[141.1047,42.8781],[141.1045,42.8786],[141.1043,42.879],[141.1039,42.8796],[141.1037,42.88],[141.1036,42.8803],[141.1034,42.8806],[141.1033,42.8809],[141.1028,42.8818],[141.1023,42.8823],[141.1015,42.8829],[141.1011,42.8831],[141.1005,42.8833],[141.1003,42.8834],[141.1,42.8835],[141.0997,42.8836],[141.0993,42.8837],[141.0993,42.8837],[141.099,42.8837],[141.0987,42.8836],[141.0983,42.8833],[141.098,42.8832],[141.0975,42.8829],[141.0974,42.8829],[141.0968,42.8826],[141.0964,42.8824],[141.0959,42.8822],[141.0957,42.8821],[141.0955,42.8819],[141.0952,42.8818],[141.0948,42.8815],[141.0946,42.8814],[141.0942,42.8811],[141.094,42.881],[141.0936,42.8807],[141.0935,42.8807],[141.0933,42.8806],[141.093,42.8806],[141.0928,42.8805],[141.0925,42.8804],[141.0922,42.8803],[141.0919,42.8803],[141.0917,42.8802],[141.0914,42.8801],[141.0909,42.88],[141.0906,42.8799],[141.0901,42.8798],[141.0898,42.8797],[141.0896,42.8796],[141.0895,42.8796],[141.0893,42.8795],[141.0888,42.8794],[141.088,42.8793],[141.0876,42.8792],[141.0869,42.8792],[141.0862,42.8793],[141.0857,42.8794],[141.085,42.8797],[141.084,42.88],[141.0833,42.8802],[141.0832,42.8803],[141.083,42.8805],[141.0829,42.8808],[141.0828,42.881],[141.0827,42.8816],[141.0824,42.882],[141.0822,42.8823],[141.0819,42.8825],[141.0816,42.8828],[141.0811,42.8832],[141.081,42.8833],[141.081,42.8833],[141.0809,42.8834],[141.0806,42.8838],[141.0804,42.884],[141.08,42.8846],[141.0797,42.885],[141.0796,42.8851],[141.0794,42.8853],[141.0791,42.8855],[141.0788,42.8856],[141.0785,42.8857],[141.0777,42.8857],[141.0769,42.8857],[141.0763,42.8857],[141.0757,42.8857],[141.0755,42.8856],[141.0751,42.8856],[141.075,42.8856],[141.0745,42.8856],[141.0743,42.8856],[141.074,42.8855],[141.0731,42.8854],[141.0721,42.8851],[141.0716,42.8849],[141.0711,42.8847],[141.0702,42.8842],[141.0699,42.884],[141.0697,42.884],[141.0691,42.8839],[141.0688,42.884],[141.0684,42.8841],[141.0682,42.8842],[141.0668,42.8844],[141.0667,42.8845],[141.066,42.8846],[141.0658,42.8846],[141.0651,42.8846],[141.0646,42.8846],[141.0635,42.8848],[141.0626,42.8849],[141.062,42.8848],[141.0615,42.8847],[141.061,42.8847],[141.061,42.8847],[141.0608,42.8847],[141.0596,42.8848],[141.0591,42.8848],[141.0586,42.8847],[141.0583,42.8847],[141.0576,42.8845],[141.0569,42.8845],[141.0562,42.8845],[141.0558,42.8846],[141.0555,42.8846],[141.055,42.8847],[141.0538,42.8848],[141.0533,42.8848],[141.053,42.8848],[141.0521,42.8848],[141.0516,42.8847],[141.0513,42.8847],[141.0509,42.8846],[141.0505,42.8845],[141.0501,42.8843],[141.05,42.8843],[141.05,42.8843],[141.0491,42.884],[141.0483,42.8837],[141.048,42.8837],[141.0477,42.8837],[141.0474,42.8837],[141.0472,42.8837],[141.0465,42.8838],[141.0459,42.8839],[141.0454,42.884],[141.0443,42.8841],[141.0435,42.8844],[141.0428,42.8847],[141.042,42.8849],[141.0417,42.8849],[141.0417,42.8849],[141.0411,42.885],[141.0403,42.8852],[141.0397,42.8853],[141.0395,42.8854],[141.0394,42.8855],[141.0391,42.8864],[141.039,42.8865],[141.0389,42.8871],[141.0387,42.8875],[141.0385,42.8877],[141.0383,42.8879],[141.0382,42.888],[141.0381,42.8882],[141.0381,42.8889],[141.0381,42.8892],[141.038,42.8896],[141.038,42.8897],[141.0379,42.89],[141.0378,42.8904],[141.0375,42.891],[141.0375,42.8912],[141.0375,42.8912],[141.0375,42.8915],[141.0375,42.8917],[141.0376,42.8921],[141.0377,42.8926],[141.038,42.8932],[141.038,42.8934],[141.038,42.8936],[141.0379,42.8937],[141.0377,42.8939],[141.0375,42.8942],[141.0375,42.8942],[141.0373,42.8945],[141.0372,42.8947],[141.0372,42.8949],[141.0371,42.8951],[141.037,42.8955],[141.0365,42.8956],[141.0357,42.8957],[141.0346,42.8959],[141.0345,42.8959],[141.0344,42.896],[141.0344,42.8962],[141.0345,42.8965],[141.0345,42.897],[141.0344,42.8973],[141.0343,42.8976],[141.0342,42.8979],[141.0342,42.898],[141.0342,42.8981],[141.0343,42.8982],[141.0343,42.8985],[141.0344,42.8987],[141.0345,42.8992],[141.0345,42.8996],[141.0344,42.9],[141.0344,42.9],[141.0343,42.9004],[141.0343,42.9008],[141.0343,42.9011],[141.0344,42.9014],[141.0345,42.9018],[141.0347,42.9021],[141.0349,42.9025],[141.0349,42.9028],[141.0348,42.9029],[141.0342,42.9037],[141.034,42.9039],[141.0339,42.9041],[141.0338,42.9043],[141.0338,42.9044],[141.0339,42.9047],[141.0341,42.9053],[141.0341,42.9058],[141.034,42.9061],[141.0339,42.9063],[141.0335,42.9066],[141.0335,42.9067],[141.0333,42.9068],[141.0331,42.907],[141.0327,42.9074],[141.0324,42.9076],[141.0321,42.9078],[141.0319,42.9081],[141.0317,42.9083],[141.0316,42.9085],[141.0312,42.9088],[141.0311,42.909],[141.0309,42.909],[141.0307,42.9091],[141.0298,42.909],[141.0295,42.9091],[141.0292,42.9092],[141.029,42.9094],[141.0287,42.9097],[141.0285,42.91],[141.028,42.9108],[141.0278,42.9111],[141.0274,42.9119],[141.0273,42.9121],[141.0271,42.9124],[141.0269,42.9127],[141.0268,42.9129],[141.0268,42.9131],[141.0268,42.9132],[141.0269,42.9133],[141.0269,42.9136],[141.0271,42.9138],[141.0272,42.914],[141.0276,42.9144],[141.0279,42.9146],[141.0281,42.9147],[141.0283,42.9148],[141.0292,42.9152],[141.0294,42.9153],[141.0296,42.9154],[141.0299,42.9155],[141.0301,42.9156],[141.0308,42.9159],[141.0311,42.9161],[141.0313,42.9162],[141.0315,42.9163],[141.0317,42.9164],[141.0322,42.9166],[141.0322,42.9167],[141.0324,42.9168],[141.0326,42.9169],[141.0328,42.9171],[141.033,42.9172],[141.0332,42.9173],[141.0333,42.9174],[141.0336,42.9176],[141.0338,42.9178],[141.0339,42.918],[141.0342,42.9185],[141.0341,42.9191],[141.034,42.9195],[141.0341,42.9199],[141.0343,42.9203],[141.0347,42.9214],[141.035,42.9221],[141.0354,42.9228],[141.0356,42.9232],[141.0361,42.9241],[141.0365,42.9248],[141.0367,42.925],[141.037,42.9254],[141.0373,42.9259],[141.0377,42.9264],[141.038,42.9268],[141.0383,42.9271],[141.0385,42.9273],[141.0386,42.9274],[141.039,42.9277],[141.0393,42.9281],[141.0396,42.9284],[141.0398,42.9287],[141.0401,42.9294],[141.0403,42.9299],[141.0406,42.9302],[141.0407,42.9305],[141.041,42.9312],[141.0411,42.9316],[141.0412,42.9325],[141.0414,42.9333],[141.0414,42.9333],[141.0415,42.9337],[141.0415,42.9338],[141.0416,42.9339],[141.0417,42.9341],[141.0419,42.9345],[141.042,42.9348],[141.0422,42.9353],[141.0424,42.9356],[141.0425,42.9359],[141.0428,42.9364],[141.0429,42.9366],[141.0431,42.9368],[141.0434,42.937],[141.0441,42.9374],[141.0447,42.9376],[141.0451,42.9378],[141.0455,42.938],[141.0457,42.9382],[141.046,42.9384],[141.0461,42.9387],[141.0462,42.939],[141.0464,42.9393],[141.0465,42.9395],[141.0467,42.9397],[141.0469,42.9398],[141.0472,42.9399],[141.0477,42.9401],[141.0478,42.9401],[141.0481,42.9402],[141.0482,42.9404],[141.0484,42.9408],[141.0485,42.9416],[141.0486,42.9417],[141.0486,42.9419],[141.0486,42.9421],[141.0485,42.9423],[141.0485,42.9423],[141.0485,42.9425],[141.0487,42.9428],[141.0491,42.9433],[141.0492,42.9435],[141.0494,42.9439],[141.0497,42.9443],[141.05,42.9446],[141.0504,42.945],[141.0511,42.9458],[141.0512,42.9461],[141.0513,42.9464],[141.0514,42.947],[141.0514,42.9473],[141.0516,42.9477],[141.0518,42.9488],[141.0519,42.9494],[141.052,42.9498],[141.0521,42.95],[141.0522,42.9504],[141.0523,42.9506],[141.0525,42.9514],[141.0527,42.9521],[141.0528,42.9525],[141.0527,42.9526],[141.0521,42.9525],[141.0509,42.9526],[141.05,42.9528],[141.0499,42.9528],[141.0481,42.953],[141.0475,42.9531],[141.0472,42.9532],[141.0469,42.9533],[141.0467,42.9534],[141.0464,42.9536],[141.0458,42.9542],[141.0456,42.9544],[141.0455,42.9545],[141.0453,42.9547],[141.0451,42.9548],[141.0449,42.955],[141.0447,42.9553],[141.0446,42.9555],[141.0444,42.9558],[141.0443,42.956],[141.0441,42.9561],[141.0437,42.9563],[141.0434,42.9564],[141.0431,42.9564],[141.0429,42.9564],[141.0427,42.9564],[141.0423,42.9564],[141.0421,42.9566],[141.0418,42.9567],[141.0417,42.9567],[141.0416,42.9568],[141.0415,42.9571],[141.0413,42.9573],[141.041,42.9575],[141.0408,42.9576],[141.0406,42.9579],[141.0405,42.958],[141.0403,42.9581],[141.0399,42.9582],[141.0394,42.9583],[141.0391,42.9584],[141.0389,42.9584],[141.0386,42.9583],[141.0385,42.9583],[141.0382,42.9582],[141.0379,42.9582],[141.0376,42.9582],[141.0371,42.9583],[141.0371,42.9583],[141.0361,42.9585],[141.036,42.9585],[141.035,42.9587],[141.0347,42.9588],[141.0344,42.9589],[141.0342,42.9589],[141.034,42.959],[141.0337,42.9593],[141.0336,42.9595],[141.0334,42.9597],[141.0333,42.9598],[141.0333,42.9598],[141.0332,42.96],[141.0328,42.9601],[141.0325,42.9602],[141.0322,42.9604],[141.0319,42.9604],[141.0313,42.9606],[141.0303,42.9609],[141.03,42.961],[141.0298,42.9611],[141.0295,42.9613],[141.0291,42.9615],[141.0286,42.9617],[141.0284,42.9618],[141.0281,42.9618],[141.0277,42.9618],[141.0274,42.9617],[141.0268,42.9614],[141.0265,42.9614],[141.0264,42.9613],[141.0262,42.9613],[141.0259,42.9613],[141.0255,42.9613],[141.0252,42.9614],[141.025,42.9614],[141.025,42.9614],[141.0248,42.9615],[141.0246,42.9616],[141.0244,42.9618],[141.0242,42.962],[141.024,42.9623],[141.0236,42.9626],[141.0232,42.9632],[141.0229,42.9635],[141.0227,42.9637],[141.0224,42.9639],[141.0222,42.9641],[141.0218,42.9643],[141.0212,42.9645],[141.021,42.9647],[141.0208,42.9648],[141.0206,42.9649],[141.0201,42.9651],[141.0196,42.9652],[141.019,42.9653],[141.0183,42.9653],[141.0176,42.9654],[141.0172,42.9655],[141.0168,42.9656],[141.0167,42.9656],[141.0164,42.9656],[141.016,42.9656],[141.0156,42.9656],[141.0153,42.9655],[141.0151,42.9656],[141.0148,42.9655],[141.0144,42.9655],[141.0139,42.9654],[141.0136,42.9654],[141.0134,42.9655],[141.0132,42.9656],[141.0129,42.9657],[141.0125,42.9658],[141.0122,42.966],[141.012,42.9661],[141.0118,42.9664],[141.0116,42.9667],[141.0115,42.9669],[141.011,42.9676],[141.011,42.9677],[141.0109,42.9681],[141.0108,42.9684],[141.0107,42.9688],[141.0107,42.9693],[141.0107,42.9697],[141.0106,42.97],[141.0105,42.9703],[141.0104,42.9704],[141.0104,42.9705],[141.0102,42.9707],[141.01,42.9708],[141.0097,42.9709],[141.0086,42.9713],[141.0083,42.9714],[141.0082,42.9714],[141.0081,42.9715],[141.008,42.9717],[141.0079,42.9723],[141.0079,42.9725],[141.0079,42.9729],[141.008,42.9733],[141.0081,42.9736],[141.0083,42.9738],[141.0084,42.9739],[141.0086,42.9741],[141.0086,42.9743],[141.0085,42.9745],[141.0083,42.9747],[141.0083,42.9747],[141.0081,42.9749],[141.008,42.975],[141.0078,42.9751],[141.0077,42.9753],[141.0075,42.9755],[141.0072,42.9759],[141.0072,42.9762],[141.0072,42.9763],[141.0073,42.9765],[141.0074,42.9767],[141.0074,42.9771],[141.0074,42.9774],[141.0072,42.9776],[141.0072,42.9777],[141.0067,42.9782],[141.0064,42.9785],[141.0064,42.9786],[141.0061,42.9787],[141.0055,42.9788],[141.005,42.9787],[141.0046,42.9787],[141.0043,42.9787],[141.0037,42.9785],[141.0034,42.9784],[141.0029,42.9784],[141.0022,42.9784],[141.0015,42.9783],[141.0012,42.9783],[141.0009,42.9784],[141.0004,42.9786],[141.0001,42.9787],[141.0001,42.9788],[141,42.979],[141.0001,42.9793],[141.0002,42.9796],[141.0008,42.9806],[141.001,42.9811],[141.0011,42.9811],[141.0011,42.9813],[141.0012,42.9816],[141.0013,42.9822],[141.0013,42.9825],[141.0012,42.9827],[141.0011,42.9828],[141.0007,42.983],[141.0005,42.9832],[141.0003,42.9832],[141.0001,42.9833],[141,42.9834],[141,42.9834],[140.9997,42.9836],[140.9994,42.9838],[140.9992,42.984],[140.9991,42.9841],[140.9991,42.9843],[140.9989,42.9846],[140.9986,42.9852],[140.9984,42.9856],[140.9982,42.9861],[140.9979,42.9867],[140.9977,42.9871],[140.9976,42.9876],[140.9976,42.9882],[140.9976,42.9887],[140.9977,42.9895],[140.9978,42.9903],[140.9978,42.9905],[140.9976,42.9906],[140.9974,42.9907],[140.9972,42.9908],[140.997,42.9909],[140.9963,42.9909],[140.9959,42.9911],[140.9953,42.9915],[140.995,42.9917],[140.9948,42.9918],[140.9945,42.992],[140.9944,42.9921],[140.9943,42.9922],[140.9941,42.9925],[140.9936,42.9929],[140.9933,42.9932],[140.9932,42.9934],[140.9931,42.9937],[140.993,42.994],[140.9929,42.9946],[140.9929,42.9947],[140.9929,42.9948],[140.9931,42.9949],[140.9933,42.995],[140.9937,42.9953],[140.9942,42.9959],[140.9946,42.9963],[140.9949,42.9968],[140.9952,42.9973],[140.9954,42.9976],[140.9955,42.9979],[140.9955,42.9982],[140.9955,42.9986],[140.9954,42.9989],[140.9955,42.999],[140.9956,42.9992],[140.9958,42.9994],[140.9963,42.9997],[140.9968,42.9998],[140.9974,43],[140.9974,43],[140.9979,43.0002],[140.9987,43.0006],[140.9991,43.0007],[140.999,43.001],[140.9988,43.0013],[140.9988,43.0016],[140.9989,43.002],[140.9992,43.0024],[140.9993,43.0026],[140.9994,43.0028],[140.9995,43.003],[140.9995,43.003],[140.9996,43.0032],[140.9997,43.0036],[140.9998,43.0039],[140.9998,43.0042],[140.9997,43.0046],[140.9997,43.0049],[140.9996,43.0053],[140.9995,43.0055],[140.9994,43.006],[140.9993,43.0063],[140.9993,43.0065],[140.9993,43.0067],[140.9994,43.0069],[140.9993,43.0071],[140.9993,43.0074],[140.9993,43.0077],[140.9993,43.0078],[140.9994,43.008],[140.9994,43.0082],[140.9994,43.0083],[140.9995,43.0085],[140.9995,43.0088],[140.9995,43.0089],[140.9996,43.0091],[140.9996,43.0094],[140.9996,43.0096],[140.9994,43.0099],[140.9994,43.0101],[140.9994,43.0103],[140.9994,43.0105],[140.9995,43.0107],[140.9996,43.0109],[140.9996,43.0112],[140.9998,43.0116],[140.9998,43.0118],[140.9999,43.012],[140.9999,43.0123],[141,43.0125],[141,43.0127],[140.9999,43.013],[140.9999,43.0133],[140.9998,43.0137],[140.9994,43.0144],[140.9992,43.0146],[140.9989,43.0147],[140.9986,43.0148],[140.9985,43.015],[140.9984,43.0152],[140.9982,43.0154],[140.998,43.0156],[140.9977,43.0158],[140.9972,43.016],[140.9969,43.0161],[140.9966,43.0162],[140.9963,43.0162],[140.9954,43.0164],[140.9951,43.0165],[140.9946,43.0166],[140.9944,43.0167],[140.9943,43.0167],[140.9939,43.0169],[140.9937,43.0169],[140.9934,43.0171],[140.9933,43.0172],[140.9932,43.0175],[140.9932,43.0178],[140.993,43.0182],[140.9928,43.0186],[140.9927,43.0189],[140.9926,43.0192],[140.9924,43.0195],[140.9923,43.0197],[140.9922,43.02],[140.992,43.0204],[140.9919,43.0207],[140.9919,43.021],[140.9919,43.0212],[140.9918,43.0215],[140.9917,43.0218],[140.9917,43.0218],[140.9917,43.0219],[140.9916,43.0219],[140.9909,43.0225],[140.9906,43.0228],[140.9905,43.0229],[140.9905,43.023],[140.9905,43.023],[140.9905,43.0231],[140.9908,43.0233],[140.9912,43.0236],[140.9917,43.0238],[140.9917,43.0238],[140.9925,43.0243],[140.9931,43.0247],[140.9935,43.025],[140.9937,43.0251],[140.9941,43.0253],[140.9944,43.0255],[140.9946,43.0256],[140.9947,43.0256],[140.995,43.0256],[140.9955,43.0256],[140.9959,43.0255],[140.9963,43.0254],[140.9968,43.0254],[140.9972,43.0254],[140.9976,43.0253],[140.998,43.0254],[140.9983,43.0254],[140.9985,43.0254],[140.9988,43.0254],[140.9991,43.0255],[140.9993,43.0256],[140.9995,43.0257],[140.9998,43.0259],[140.9999,43.0261],[141,43.0262],[141.0001,43.0262],[141.0002,43.0264],[141.0003,43.0267],[141.0005,43.0269],[141.0007,43.0271],[141.0009,43.0272],[141.0011,43.0274],[141.0013,43.0276],[141.0015,43.0277],[141.0017,43.0278],[141.0019,43.028],[141.0022,43.0282],[141.0024,43.0284],[141.0026,43.0285],[141.0028,43.0287],[141.0033,43.0289],[141.0034,43.0289],[141.0037,43.029],[141.0041,43.0291],[141.0043,43.0292],[141.0046,43.0292],[141.005,43.0294],[141.0051,43.0295],[141.0053,43.0296],[141.0055,43.0298],[141.0059,43.03],[141.0062,43.0302],[141.0064,43.0303],[141.0065,43.0304],[141.0068,43.0306],[141.0069,43.0307],[141.0073,43.0308],[141.0075,43.0309],[141.0078,43.0311],[141.008,43.0312],[141.0082,43.0314],[141.0083,43.0315],[141.0084,43.0316],[141.0088,43.0318],[141.009,43.0321],[141.0092,43.0322],[141.0093,43.0323],[141.0095,43.0325],[141.0096,43.0327],[141.0098,43.0328],[141.0102,43.033],[141.0105,43.0331],[141.0108,43.0333],[141.0109,43.0333],[141.011,43.0334],[141.0112,43.0335],[141.0114,43.0335],[141.0115,43.0335],[141.0119,43.0336],[141.0122,43.0338],[141.0124,43.0338],[141.0125,43.0338],[141.0126,43.0339],[141.0129,43.0339],[141.0131,43.0338],[141.0133,43.0337],[141.0136,43.0336],[141.0139,43.0333],[141.0139,43.0333],[141.0144,43.0331],[141.0148,43.0329],[141.0152,43.0328],[141.0156,43.0327],[141.0157,43.0327],[141.016,43.0326],[141.0161,43.0326],[141.0164,43.0325],[141.0167,43.0325],[141.0167,43.0325],[141.0171,43.0324],[141.0173,43.0324],[141.0175,43.0323],[141.0177,43.0323],[141.0182,43.0322],[141.0185,43.0322],[141.0188,43.0323],[141.0191,43.0323],[141.0193,43.0324],[141.0195,43.0326],[141.0198,43.0326],[141.0202,43.0328],[141.0205,43.0329],[141.0208,43.0331],[141.0211,43.0333],[141.0211,43.0333],[141.0214,43.0335],[141.0216,43.0337],[141.022,43.034],[141.0223,43.0342],[141.0225,43.0343],[141.0228,43.0346],[141.0231,43.0347],[141.0233,43.0349],[141.0236,43.035],[141.0238,43.035],[141.0245,43.0353],[141.0248,43.0354],[141.025,43.0355],[141.0251,43.0356],[141.0255,43.0358],[141.0258,43.0359],[141.0261,43.0361],[141.0264,43.0364],[141.0265,43.0365],[141.0268,43.0368],[141.027,43.037],[141.0271,43.0373],[141.0273,43.0376],[141.0276,43.0379],[141.0278,43.0381],[141.028,43.0384],[141.0282,43.0385],[141.0285,43.0388],[141.0288,43.0391],[141.0291,43.0393],[141.0293,43.0395],[141.0294,43.0396],[141.0294,43.0399],[141.0295,43.04],[141.0295,43.0401],[141.0298,43.0404],[141.0298,43.0405],[141.03,43.0406],[141.0301,43.0408],[141.0303,43.0409],[141.0305,43.041],[141.0307,43.0412],[141.0309,43.0413],[141.0312,43.0414],[141.0314,43.0415],[141.0315,43.0416],[141.0315,43.0417],[141.0316,43.0418],[141.0317,43.042],[141.0319,43.0422],[141.032,43.0424],[141.0323,43.0426],[141.0324,43.0427],[141.0327,43.0429],[141.033,43.043],[141.0333,43.0431],[141.0335,43.0431],[141.0338,43.0432],[141.0341,43.0432],[141.0347,43.0433],[141.0351,43.0434],[141.0353,43.0434],[141.0357,43.0434],[141.0362,43.0435],[141.0366,43.0435],[141.037,43.0436],[141.0372,43.0437],[141.0373,43.0438],[141.0374,43.0439],[141.0375,43.0442],[141.0376,43.0444],[141.0376,43.0447],[141.0377,43.045],[141.0378,43.0452],[141.0379,43.0454],[141.0379,43.0454],[141.038,43.0456],[141.038,43.0458],[141.0382,43.0462],[141.0383,43.0465],[141.0384,43.0467],[141.0385,43.0468],[141.0387,43.0469],[141.0389,43.0471],[141.0392,43.0473],[141.0396,43.0475],[141.0398,43.0476],[141.04,43.0477],[141.0401,43.0478],[141.0405,43.048],[141.0407,43.0482],[141.041,43.0484],[141.0413,43.0486],[141.0417,43.0489],[141.0417,43.0489],[141.0421,43.0492],[141.0424,43.0494],[141.0427,43.0496],[141.0429,43.0497],[141.0433,43.05],[141.0434,43.0501],[141.0437,43.0504],[141.044,43.0506],[141.0442,43.0508],[141.0445,43.0511],[141.0447,43.0512],[141.0449,43.0514],[141.045,43.0516],[141.045,43.0518],[141.045,43.0519],[141.045,43.052],[141.0449,43.0525],[141.0449,43.0527],[141.0449,43.053],[141.0448,43.0532],[141.0447,43.0538],[141.0446,43.0541],[141.0445,43.0544],[141.0445,43.0547],[141.0444,43.055],[141.0444,43.0553],[141.0444,43.0556],[141.0444,43.0558],[141.0444,43.056],[141.0445,43.0564],[141.0445,43.0567],[141.0445,43.0569],[141.0446,43.0572],[141.0446,43.0576],[141.0446,43.0579],[141.0447,43.0581],[141.0447,43.0583],[141.0447,43.0583],[141.0447,43.0584],[141.0447,43.0586],[141.0448,43.059],[141.0448,43.0592],[141.0448,43.0595],[141.0448,43.0598],[141.0449,43.06],[141.0449,43.0604],[141.045,43.0608],[141.045,43.061],[141.045,43.0612],[141.0451,43.0614],[141.0454,43.0617],[141.0455,43.0618],[141.0456,43.062],[141.0457,43.0622],[141.0458,43.0624],[141.0459,43.0626],[141.0461,43.0629],[141.0462,43.0631],[141.0463,43.0633],[141.0464,43.0635],[141.0467,43.0639],[141.0468,43.0642],[141.047,43.0645],[141.0471,43.0647],[141.0474,43.0649],[141.0475,43.0651],[141.0477,43.0654],[141.0479,43.0655],[141.048,43.0658],[141.0484,43.0662],[141.0487,43.0664],[141.0488,43.0666],[141.049,43.0667],[141.049,43.0667],[141.0492,43.0668],[141.0494,43.0669],[141.0497,43.0671],[141.05,43.0672],[141.0501,43.0672],[141.0504,43.0673],[141.0508,43.0674],[141.0512,43.0675],[141.0515,43.0675],[141.0517,43.0675],[141.052,43.0675],[141.0525,43.0675],[141.053,43.0675],[141.0534,43.0676],[141.0538,43.0676],[141.055,43.0678],[141.0557,43.0679],[141.0561,43.068],[141.0566,43.0681],[141.0574,43.0682],[141.0578,43.0683],[141.058,43.0683],[141.0583,43.0685],[141.0583,43.0685],[141.0585,43.0686],[141.0586,43.0688],[141.0588,43.069],[141.059,43.0693],[141.0591,43.0696],[141.0592,43.0699],[141.0593,43.0702],[141.0594,43.0706],[141.0594,43.0706],[141.0595,43.0711],[141.0596,43.0715],[141.0596,43.0716],[141.0597,43.0718],[141.0597,43.0721],[141.0598,43.0724],[141.0599,43.0728],[141.0599,43.073],[141.06,43.0734],[141.0602,43.0738],[141.0603,43.0742],[141.0604,43.0745],[141.0605,43.0747],[141.0606,43.075],[141.0607,43.0751],[141.0608,43.0754],[141.0609,43.0756],[141.061,43.0758],[141.0612,43.0759],[141.0613,43.0761],[141.0619,43.0766],[141.0623,43.0771],[141.0627,43.0774],[141.0629,43.0776],[141.063,43.0778],[141.063,43.078],[141.0631,43.0785],[141.063,43.0787],[141.063,43.0789],[141.0629,43.0791],[141.0629,43.0795],[141.0628,43.0798],[141.0628,43.0799],[141.0628,43.08],[141.0628,43.0802],[141.0629,43.0804],[141.063,43.0806],[141.0631,43.0808],[141.0635,43.0813],[141.0639,43.0818],[141.0646,43.0827],[141.065,43.0833],[141.0651,43.0833],[141.0652,43.0836],[141.0653,43.0837],[141.0653,43.0839],[141.0653,43.0841],[141.0652,43.0842],[141.065,43.0843],[141.0648,43.0844],[141.0645,43.0845],[141.0643,43.0846],[141.0641,43.0847],[141.0641,43.0847],[141.064,43.0848],[141.0638,43.0849],[141.0637,43.085],[141.0635,43.0851],[141.0635,43.0852],[141.0633,43.0853],[141.063,43.0854],[141.0627,43.0855],[141.0625,43.0856],[141.0621,43.0856],[141.0619,43.0857],[141.0618,43.0858],[141.0614,43.086],[141.0607,43.0863],[141.0603,43.0865],[141.0601,43.0867],[141.0599,43.087],[141.0597,43.0873],[141.0597,43.0876],[141.0598,43.088],[141.0598,43.0882],[141.0598,43.0884],[141.0598,43.0886],[141.0597,43.0888],[141.0595,43.089],[141.0594,43.0892],[141.0593,43.0893],[141.0594,43.0893],[141.0596,43.0894],[141.0601,43.0894],[141.0604,43.0894],[141.0607,43.0893],[141.0613,43.0893],[141.0617,43.0893],[141.0622,43.0893],[141.0625,43.0893],[141.0632,43.0895],[141.0636,43.0897],[141.0638,43.0898],[141.0644,43.0898],[141.0647,43.0899],[141.0649,43.0899],[141.0656,43.0901],[141.0666,43.0904],[141.0667,43.0904],[141.067,43.0906],[141.0676,43.0909],[141.0686,43.0915],[141.0689,43.0916],[141.069,43.0917],[141.0696,43.092],[141.0698,43.0921],[141.0698,43.0923],[141.0699,43.0925],[141.0698,43.093],[141.0697,43.0933],[141.0695,43.0936],[141.069,43.0943],[141.0688,43.0947],[141.0685,43.0952],[141.0682,43.0957],[141.0678,43.096],[141.0677,43.0961],[141.0675,43.0963],[141.0674,43.0964],[141.0671,43.0965],[141.0667,43.0966],[141.0664,43.0967],[141.0655,43.0968],[141.0651,43.0969],[141.0649,43.097],[141.0648,43.0971],[141.0647,43.0972],[141.0648,43.0976],[141.0648,43.0978],[141.0647,43.0979],[141.0647,43.0982],[141.0647,43.0984],[141.0645,43.0986],[141.0643,43.0992],[141.0641,43.0996],[141.0641,43.0997],[141.0639,43.1],[141.0638,43.1003],[141.0638,43.1006],[141.0637,43.1009],[141.0634,43.1013],[141.0632,43.1017],[141.063,43.102],[141.0627,43.1026],[141.0625,43.1029],[141.0622,43.1033],[141.0621,43.1036],[141.062,43.1041],[141.062,43.1046],[141.0621,43.105],[141.0623,43.1055],[141.0625,43.1059],[141.0627,43.1063],[141.0629,43.1068],[141.0629,43.1071],[141.0628,43.1076],[141.0628,43.1078],[141.0627,43.1083],[141.0627,43.1083],[141.0627,43.1087],[141.0627,43.109],[141.0629,43.1094],[141.0632,43.11],[141.0638,43.1108],[141.064,43.111],[141.0642,43.1112],[141.0644,43.1112],[141.0644,43.1112],[141.0647,43.1111],[141.0655,43.1108],[141.0658,43.1105],[141.0664,43.1099],[141.0665,43.1098],[141.0667,43.1096],[141.0668,43.1095],[141.067,43.1094],[141.0675,43.1093],[141.0682,43.1092],[141.0689,43.1092],[141.0693,43.1091],[141.0697,43.109],[141.0702,43.1088],[141.0707,43.1086],[141.071,43.1086],[141.0713,43.1087],[141.0716,43.1088],[141.0717,43.109],[141.0718,43.1091],[141.0719,43.1094],[141.072,43.1099],[141.072,43.1104],[141.0722,43.1109],[141.0722,43.111],[141.0724,43.1115],[141.0724,43.1118],[141.0725,43.112],[141.0725,43.1128],[141.0726,43.1131],[141.0727,43.1133],[141.0732,43.1138],[141.0735,43.114],[141.0738,43.1146],[141.0744,43.1152],[141.0747,43.1158],[141.0749,43.1162],[141.075,43.1166],[141.075,43.1166],[141.075,43.1167],[141.075,43.1169],[141.075,43.117],[141.075,43.1172],[141.075,43.1176],[141.075,43.1177],[141.075,43.118],[141.0751,43.1181],[141.0753,43.1182],[141.0756,43.1183],[141.0761,43.1183],[141.0766,43.1181],[141.0767,43.118],[141.0775,43.1175],[141.0778,43.1174],[141.0785,43.1172],[141.0794,43.1171],[141.0797,43.1171],[141.0802,43.1172],[141.0813,43.1176],[141.0822,43.1179],[141.0825,43.118],[141.0827,43.118],[141.0831,43.1179],[141.0833,43.1178],[141.0835,43.1177],[141.0841,43.1177],[141.0846,43.1177],[141.0857,43.1176],[141.0871,43.1177],[141.0871,43.1177],[141.0878,43.1179],[141.0885,43.1182],[141.0894,43.1187],[141.0903,43.1196],[141.0911,43.1205],[141.0913,43.1202],[141.0917,43.12],[141.0918,43.1199],[141.0924,43.1197],[141.0932,43.1196],[141.094,43.1195],[141.0947,43.1193],[141.0952,43.1192],[141.0962,43.1188],[141.0964,43.1187],[141.0973,43.1182],[141.0983,43.1176]]]}},{"type":"Feature","properties":{"code":"01107","id":"nishi","name":"西区"},"geometry":{"type":"Polygon","coordinates":[[[141.3148,43.0959],[141.3157,43.0953],[141.3165,43.0947],[141.3166,43.0946],[141.3167,43.0945],[141.3184,43.0933],[141.3194,43.0926],[141.3197,43.0923],[141.3199,43.0922],[141.3205,43.0917],[141.3206,43.0917],[141.3215,43.091],[141.3225,43.0903],[141.3235,43.0896],[141.3238,43.0894],[141.3246,43.0889],[141.3247,43.0887],[141.325,43.0885],[141.3255,43.0881],[141.3264,43.0875],[141.3268,43.0872],[141.3276,43.0866],[141.328,43.0863],[141.3281,43.0862],[141.3282,43.0862],[141.3283,43.0861],[141.3282,43.086],[141.3279,43.0858],[141.3277,43.0856],[141.3273,43.0852],[141.3273,43.0852],[141.3274,43.0841],[141.3274,43.0835],[141.3274,43.0833],[141.3274,43.0831],[141.3266,43.0823],[141.3264,43.0822],[141.3256,43.0819],[141.3254,43.0818],[141.325,43.0817],[141.3249,43.0817],[141.3245,43.0816],[141.3239,43.0816],[141.3232,43.081],[141.3226,43.0806],[141.3225,43.0804],[141.3223,43.0802],[141.3222,43.08],[141.3222,43.0793],[141.3221,43.0789],[141.322,43.078],[141.3221,43.0778],[141.3222,43.0777],[141.3222,43.0776],[141.3224,43.0773],[141.3222,43.0772],[141.322,43.077],[141.3219,43.0769],[141.3217,43.0768],[141.3215,43.0767],[141.3213,43.0766],[141.321,43.0766],[141.3204,43.0764],[141.3202,43.0763],[141.32,43.0761],[141.3198,43.076],[141.3196,43.0758],[141.3195,43.0756],[141.3195,43.0755],[141.3195,43.0754],[141.3195,43.0752],[141.3195,43.075],[141.3195,43.075],[141.3195,43.0744],[141.3195,43.0742],[141.3195,43.074],[141.3194,43.0738],[141.3194,43.0736],[141.3193,43.0734],[141.3191,43.073],[141.319,43.0728],[141.3188,43.0724],[141.3187,43.0722],[141.3186,43.0721],[141.3186,43.0721],[141.3185,43.0719],[141.3185,43.0718],[141.3184,43.0717],[141.3181,43.0711],[141.318,43.071],[141.318,43.0709],[141.3179,43.0708],[141.3176,43.0704],[141.3175,43.0701],[141.317,43.0693],[141.3169,43.0691],[141.3167,43.0688],[141.3167,43.0687],[141.3165,43.0684],[141.3164,43.0683],[141.3164,43.0682],[141.3163,43.068],[141.316,43.0675],[141.3159,43.0673],[141.3158,43.0673],[141.3156,43.0668],[141.3155,43.0667],[141.3154,43.0665],[141.3154,43.0665],[141.3153,43.0664],[141.315,43.0659],[141.315,43.0658],[141.3149,43.0656],[141.3145,43.065],[141.3143,43.0647],[141.3143,43.0646],[141.314,43.0648],[141.3138,43.0649],[141.3137,43.0649],[141.3133,43.0651],[141.3132,43.0652],[141.3126,43.0656],[141.3123,43.0657],[141.3121,43.0657],[141.3116,43.066],[141.3113,43.0662],[141.3112,43.0662],[141.3109,43.0664],[141.3105,43.0666],[141.3103,43.0667],[141.31,43.0668],[141.3098,43.0669],[141.3098,43.0669],[141.3095,43.0671],[141.3093,43.0671],[141.309,43.0673],[141.3087,43.0675],[141.3085,43.0676],[141.3084,43.0676],[141.3083,43.0677],[141.3083,43.0677],[141.308,43.0679],[141.3079,43.068],[141.3078,43.068],[141.3076,43.0681],[141.3075,43.0681],[141.3074,43.0682],[141.3073,43.0683],[141.3072,43.0683],[141.307,43.0685],[141.3068,43.0686],[141.3067,43.0686],[141.3063,43.0688],[141.3063,43.0687],[141.3059,43.0684],[141.3058,43.0683],[141.3056,43.0682],[141.3053,43.0679],[141.3047,43.0674],[141.3045,43.0673],[141.3042,43.0671],[141.3042,43.0671],[141.3041,43.067],[141.3038,43.0668],[141.3037,43.0667],[141.3035,43.0665],[141.3033,43.0664],[141.3033,43.0663],[141.3032,43.0663],[141.3031,43.0662],[141.3028,43.0659],[141.3026,43.0658],[141.3023,43.0655],[141.3021,43.0654],[141.3021,43.0654],[141.302,43.0653],[141.3019,43.0652],[141.3018,43.0651],[141.3016,43.065],[141.3011,43.0646],[141.3009,43.0644],[141.3006,43.0642],[141.3003,43.0639],[141.3,43.0637],[141.2997,43.0634],[141.2993,43.0631],[141.2989,43.0628],[141.2987,43.0627],[141.2983,43.0623],[141.2982,43.0622],[141.2978,43.0619],[141.2977,43.0618],[141.2971,43.0614],[141.2971,43.0613],[141.297,43.0613],[141.2969,43.0612],[141.2968,43.0611],[141.2965,43.0609],[141.2963,43.0608],[141.2963,43.0608],[141.2961,43.0606],[141.296,43.0605],[141.296,43.0605],[141.2957,43.0603],[141.2956,43.0602],[141.2955,43.0601],[141.2953,43.06],[141.2952,43.0599],[141.2949,43.0597],[141.2946,43.0594],[141.2946,43.0594],[141.2945,43.0593],[141.2944,43.0592],[141.2942,43.0591],[141.2938,43.0588],[141.2936,43.0586],[141.2934,43.0584],[141.2932,43.0583],[141.2931,43.0583],[141.293,43.0582],[141.2929,43.0582],[141.2927,43.058],[141.292,43.0577],[141.2917,43.0576],[141.2912,43.0574],[141.291,43.0573],[141.2903,43.057],[141.2891,43.0565],[141.2889,43.0564],[141.2883,43.0562],[141.2874,43.0558],[141.2874,43.0558],[141.2873,43.0557],[141.2864,43.0554],[141.2855,43.055],[141.2846,43.0546],[141.2841,43.0544],[141.284,43.0543],[141.2839,43.0542],[141.2838,43.0541],[141.2838,43.0538],[141.2838,43.0536],[141.2838,43.0535],[141.284,43.0533],[141.2841,43.0533],[141.2842,43.0532],[141.2846,43.053],[141.2847,43.0529],[141.2847,43.0529],[141.2847,43.0526],[141.2848,43.0524],[141.2848,43.052],[141.2849,43.0518],[141.285,43.0516],[141.2851,43.0514],[141.2852,43.0511],[141.2853,43.051],[141.2853,43.0509],[141.2853,43.0508],[141.2852,43.0507],[141.2851,43.0506],[141.2849,43.0505],[141.2847,43.0504],[141.2846,43.0503],[141.2846,43.0502],[141.2846,43.0501],[141.2846,43.05],[141.2846,43.0499],[141.2845,43.0497],[141.2844,43.0494],[141.2844,43.0493],[141.2844,43.0492],[141.2845,43.0491],[141.2845,43.0491],[141.2847,43.0488],[141.2847,43.0486],[141.2847,43.0485],[141.2845,43.0479],[141.2844,43.0475],[141.2844,43.0472],[141.2844,43.0469],[141.2845,43.0467],[141.2847,43.0465],[141.2848,43.0463],[141.2849,43.046],[141.2849,43.0457],[141.2849,43.045],[141.2849,43.0447],[141.285,43.0445],[141.2852,43.0444],[141.2854,43.0441],[141.2856,43.044],[141.2856,43.0439],[141.2856,43.0437],[141.2857,43.0427],[141.2857,43.042],[141.2857,43.0417],[141.2857,43.0414],[141.2857,43.0412],[141.2857,43.0408],[141.2857,43.0405],[141.2857,43.0404],[141.2857,43.0403],[141.2856,43.04],[141.2854,43.0395],[141.2853,43.0393],[141.2851,43.0388],[141.285,43.0383],[141.2849,43.0381],[141.2848,43.038],[141.2846,43.0379],[141.2841,43.0378],[141.2837,43.0378],[141.2834,43.0377],[141.2833,43.0377],[141.2833,43.0377],[141.283,43.0375],[141.2829,43.0373],[141.2826,43.037],[141.2824,43.0369],[141.2822,43.0367],[141.282,43.0367],[141.2817,43.0366],[141.2815,43.0365],[141.2812,43.0365],[141.2807,43.0364],[141.2804,43.0364],[141.2803,43.0364],[141.2801,43.0363],[141.2799,43.0363],[141.2797,43.0365],[141.2796,43.0365],[141.2794,43.0366],[141.2792,43.0367],[141.279,43.0367],[141.2789,43.0367],[141.2786,43.0367],[141.2784,43.0366],[141.2781,43.0365],[141.2779,43.0365],[141.2778,43.0365],[141.2777,43.0366],[141.2776,43.0366],[141.2775,43.0368],[141.2773,43.0369],[141.2771,43.0369],[141.2767,43.037],[141.2765,43.037],[141.2763,43.037],[141.2761,43.037],[141.276,43.037],[141.2757,43.0369],[141.2755,43.0369],[141.2753,43.0368],[141.2751,43.0368],[141.275,43.0369],[141.275,43.0369],[141.2749,43.0369],[141.2747,43.037],[141.2746,43.0371],[141.2745,43.0374],[141.2745,43.0376],[141.2745,43.0377],[141.2745,43.0379],[141.2743,43.0381],[141.2741,43.0382],[141.274,43.0382],[141.2738,43.0384],[141.2734,43.0385],[141.2732,43.0386],[141.2728,43.0387],[141.2725,43.0388],[141.2723,43.0389],[141.2722,43.0389],[141.2718,43.0389],[141.2716,43.039],[141.2714,43.0391],[141.2712,43.0393],[141.2711,43.0395],[141.271,43.0395],[141.2708,43.0395],[141.2707,43.0395],[141.2703,43.0395],[141.2699,43.0395],[141.2693,43.0395],[141.2687,43.0394],[141.2686,43.0394],[141.2685,43.0394],[141.2683,43.0395],[141.2682,43.0395],[141.268,43.0395],[141.2676,43.0394],[141.2672,43.0393],[141.2669,43.0393],[141.2667,43.0393],[141.2666,43.0393],[141.2663,43.0393],[141.2662,43.0393],[141.2658,43.0394],[141.2657,43.0394],[141.2656,43.0395],[141.2657,43.0397],[141.2657,43.04],[141.2658,43.0403],[141.2658,43.0404],[141.2657,43.0407],[141.2656,43.0409],[141.2655,43.0412],[141.2655,43.0412],[141.2653,43.0414],[141.2651,43.0415],[141.2649,43.0417],[141.2649,43.0417],[141.2647,43.0418],[141.2645,43.0418],[141.2643,43.0419],[141.264,43.042],[141.2639,43.0421],[141.2638,43.0422],[141.2638,43.0423],[141.2639,43.0424],[141.264,43.0425],[141.2642,43.0428],[141.2645,43.0431],[141.2647,43.0434],[141.265,43.0437],[141.2652,43.044],[141.2652,43.0442],[141.2652,43.0447],[141.2653,43.0448],[141.2653,43.0449],[141.2653,43.045],[141.2653,43.0451],[141.2654,43.0455],[141.2654,43.0457],[141.2654,43.0463],[141.2655,43.0465],[141.2655,43.0469],[141.2655,43.047],[141.2656,43.0472],[141.2657,43.0478],[141.2658,43.0485],[141.2657,43.0486],[141.2656,43.0486],[141.2654,43.0483],[141.2653,43.0483],[141.265,43.0482],[141.2648,43.0482],[141.2647,43.048],[141.2647,43.0479],[141.2646,43.0477],[141.2646,43.0475],[141.2645,43.0473],[141.2644,43.0472],[141.2643,43.047],[141.2641,43.0467],[141.2639,43.0465],[141.2638,43.0463],[141.2637,43.046],[141.2637,43.0459],[141.2636,43.0457],[141.2636,43.0456],[141.2635,43.0454],[141.2635,43.0452],[141.2635,43.0452],[141.2634,43.0451],[141.2633,43.0451],[141.2633,43.045],[141.2631,43.045],[141.2629,43.045],[141.2626,43.0448],[141.2624,43.0447],[141.2623,43.0446],[141.2623,43.0445],[141.2622,43.0445],[141.2621,43.0443],[141.2618,43.0441],[141.2617,43.044],[141.2615,43.044],[141.2613,43.0439],[141.2612,43.0439],[141.261,43.0439],[141.2607,43.0439],[141.2605,43.0439],[141.2603,43.0439],[141.2596,43.0439],[141.2592,43.0439],[141.259,43.0439],[141.2586,43.0438],[141.2584,43.0437],[141.2583,43.0437],[141.2582,43.0436],[141.258,43.0435],[141.2579,43.0433],[141.2579,43.0432],[141.2579,43.0431],[141.2579,43.0429],[141.258,43.0428],[141.2583,43.0421],[141.2583,43.0421],[141.2582,43.042],[141.2581,43.042],[141.2576,43.0419],[141.2574,43.0418],[141.2572,43.0418],[141.2571,43.0417],[141.257,43.0416],[141.2568,43.0414],[141.2566,43.0412],[141.2563,43.0408],[141.2559,43.0404],[141.2559,43.0404],[141.2554,43.0402],[141.2547,43.04],[141.2547,43.04],[141.2545,43.04],[141.2541,43.0402],[141.2539,43.0402],[141.2537,43.0402],[141.2535,43.0402],[141.2535,43.0401],[141.2534,43.04],[141.2534,43.0398],[141.2533,43.0396],[141.2532,43.0393],[141.2531,43.0391],[141.253,43.0391],[141.2528,43.0389],[141.2526,43.0389],[141.2522,43.0388],[141.252,43.0387],[141.2518,43.0386],[141.2516,43.0385],[141.2515,43.0384],[141.2513,43.0382],[141.2509,43.0379],[141.2507,43.0377],[141.2505,43.0376],[141.2503,43.0375],[141.25,43.0373],[141.25,43.0373],[141.2497,43.0373],[141.2496,43.0373],[141.2496,43.0372],[141.2496,43.0371],[141.2497,43.0369],[141.2497,43.0366],[141.2497,43.0365],[141.2497,43.0362],[141.2496,43.0361],[141.2496,43.036],[141.2495,43.036],[141.2494,43.0359],[141.2493,43.0358],[141.2491,43.0358],[141.2488,43.0356],[141.2487,43.0355],[141.2486,43.0352],[141.2485,43.0351],[141.2485,43.035],[141.2484,43.0348],[141.2482,43.0345],[141.2481,43.0344],[141.2481,43.0344],[141.2481,43.0341],[141.2481,43.034],[141.2479,43.0338],[141.2478,43.0337],[141.2478,43.0336],[141.2478,43.0336],[141.2478,43.0335],[141.248,43.0334],[141.248,43.0333],[141.248,43.0332],[141.248,43.0329],[141.2481,43.0328],[141.2481,43.0326],[141.2481,43.0324],[141.2481,43.0322],[141.2481,43.032],[141.2482,43.0319],[141.2483,43.0317],[141.2483,43.0316],[141.2482,43.0314],[141.2482,43.0313],[141.2481,43.0312],[141.2479,43.0311],[141.2479,43.0311],[141.2477,43.031],[141.2477,43.031],[141.2476,43.0309],[141.2476,43.0308],[141.2475,43.0307],[141.2475,43.0305],[141.2474,43.0302],[141.2473,43.0301],[141.2471,43.03],[141.2468,43.0299],[141.2467,43.0298],[141.2466,43.0295],[141.2466,43.0294],[141.2465,43.0292],[141.2464,43.0292],[141.2463,43.0291],[141.2463,43.0291],[141.2462,43.0289],[141.2461,43.0289],[141.246,43.0288],[141.246,43.0287],[141.246,43.0286],[141.246,43.0285],[141.246,43.0282],[141.2459,43.028],[141.2458,43.0278],[141.2457,43.0276],[141.2456,43.0275],[141.2453,43.0273],[141.2452,43.0271],[141.2451,43.0269],[141.2449,43.0268],[141.2447,43.0267],[141.2446,43.0266],[141.244,43.0264],[141.2437,43.0262],[141.2435,43.0261],[141.2432,43.0261],[141.2429,43.0261],[141.2428,43.026],[141.2426,43.0259],[141.2424,43.0258],[141.2422,43.0256],[141.242,43.0255],[141.2418,43.0252],[141.2417,43.0251],[141.2417,43.025],[141.2417,43.0248],[141.2417,43.0247],[141.2417,43.0247],[141.2416,43.0246],[141.2415,43.0244],[141.2413,43.0243],[141.2411,43.0241],[141.241,43.0239],[141.2408,43.0238],[141.2405,43.0237],[141.2404,43.0236],[141.2402,43.0234],[141.2402,43.0234],[141.24,43.0232],[141.2398,43.0231],[141.2397,43.0229],[141.2396,43.0226],[141.2394,43.0225],[141.2392,43.0223],[141.239,43.0222],[141.2389,43.022],[141.2387,43.0218],[141.2385,43.0217],[141.2383,43.0216],[141.2381,43.0215],[141.238,43.0214],[141.2379,43.0212],[141.2378,43.0211],[141.2376,43.0209],[141.2374,43.0209],[141.2373,43.0208],[141.2372,43.0208],[141.2369,43.0209],[141.2368,43.0209],[141.2367,43.0208],[141.2365,43.0205],[141.2364,43.0204],[141.2361,43.0203],[141.236,43.0202],[141.2359,43.0199],[141.2358,43.0198],[141.2357,43.0195],[141.2356,43.0194],[141.2355,43.0193],[141.2353,43.0193],[141.2351,43.0192],[141.2349,43.019],[141.2348,43.0189],[141.2346,43.0188],[141.2345,43.0186],[141.2344,43.0185],[141.2342,43.0184],[141.234,43.0183],[141.2338,43.0182],[141.2337,43.0182],[141.2335,43.0183],[141.2334,43.0183],[141.2333,43.0183],[141.2333,43.0183],[141.2332,43.0182],[141.233,43.0179],[141.2329,43.0177],[141.2328,43.0176],[141.2327,43.0175],[141.2327,43.0174],[141.2326,43.0171],[141.2324,43.0169],[141.2323,43.0167],[141.2322,43.0166],[141.2317,43.0162],[141.2313,43.016],[141.2311,43.0158],[141.2308,43.0157],[141.2305,43.0156],[141.2303,43.0155],[141.2297,43.0152],[141.2295,43.0152],[141.2293,43.0152],[141.2292,43.0152],[141.229,43.0152],[141.2288,43.0153],[141.2287,43.0153],[141.2286,43.0154],[141.2284,43.0155],[141.2281,43.0155],[141.228,43.0155],[141.2278,43.0155],[141.2275,43.0155],[141.2272,43.0155],[141.227,43.0155],[141.2267,43.0155],[141.2264,43.0155],[141.2259,43.0155],[141.2253,43.0157],[141.225,43.0158],[141.225,43.0158],[141.2248,43.0159],[141.2246,43.0159],[141.2243,43.0159],[141.2239,43.0159],[141.2234,43.0159],[141.2231,43.0158],[141.223,43.0158],[141.2227,43.0157],[141.2222,43.0158],[141.2218,43.0157],[141.2216,43.0157],[141.2214,43.0158],[141.2209,43.0158],[141.2208,43.0158],[141.2205,43.0158],[141.2202,43.0157],[141.2199,43.0156],[141.2196,43.0155],[141.2193,43.0155],[141.219,43.0156],[141.2185,43.0156],[141.2181,43.0157],[141.2179,43.0158],[141.2176,43.0158],[141.2173,43.0159],[141.217,43.0159],[141.2167,43.016],[141.2167,43.016],[141.2165,43.016],[141.2163,43.016],[141.2158,43.016],[141.2156,43.0159],[141.215,43.0157],[141.2147,43.0157],[141.2145,43.0157],[141.2139,43.0157],[141.2135,43.0157],[141.2132,43.0157],[141.2131,43.0156],[141.2129,43.0156],[141.2127,43.0156],[141.2124,43.0157],[141.2123,43.0157],[141.2122,43.0157],[141.2119,43.0158],[141.2119,43.0159],[141.2116,43.016],[141.2114,43.0161],[141.2112,43.0161],[141.211,43.0162],[141.2108,43.0163],[141.2106,43.0163],[141.2104,43.0164],[141.2101,43.0165],[141.2099,43.0167],[141.2098,43.0168],[141.2096,43.0169],[141.2091,43.0169],[141.2085,43.0169],[141.2083,43.0169],[141.2082,43.0169],[141.2075,43.0172],[141.207,43.0174],[141.2063,43.0176],[141.2031,43.019],[141.203,43.019],[141.2024,43.0192],[141.2024,43.0194],[141.2025,43.0195],[141.2027,43.0196],[141.2028,43.0197],[141.2029,43.0199],[141.2029,43.02],[141.2029,43.0204],[141.203,43.0206],[141.2031,43.0208],[141.2031,43.0208],[141.2033,43.0209],[141.2035,43.0209],[141.2037,43.0209],[141.2037,43.021],[141.2037,43.021],[141.2035,43.0212],[141.2033,43.0214],[141.2029,43.0221],[141.2028,43.0223],[141.2026,43.0225],[141.2024,43.0226],[141.2022,43.0227],[141.2017,43.0228],[141.2014,43.0227],[141.2012,43.0227],[141.2006,43.0226],[141.2002,43.0225],[141.2,43.0225],[141.1997,43.0225],[141.1994,43.0226],[141.1994,43.0226],[141.1992,43.0227],[141.199,43.0229],[141.1986,43.0231],[141.1985,43.0233],[141.1983,43.0235],[141.1981,43.0237],[141.198,43.0238],[141.198,43.0239],[141.1979,43.024],[141.1978,43.0241],[141.1976,43.0242],[141.1973,43.0244],[141.197,43.0246],[141.1968,43.0247],[141.1963,43.0248],[141.196,43.0249],[141.1958,43.025],[141.1958,43.025],[141.1957,43.0251],[141.1956,43.0252],[141.1954,43.0253],[141.1951,43.0254],[141.1949,43.0255],[141.1944,43.0256],[141.1942,43.0256],[141.1939,43.0257],[141.1936,43.0258],[141.1934,43.0258],[141.1931,43.0258],[141.1928,43.0256],[141.1925,43.0256],[141.1923,43.0256],[141.192,43.0257],[141.1918,43.0258],[141.1917,43.0258],[141.1916,43.0259],[141.1913,43.0261],[141.1911,43.0263],[141.1909,43.0264],[141.1905,43.0266],[141.1903,43.0267],[141.1902,43.0268],[141.19,43.0269],[141.1895,43.0274],[141.1892,43.0277],[141.1889,43.028],[141.1887,43.0281],[141.1885,43.0282],[141.1884,43.0284],[141.1881,43.0288],[141.188,43.029],[141.1879,43.0293],[141.1879,43.0294],[141.1879,43.0295],[141.1879,43.0298],[141.188,43.03],[141.1881,43.0306],[141.1882,43.031],[141.1882,43.0312],[141.1881,43.0314],[141.188,43.0316],[141.1878,43.0317],[141.1875,43.0317],[141.187,43.0318],[141.1864,43.0319],[141.1861,43.032],[141.1857,43.0321],[141.1856,43.0322],[141.1855,43.0323],[141.1854,43.0325],[141.1853,43.0326],[141.1853,43.0328],[141.1852,43.0329],[141.1851,43.0331],[141.1849,43.0333],[141.1847,43.0335],[141.1845,43.0338],[141.1843,43.034],[141.1841,43.0342],[141.1839,43.0342],[141.1837,43.0343],[141.1835,43.0344],[141.1833,43.0345],[141.1833,43.0345],[141.1831,43.0347],[141.183,43.0348],[141.183,43.0349],[141.183,43.035],[141.1831,43.0351],[141.1833,43.0353],[141.1833,43.0353],[141.1837,43.0356],[141.1839,43.0357],[141.1841,43.0359],[141.1846,43.036],[141.1848,43.0361],[141.185,43.0363],[141.1852,43.0364],[141.1853,43.0366],[141.1855,43.0367],[141.1857,43.0368],[141.1863,43.037],[141.1865,43.0371],[141.1866,43.0372],[141.1868,43.0376],[141.187,43.038],[141.1871,43.0381],[141.1871,43.0382],[141.1872,43.0384],[141.1873,43.0385],[141.1873,43.0386],[141.1873,43.0387],[141.1873,43.0388],[141.1868,43.0392],[141.1865,43.0393],[141.1862,43.0395],[141.1862,43.0396],[141.1861,43.0397],[141.1862,43.0399],[141.1863,43.0402],[141.1863,43.0405],[141.1865,43.0407],[141.1866,43.0409],[141.1866,43.041],[141.1866,43.0411],[141.1865,43.0414],[141.1865,43.0415],[141.1865,43.0417],[141.1865,43.0417],[141.1865,43.0418],[141.1866,43.042],[141.1869,43.0422],[141.187,43.0423],[141.187,43.0424],[141.187,43.0425],[141.187,43.0426],[141.1869,43.0428],[141.1866,43.043],[141.1864,43.0431],[141.186,43.0434],[141.1857,43.0436],[141.1854,43.0437],[141.185,43.0438],[141.1847,43.0438],[141.1844,43.0438],[141.184,43.0438],[141.1836,43.0439],[141.1833,43.044],[141.1833,43.044],[141.1831,43.0442],[141.1829,43.0444],[141.1828,43.0445],[141.1827,43.0447],[141.1825,43.0451],[141.1824,43.0453],[141.1819,43.0458],[141.1817,43.0461],[141.1815,43.0464],[141.1813,43.0465],[141.181,43.0466],[141.1806,43.0466],[141.18,43.0466],[141.1795,43.0465],[141.1791,43.0464],[141.1787,43.0463],[141.1783,43.0462],[141.1781,43.0462],[141.1779,43.0463],[141.1778,43.0463],[141.1778,43.0464],[141.1779,43.0466],[141.1779,43.0467],[141.1779,43.0469],[141.178,43.0472],[141.1781,43.0474],[141.1783,43.0479],[141.1784,43.0481],[141.1784,43.0483],[141.1784,43.0486],[141.1784,43.0488],[141.1783,43.0491],[141.1781,43.0493],[141.178,43.0495],[141.1777,43.0498],[141.1776,43.05],[141.1774,43.0501],[141.1772,43.0503],[141.177,43.0504],[141.1768,43.0506],[141.1766,43.0506],[141.1765,43.0507],[141.1763,43.0508],[141.1762,43.0509],[141.1761,43.0509],[141.1759,43.0511],[141.1756,43.0511],[141.1754,43.0513],[141.175,43.0515],[141.1748,43.0516],[141.1747,43.0517],[141.1747,43.0517],[141.1748,43.0518],[141.1749,43.052],[141.175,43.0524],[141.175,43.0524],[141.1751,43.0527],[141.1751,43.0529],[141.1751,43.0531],[141.1751,43.0532],[141.175,43.0535],[141.1749,43.0539],[141.1748,43.0542],[141.1747,43.0543],[141.1747,43.0545],[141.1747,43.055],[141.1747,43.0551],[141.1746,43.0552],[141.1743,43.0553],[141.1738,43.0555],[141.1733,43.0558],[141.1728,43.056],[141.1724,43.0562],[141.1718,43.0564],[141.1712,43.0568],[141.1708,43.057],[141.1705,43.0571],[141.1702,43.0571],[141.1698,43.0572],[141.1695,43.0573],[141.1688,43.0575],[141.1683,43.0577],[141.1681,43.0578],[141.1679,43.058],[141.1677,43.0581],[141.1675,43.0582],[141.1671,43.0583],[141.1669,43.0583],[141.1669,43.0584],[141.1667,43.0585],[141.1665,43.0586],[141.1661,43.0587],[141.1659,43.0587],[141.1659,43.0587],[141.1653,43.0589],[141.165,43.059],[141.1648,43.0591],[141.1643,43.0593],[141.1641,43.0594],[141.1638,43.0595],[141.1632,43.0599],[141.1629,43.0601],[141.1622,43.0604],[141.162,43.0605],[141.1618,43.0606],[141.1614,43.0608],[141.1612,43.0609],[141.1611,43.0611],[141.1609,43.0615],[141.1609,43.0617],[141.1608,43.0618],[141.1607,43.062],[141.1606,43.0623],[141.1604,43.0624],[141.1602,43.0626],[141.16,43.063],[141.1599,43.0632],[141.1598,43.0633],[141.1598,43.0635],[141.1596,43.0637],[141.1596,43.0639],[141.1595,43.0641],[141.1594,43.0643],[141.1594,43.0645],[141.1592,43.0647],[141.1591,43.0649],[141.1589,43.065],[141.1588,43.0652],[141.1587,43.0654],[141.1585,43.0656],[141.1584,43.0658],[141.1583,43.0658],[141.1582,43.0659],[141.158,43.0661],[141.1577,43.0662],[141.1575,43.0663],[141.157,43.0665],[141.1565,43.0666],[141.1563,43.0667],[141.1559,43.0668],[141.1557,43.0668],[141.1553,43.067],[141.1551,43.0672],[141.1549,43.0673],[141.1546,43.0675],[141.1544,43.0677],[141.1542,43.0678],[141.154,43.0679],[141.1537,43.068],[141.1534,43.0681],[141.1532,43.0682],[141.153,43.0684],[141.1529,43.0685],[141.1528,43.0688],[141.1526,43.069],[141.1526,43.0693],[141.1526,43.0694],[141.1526,43.0696],[141.1528,43.0697],[141.153,43.0699],[141.1532,43.07],[141.1538,43.0702],[141.154,43.0704],[141.1542,43.0705],[141.1543,43.0706],[141.1545,43.0707],[141.1548,43.0708],[141.1551,43.071],[141.1554,43.0712],[141.1557,43.0714],[141.156,43.0716],[141.1563,43.0718],[141.1564,43.072],[141.1566,43.0721],[141.1568,43.0723],[141.157,43.0724],[141.1571,43.0725],[141.1573,43.0727],[141.1575,43.0729],[141.1577,43.073],[141.1578,43.0732],[141.1579,43.0734],[141.1582,43.0738],[141.1583,43.074],[141.1583,43.0741],[141.1584,43.0742],[141.1585,43.0743],[141.1586,43.0744],[141.1589,43.0747],[141.1593,43.075],[141.1593,43.075],[141.1596,43.0753],[141.1599,43.0756],[141.1601,43.0758],[141.1603,43.076],[141.1605,43.0762],[141.1607,43.0764],[141.1609,43.0767],[141.161,43.0768],[141.1612,43.0771],[141.1614,43.0773],[141.1614,43.0774],[141.1618,43.0779],[141.162,43.0781],[141.1621,43.0782],[141.1625,43.0787],[141.1626,43.0788],[141.1629,43.0792],[141.1632,43.0795],[141.1635,43.0799],[141.1638,43.0804],[141.164,43.0806],[141.1643,43.081],[141.1646,43.0814],[141.1649,43.0816],[141.1652,43.0819],[141.1653,43.0821],[141.1655,43.0822],[141.1655,43.0824],[141.1655,43.0825],[141.1654,43.0826],[141.1653,43.0828],[141.1652,43.083],[141.1651,43.0833],[141.165,43.0834],[141.1649,43.0836],[141.1647,43.084],[141.1644,43.0846],[141.1643,43.0849],[141.1642,43.0851],[141.1645,43.085],[141.1648,43.0849],[141.165,43.0848],[141.1655,43.0846],[141.1664,43.0842],[141.1667,43.0841],[141.1674,43.0837],[141.1681,43.0833],[141.1688,43.083],[141.169,43.0829],[141.1704,43.0822],[141.1707,43.082],[141.1709,43.0818],[141.1712,43.0815],[141.1712,43.0815],[141.1713,43.0813],[141.1714,43.0812],[141.1715,43.0811],[141.1716,43.0809],[141.1717,43.0807],[141.1718,43.0805],[141.1719,43.0801],[141.1722,43.0794],[141.1722,43.0794],[141.1726,43.0785],[141.1727,43.0784],[141.1735,43.0781],[141.175,43.0776],[141.1753,43.0775],[141.1761,43.0773],[141.1762,43.0772],[141.1766,43.0772],[141.1769,43.0773],[141.1781,43.0774],[141.1801,43.0775],[141.1814,43.0776],[141.1821,43.0776],[141.1823,43.0776],[141.1825,43.0776],[141.1833,43.0776],[141.1844,43.0776],[141.1855,43.0776],[141.1864,43.0776],[141.1868,43.0776],[141.1877,43.0774],[141.1897,43.077],[141.1899,43.077],[141.1905,43.0768],[141.1907,43.0768],[141.1909,43.0767],[141.1917,43.0767],[141.1917,43.0767],[141.193,43.0767],[141.1932,43.0768],[141.1939,43.0768],[141.1944,43.0768],[141.1945,43.0768],[141.1946,43.0768],[141.1952,43.0768],[141.1954,43.0768],[141.1962,43.0769],[141.1973,43.0769],[141.1989,43.077],[141.1992,43.077],[141.1997,43.0769],[141.1997,43.0769],[141.2,43.0769],[141.2009,43.0768],[141.2024,43.0766],[141.2027,43.0765],[141.2035,43.0764],[141.2039,43.0764],[141.204,43.0764],[141.2042,43.0764],[141.2044,43.0765],[141.2046,43.0765],[141.2049,43.0766],[141.2058,43.0769],[141.2067,43.0772],[141.2074,43.0775],[141.2076,43.0775],[141.2079,43.0776],[141.2083,43.0778],[141.2089,43.078],[141.209,43.078],[141.2096,43.0782],[141.2103,43.0785],[141.2115,43.0789],[141.2117,43.079],[141.2133,43.0795],[141.2137,43.0797],[141.2137,43.0797],[141.2139,43.0798],[141.2141,43.0798],[141.2143,43.0798],[141.2146,43.0799],[141.2151,43.0799],[141.2163,43.0801],[141.2167,43.0802],[141.2173,43.0803],[141.2174,43.0803],[141.2186,43.0802],[141.2198,43.0801],[141.22,43.0801],[141.2203,43.08],[141.2213,43.08],[141.2219,43.08],[141.2222,43.08],[141.2225,43.08],[141.2232,43.08],[141.2237,43.0801],[141.2244,43.0804],[141.2247,43.0805],[141.225,43.0807],[141.2251,43.0807],[141.2251,43.0807],[141.2254,43.081],[141.2258,43.0812],[141.226,43.0816],[141.2266,43.0823],[141.227,43.0828],[141.227,43.083],[141.227,43.0833],[141.227,43.0834],[141.2271,43.0842],[141.2271,43.0844],[141.2272,43.0846],[141.2277,43.0858],[141.228,43.0863],[141.2281,43.0866],[141.2284,43.0871],[141.2284,43.0873],[141.2287,43.0878],[141.2289,43.0884],[141.229,43.0886],[141.2291,43.0888],[141.2297,43.089],[141.2301,43.0891],[141.2309,43.0893],[141.2316,43.0895],[141.2316,43.0895],[141.2326,43.0898],[141.233,43.0899],[141.2333,43.0902],[141.2337,43.0906],[141.2343,43.0912],[141.2347,43.0917],[141.2349,43.0918],[141.2351,43.0921],[141.2354,43.0924],[141.2375,43.0945],[141.2396,43.0956],[141.2415,43.0954],[141.2417,43.0953],[141.2428,43.095],[141.2438,43.0947],[141.2439,43.0947],[141.2446,43.0945],[141.2453,43.0942],[141.2463,43.0935],[141.2466,43.0932],[141.2468,43.0931],[141.2471,43.0928],[141.2474,43.0924],[141.2475,43.0924],[141.2481,43.0918],[141.2482,43.0917],[141.2487,43.0912],[141.2489,43.091],[141.2492,43.0907],[141.2494,43.0905],[141.2497,43.0902],[141.25,43.0899],[141.25,43.0899],[141.2506,43.0893],[141.2506,43.0893],[141.251,43.0889],[141.2515,43.0889],[141.2523,43.0888],[141.2523,43.0888],[141.2523,43.0887],[141.2521,43.0886],[141.252,43.0886],[141.2517,43.0884],[141.2512,43.0882],[141.2505,43.0881],[141.2502,43.088],[141.25,43.088],[141.2498,43.0879],[141.2494,43.088],[141.2491,43.088],[141.2489,43.088],[141.2484,43.0881],[141.2481,43.0882],[141.2476,43.0883],[141.2475,43.0883],[141.247,43.0881],[141.2467,43.088],[141.2468,43.0876],[141.2469,43.0875],[141.2469,43.0873],[141.2469,43.0869],[141.2469,43.0867],[141.247,43.0863],[141.2471,43.0861],[141.2472,43.0859],[141.2474,43.0859],[141.2477,43.0858],[141.2483,43.0856],[141.2485,43.0858],[141.2487,43.0859],[141.2492,43.0859],[141.2496,43.0859],[141.2499,43.0858],[141.25,43.0857],[141.2503,43.0856],[141.2508,43.0858],[141.2511,43.0859],[141.2515,43.086],[141.2519,43.0862],[141.2523,43.0863],[141.2526,43.0865],[141.2527,43.0866],[141.2529,43.0867],[141.2531,43.0868],[141.2534,43.087],[141.2542,43.0875],[141.2549,43.088],[141.2551,43.0881],[141.2552,43.0882],[141.2552,43.0882],[141.2554,43.0882],[141.2558,43.0883],[141.256,43.0883],[141.2562,43.0884],[141.2567,43.0885],[141.2569,43.0887],[141.2569,43.0887],[141.257,43.0888],[141.2572,43.0889],[141.2572,43.089],[141.2573,43.0891],[141.2574,43.0892],[141.2574,43.0894],[141.2575,43.0896],[141.2574,43.0902],[141.2575,43.0903],[141.2575,43.0906],[141.2575,43.0906],[141.2576,43.0906],[141.2579,43.0907],[141.258,43.0907],[141.2582,43.0907],[141.2583,43.0907],[141.2584,43.0907],[141.2586,43.0906],[141.2588,43.0906],[141.259,43.0906],[141.2592,43.0906],[141.2594,43.0907],[141.2594,43.0907],[141.2595,43.0907],[141.2598,43.0908],[141.2603,43.0909],[141.2606,43.091],[141.2607,43.091],[141.2608,43.0911],[141.261,43.0912],[141.2611,43.0913],[141.2613,43.0915],[141.2613,43.0915],[141.2614,43.0916],[141.2616,43.0917],[141.2616,43.0917],[141.2617,43.0917],[141.2617,43.0917],[141.2618,43.0918],[141.2618,43.0919],[141.2619,43.0919],[141.2619,43.0919],[141.2622,43.0921],[141.2624,43.0923],[141.2628,43.0926],[141.2628,43.0927],[141.2629,43.0927],[141.263,43.0928],[141.2631,43.0929],[141.2631,43.0929],[141.2632,43.093],[141.2632,43.093],[141.2632,43.093],[141.2634,43.0932],[141.2636,43.0934],[141.2637,43.0935],[141.263,43.0939],[141.2627,43.0941],[141.2626,43.0942],[141.2623,43.0943],[141.2623,43.0944],[141.2622,43.0945],[141.2622,43.0947],[141.2621,43.0949],[141.2626,43.0954],[141.263,43.0958],[141.2631,43.0958],[141.2635,43.0957],[141.2638,43.0957],[141.2641,43.0957],[141.2641,43.0958],[141.2646,43.0964],[141.2647,43.0964],[141.2647,43.0965],[141.2647,43.0967],[141.2646,43.0969],[141.2646,43.0972],[141.2646,43.0974],[141.265,43.0977],[141.2651,43.0979],[141.2658,43.0985],[141.2659,43.0986],[141.2665,43.0992],[141.2667,43.0994],[141.2672,43.0998],[141.2673,43.1],[141.2678,43.1005],[141.2685,43.1012],[141.2697,43.1022],[141.2709,43.1032],[141.271,43.1034],[141.2711,43.1035],[141.2714,43.1038],[141.2727,43.105],[141.2728,43.105],[141.2733,43.1055],[141.274,43.1061],[141.2746,43.1067],[141.275,43.107],[141.2751,43.1071],[141.2753,43.1073],[141.2759,43.1078],[141.2761,43.1081],[141.2764,43.1083],[141.2765,43.1084],[141.2772,43.109],[141.2777,43.1095],[141.2779,43.1096],[141.2784,43.1101],[141.2786,43.1102],[141.2793,43.1108],[141.2799,43.1114],[141.2801,43.1116],[141.2806,43.112],[141.2809,43.1123],[141.2813,43.1126],[141.2819,43.1132],[141.2821,43.1134],[141.2825,43.1138],[141.2831,43.1143],[141.2833,43.1145],[141.2836,43.1148],[141.2837,43.1149],[141.2844,43.1155],[141.2845,43.1156],[141.285,43.1161],[141.2854,43.1164],[141.2854,43.1165],[141.2857,43.1167],[141.2858,43.1168],[141.2858,43.1168],[141.286,43.117],[141.2861,43.1169],[141.2864,43.1167],[141.2866,43.1165],[141.2872,43.1161],[141.2887,43.115],[141.2892,43.1147],[141.2895,43.1144],[141.2899,43.1142],[141.2903,43.1139],[141.2906,43.1137],[141.2911,43.1133],[141.2914,43.1131],[141.2917,43.1129],[141.2919,43.1128],[141.2927,43.1122],[141.2929,43.1121],[141.2929,43.112],[141.2931,43.1119],[141.2937,43.1115],[141.2939,43.1114],[141.2944,43.1109],[141.2952,43.1103],[141.2958,43.1099],[141.2959,43.1099],[141.296,43.1098],[141.2967,43.1092],[141.2974,43.1086],[141.2976,43.1085],[141.2978,43.1083],[141.298,43.1082],[141.2981,43.1081],[141.2981,43.1081],[141.2981,43.1081],[141.2984,43.1078],[141.2986,43.1076],[141.2988,43.1075],[141.2996,43.1069],[141.3,43.1066],[141.3003,43.1064],[141.3011,43.1058],[141.3018,43.1053],[141.3024,43.1049],[141.3028,43.1045],[141.303,43.1044],[141.3032,43.1043],[141.3033,43.1042],[141.3034,43.1041],[141.304,43.1036],[141.3042,43.1035],[141.3043,43.1035],[141.3044,43.1034],[141.3049,43.1031],[141.3059,43.1023],[141.3067,43.1018],[141.308,43.1009],[141.308,43.1008],[141.3081,43.1008],[141.3081,43.1007],[141.3082,43.1007],[141.3083,43.1006],[141.3084,43.1006],[141.3085,43.1005],[141.3085,43.1005],[141.3086,43.1004],[141.3092,43.1],[141.3096,43.0997],[141.3098,43.0995],[141.3102,43.0992],[141.311,43.0986],[141.3114,43.0983],[141.3119,43.0979],[141.3125,43.0975],[141.3132,43.097],[141.3148,43.0959]]]}},{"type":"Feature","properties":{"code":"01108","id":"atsubetsu","name":"厚別区"},"geometry":{"type":"Polygon","coordinates":[[[141.4737,43.0942],[141.4739,43.0941],[141.474,43.0942],[141.4741,43.0943],[141.4741,43.0944],[141.4741,43.0946],[141.4741,43.0948],[141.4742,43.0949],[141.4743,43.095],[141.4743,43.095],[141.4744,43.095],[141.4745,43.0949],[141.4745,43.0948],[141.4745,43.0947],[141.4747,43.0946],[141.4748,43.0946],[141.4748,43.0942],[141.4748,43.094],[141.4749,43.0937],[141.475,43.0935],[141.475,43.0934],[141.475,43.0933],[141.475,43.0932],[141.4751,43.0931],[141.4751,43.093],[141.4752,43.0927],[141.4752,43.0925],[141.4752,43.0921],[141.4751,43.092],[141.4751,43.092],[141.4751,43.092],[141.475,43.0919],[141.4749,43.0919],[141.4749,43.0917],[141.4748,43.0913],[141.4745,43.0901],[141.4745,43.09],[141.4746,43.09],[141.475,43.0899],[141.4752,43.0898],[141.4754,43.0898],[141.4755,43.0895],[141.4755,43.089],[141.4756,43.0881],[141.4756,43.088],[141.4755,43.0879],[141.4753,43.0876],[141.475,43.0874],[141.4747,43.087],[141.4743,43.0866],[141.4738,43.0861],[141.4734,43.0858],[141.4729,43.0852],[141.4727,43.085],[141.4725,43.0848],[141.4722,43.0842],[141.4717,43.0833],[141.4717,43.0833],[141.4715,43.0828],[141.4713,43.0829],[141.4708,43.082],[141.4707,43.0819],[141.4716,43.0816],[141.4717,43.0815],[141.4709,43.0801],[141.4709,43.0798],[141.4714,43.0786],[141.4715,43.0785],[141.4716,43.0784],[141.4717,43.0782],[141.4717,43.0781],[141.4722,43.0776],[141.4722,43.0774],[141.472,43.0772],[141.4718,43.0771],[141.4718,43.077],[141.4718,43.0769],[141.4718,43.0768],[141.4723,43.0761],[141.4725,43.0758],[141.473,43.075],[141.4731,43.0749],[141.4734,43.0744],[141.4737,43.0738],[141.4738,43.0738],[141.4738,43.0737],[141.4736,43.0734],[141.4734,43.0729],[141.473,43.0723],[141.4726,43.0715],[141.4725,43.0712],[141.4717,43.0698],[141.4715,43.0695],[141.4716,43.0695],[141.4716,43.0694],[141.4717,43.0693],[141.472,43.0691],[141.4721,43.069],[141.4729,43.0684],[141.4738,43.0678],[141.4739,43.0677],[141.475,43.0668],[141.4752,43.0667],[141.476,43.0661],[141.4774,43.065],[141.478,43.0645],[141.4788,43.0639],[141.4791,43.0638],[141.4797,43.0633],[141.4802,43.0629],[141.4804,43.0628],[141.4818,43.0617],[141.4821,43.0614],[141.4822,43.0614],[141.4823,43.0613],[141.4824,43.0612],[141.4832,43.0605],[141.4833,43.0605],[141.4833,43.0605],[141.4835,43.0604],[141.4834,43.0602],[141.4833,43.06],[141.4831,43.0595],[141.4833,43.0595],[141.4833,43.0595],[141.4838,43.0594],[141.4839,43.0594],[141.4853,43.0593],[141.486,43.059],[141.4867,43.0588],[141.4873,43.0586],[141.4876,43.0585],[141.4877,43.0584],[141.4878,43.0583],[141.4879,43.0583],[141.4886,43.0579],[141.4889,43.0577],[141.4891,43.0576],[141.4897,43.0573],[141.4901,43.0571],[141.4903,43.0571],[141.4907,43.057],[141.4911,43.0569],[141.4917,43.0569],[141.4917,43.0569],[141.492,43.0569],[141.4921,43.0569],[141.4925,43.057],[141.4929,43.0571],[141.4932,43.0572],[141.4934,43.0573],[141.4936,43.0574],[141.4938,43.0575],[141.4939,43.0576],[141.4942,43.0578],[141.4944,43.0579],[141.4946,43.0579],[141.4948,43.0579],[141.4951,43.058],[141.4952,43.058],[141.4954,43.058],[141.4957,43.058],[141.4959,43.058],[141.4963,43.0579],[141.4974,43.0578],[141.4974,43.0558],[141.4974,43.0554],[141.4975,43.0523],[141.4975,43.0516],[141.4975,43.05],[141.4975,43.05],[141.4976,43.0498],[141.4977,43.0498],[141.4983,43.05],[141.5,43.0506],[141.5012,43.051],[141.5013,43.05],[141.5015,43.0483],[141.5016,43.0477],[141.5019,43.0459],[141.5021,43.0448],[141.5023,43.0436],[141.5024,43.0422],[141.5025,43.0417],[141.5026,43.0411],[141.5029,43.0388],[141.5029,43.0385],[141.5032,43.0359],[141.5035,43.034],[141.5035,43.0337],[141.5035,43.0336],[141.5035,43.0335],[141.5035,43.0333],[141.5039,43.0309],[141.504,43.03],[141.5041,43.0298],[141.5043,43.0283],[141.5045,43.0271],[141.5047,43.0258],[141.5048,43.025],[141.5051,43.0234],[141.5052,43.0223],[141.5054,43.021],[141.5054,43.0209],[141.5048,43.0211],[141.5045,43.0212],[141.5039,43.0212],[141.5032,43.0212],[141.5029,43.0211],[141.5026,43.0211],[141.5018,43.0212],[141.5015,43.0212],[141.5012,43.0212],[141.5008,43.0213],[141.5002,43.0215],[141.5,43.0216],[141.4999,43.0216],[141.4995,43.0221],[141.4993,43.0222],[141.4993,43.0224],[141.4991,43.0226],[141.4986,43.0228],[141.4981,43.023],[141.4975,43.023],[141.4973,43.023],[141.4971,43.023],[141.4969,43.0229],[141.4967,43.0229],[141.4964,43.0229],[141.4963,43.0229],[141.4958,43.0231],[141.4956,43.0232],[141.4955,43.0232],[141.4952,43.0232],[141.494,43.0231],[141.4937,43.0231],[141.4932,43.023],[141.493,43.023],[141.4919,43.0229],[141.4917,43.0229],[141.4906,43.0229],[141.4902,43.0229],[141.49,43.0229],[141.4895,43.0229],[141.4886,43.0231],[141.4876,43.0232],[141.4873,43.0233],[141.4871,43.0233],[141.4869,43.0232],[141.4868,43.0231],[141.4867,43.0231],[141.4867,43.0231],[141.4865,43.023],[141.4864,43.023],[141.4864,43.0229],[141.4861,43.0227],[141.4859,43.0226],[141.4859,43.0226],[141.4857,43.0224],[141.4856,43.0223],[141.4856,43.0221],[141.4856,43.0221],[141.4856,43.022],[141.4856,43.0218],[141.4854,43.0217],[141.4853,43.0216],[141.485,43.0215],[141.4849,43.0214],[141.4848,43.0214],[141.4849,43.0213],[141.485,43.0212],[141.4853,43.0212],[141.4854,43.0212],[141.4857,43.0212],[141.4857,43.0211],[141.4858,43.0209],[141.4858,43.0207],[141.4858,43.0205],[141.486,43.0203],[141.4861,43.0201],[141.4861,43.02],[141.486,43.0199],[141.486,43.0197],[141.4859,43.0197],[141.4859,43.0196],[141.4857,43.0193],[141.4856,43.0193],[141.4856,43.0192],[141.4857,43.0192],[141.4858,43.0191],[141.4859,43.0191],[141.4861,43.0192],[141.4863,43.0194],[141.4863,43.0194],[141.4864,43.0194],[141.4866,43.0192],[141.4867,43.0191],[141.4868,43.0189],[141.4869,43.0188],[141.4869,43.0187],[141.4869,43.0186],[141.4868,43.0186],[141.4866,43.0186],[141.4863,43.018],[141.4863,43.0179],[141.4864,43.0178],[141.4864,43.0176],[141.4866,43.0175],[141.4867,43.0174],[141.4871,43.0175],[141.4873,43.0175],[141.4875,43.0176],[141.4877,43.0176],[141.4878,43.0175],[141.4879,43.0173],[141.4879,43.0171],[141.488,43.017],[141.488,43.017],[141.4881,43.017],[141.4881,43.017],[141.4882,43.017],[141.4886,43.017],[141.4888,43.0169],[141.4888,43.0167],[141.4888,43.0167],[141.4887,43.0165],[141.4887,43.0163],[141.4886,43.0162],[141.4885,43.0161],[141.4884,43.016],[141.4884,43.0159],[141.4883,43.0159],[141.4883,43.0158],[141.488,43.0155],[141.4879,43.0152],[141.4878,43.015],[141.4879,43.015],[141.4881,43.0151],[141.4882,43.015],[141.4883,43.0149],[141.4883,43.0148],[141.4882,43.0146],[141.4882,43.0145],[141.4884,43.0145],[141.4884,43.0145],[141.4889,43.0145],[141.489,43.0144],[141.489,43.0143],[141.4891,43.0142],[141.4891,43.014],[141.4891,43.0139],[141.4891,43.0138],[141.4892,43.0136],[141.4891,43.0135],[141.489,43.0134],[141.4887,43.0133],[141.4886,43.0133],[141.4886,43.0134],[141.4885,43.0134],[141.4884,43.0135],[141.4882,43.0137],[141.4879,43.0136],[141.4877,43.0136],[141.4871,43.0133],[141.4868,43.0133],[141.4868,43.0133],[141.4867,43.0133],[141.4866,43.0133],[141.4866,43.0133],[141.4864,43.0134],[141.4863,43.0134],[141.4861,43.0133],[141.4859,43.0133],[141.4857,43.0134],[141.4852,43.0131],[141.4846,43.0127],[141.4833,43.0118],[141.4827,43.0114],[141.4827,43.0113],[141.4827,43.0112],[141.4827,43.011],[141.4826,43.011],[141.4824,43.0109],[141.4823,43.0109],[141.4824,43.0105],[141.4825,43.0104],[141.4824,43.0102],[141.4823,43.01],[141.4822,43.0097],[141.4822,43.0093],[141.4822,43.0092],[141.4822,43.0091],[141.4823,43.009],[141.4826,43.0088],[141.4825,43.0086],[141.4825,43.0084],[141.4825,43.0083],[141.4823,43.008],[141.4822,43.0077],[141.4822,43.0075],[141.4822,43.0075],[141.4824,43.0074],[141.4825,43.0073],[141.4824,43.0071],[141.482,43.0072],[141.4817,43.0073],[141.4813,43.0074],[141.4808,43.0075],[141.4802,43.0078],[141.4788,43.0083],[141.4784,43.0085],[141.4775,43.0089],[141.4759,43.0095],[141.4754,43.0097],[141.4752,43.0098],[141.475,43.0099],[141.4735,43.0105],[141.4734,43.0106],[141.4724,43.0109],[141.4722,43.011],[141.4718,43.0112],[141.4703,43.0118],[141.4699,43.012],[141.4687,43.0125],[141.4684,43.0126],[141.4682,43.0127],[141.4677,43.0129],[141.4673,43.0131],[141.4673,43.0131],[141.4671,43.0132],[141.4669,43.0133],[141.4667,43.0133],[141.4665,43.0134],[141.4662,43.0134],[141.4657,43.0136],[141.4654,43.0137],[141.4651,43.0138],[141.4651,43.0138],[141.4647,43.014],[141.4635,43.0144],[141.4635,43.0144],[141.4634,43.0145],[141.4632,43.0146],[141.4631,43.0147],[141.4631,43.015],[141.463,43.0152],[141.463,43.0152],[141.463,43.0155],[141.4632,43.0158],[141.4632,43.016],[141.4632,43.0162],[141.4631,43.0164],[141.463,43.0166],[141.463,43.0167],[141.4628,43.0168],[141.4627,43.0169],[141.4627,43.017],[141.4626,43.0172],[141.4616,43.0183],[141.4614,43.0183],[141.4611,43.0184],[141.4605,43.019],[141.4601,43.0194],[141.4601,43.0196],[141.46,43.0197],[141.4595,43.02],[141.4592,43.0201],[141.4586,43.0203],[141.4583,43.0204],[141.4582,43.0204],[141.4579,43.0205],[141.4575,43.0208],[141.4572,43.0209],[141.457,43.0209],[141.4566,43.0208],[141.4565,43.0207],[141.4564,43.0207],[141.4563,43.0206],[141.4562,43.0206],[141.4562,43.0206],[141.4561,43.0205],[141.456,43.0204],[141.4557,43.0203],[141.4555,43.0201],[141.4554,43.02],[141.4553,43.0199],[141.4553,43.0198],[141.4552,43.0197],[141.4544,43.0185],[141.4542,43.0182],[141.4541,43.0182],[141.454,43.0182],[141.4538,43.0183],[141.4538,43.0183],[141.4534,43.0185],[141.453,43.0186],[141.4525,43.0188],[141.4523,43.0189],[141.4521,43.019],[141.452,43.019],[141.4519,43.0191],[141.4517,43.0192],[141.4515,43.0192],[141.4504,43.0197],[141.45,43.0198],[141.4499,43.0199],[141.4498,43.0199],[141.4497,43.0199],[141.4495,43.02],[141.4488,43.0203],[141.4486,43.0204],[141.4485,43.0204],[141.4481,43.0206],[141.4477,43.0207],[141.4475,43.0208],[141.4472,43.0209],[141.4465,43.0212],[141.4452,43.0217],[141.4447,43.022],[141.4439,43.0223],[141.444,43.0225],[141.4441,43.0228],[141.4442,43.0232],[141.4442,43.0235],[141.4443,43.025],[141.4443,43.0251],[141.4443,43.0255],[141.4443,43.0257],[141.4443,43.0261],[141.4444,43.0263],[141.4445,43.0267],[141.4446,43.0271],[141.4448,43.0276],[141.4449,43.0279],[141.4451,43.0282],[141.4454,43.0286],[141.4456,43.0288],[141.4458,43.029],[141.4462,43.0293],[141.4463,43.0294],[141.4464,43.0295],[141.4465,43.0296],[141.4467,43.0297],[141.4468,43.0297],[141.4471,43.03],[141.4476,43.0302],[141.4478,43.0303],[141.4489,43.0308],[141.4494,43.0309],[141.4496,43.031],[141.4496,43.0311],[141.45,43.0313],[141.4501,43.0314],[141.4507,43.0319],[141.451,43.0323],[141.4511,43.0326],[141.4513,43.0326],[141.4514,43.0325],[141.4522,43.0321],[141.4524,43.0323],[141.4525,43.0325],[141.4527,43.0329],[141.4529,43.0333],[141.4529,43.0334],[141.4535,43.0345],[141.4536,43.0345],[141.4536,43.0346],[141.4543,43.0346],[141.4552,43.0346],[141.4554,43.0346],[141.4558,43.0345],[141.4562,43.0345],[141.4563,43.0344],[141.4564,43.0342],[141.4566,43.0341],[141.4568,43.0341],[141.4571,43.034],[141.4572,43.0341],[141.4574,43.0347],[141.4575,43.0349],[141.4576,43.0352],[141.4578,43.0355],[141.4578,43.0357],[141.4578,43.0361],[141.4577,43.0369],[141.4577,43.0378],[141.4576,43.0388],[141.4575,43.0394],[141.4574,43.0397],[141.4574,43.0398],[141.4574,43.04],[141.4573,43.0403],[141.4572,43.0406],[141.4571,43.041],[141.4569,43.0412],[141.4567,43.0415],[141.4566,43.0417],[141.4565,43.0417],[141.4558,43.0424],[141.4553,43.0429],[141.4553,43.0431],[141.4553,43.0432],[141.4553,43.0435],[141.4553,43.0437],[141.4553,43.0439],[141.4552,43.0441],[141.4551,43.0444],[141.455,43.0447],[141.4547,43.0452],[141.4539,43.0464],[141.4537,43.0468],[141.4535,43.047],[141.4529,43.0479],[141.4522,43.0491],[141.4515,43.05],[141.4514,43.0502],[141.4509,43.051],[141.45,43.0524],[141.4499,43.0525],[141.4497,43.0529],[141.4493,43.0536],[141.449,43.0544],[141.4489,43.0546],[141.4489,43.0548],[141.4487,43.0556],[141.4486,43.0561],[141.4486,43.0561],[141.4486,43.0562],[141.4486,43.0569],[141.4488,43.0583],[141.4489,43.0591],[141.4491,43.0613],[141.4492,43.0621],[141.4493,43.0625],[141.4494,43.0627],[141.4497,43.0633],[141.45,43.0637],[141.4507,43.0647],[141.4506,43.0647],[141.4505,43.0647],[141.4505,43.0647],[141.4506,43.0648],[141.4507,43.065],[141.451,43.0654],[141.452,43.0667],[141.4527,43.0677],[141.4546,43.0703],[141.4547,43.0704],[141.4559,43.072],[141.4568,43.0733],[141.458,43.075],[141.4583,43.0753],[141.4583,43.0754],[141.4594,43.0768],[141.4603,43.078],[141.4604,43.0783],[141.4611,43.0792],[141.4619,43.0803],[141.4628,43.0815],[141.463,43.0818],[141.4632,43.0821],[141.4638,43.0828],[141.464,43.0831],[141.4641,43.0833],[141.4644,43.0838],[141.4648,43.0843],[141.4648,43.0843],[141.4656,43.0853],[141.4659,43.0858],[141.4663,43.0864],[141.4667,43.0869],[141.4683,43.0891],[141.47,43.0914],[141.47,43.0914],[141.4702,43.0917],[141.4714,43.0934],[141.4716,43.0935],[141.4717,43.0937],[141.4735,43.0961],[141.4736,43.0961],[141.4739,43.0961],[141.474,43.096],[141.4742,43.0959],[141.4743,43.0957],[141.4742,43.0956],[141.4742,43.0955],[141.4739,43.0952],[141.4735,43.0948],[141.4734,43.0946],[141.4734,43.0944],[141.4736,43.0942],[141.4737,43.0942]]]}},{"type":"Feature","properties":{"code":"01109","id":"teine","name":"手稲区"},"geometry":{"type":"Polygon","coordinates":[[[141.2251,43.16],[141.2258,43.1595],[141.2259,43.1594],[141.2261,43.1593],[141.2263,43.1592],[141.2264,43.1588],[141.2264,43.1585],[141.2264,43.1583],[141.2264,43.1583],[141.2265,43.1581],[141.2266,43.1573],[141.2268,43.1573],[141.227,43.1573],[141.2271,43.1575],[141.2274,43.1576],[141.2276,43.1573],[141.2278,43.1567],[141.2282,43.1566],[141.2286,43.1563],[141.2289,43.156],[141.229,43.1559],[141.2291,43.156],[141.2293,43.156],[141.2294,43.1563],[141.2295,43.1566],[141.2295,43.1567],[141.2296,43.1569],[141.2296,43.157],[141.2296,43.157],[141.2297,43.1572],[141.2298,43.1572],[141.2298,43.1572],[141.2299,43.1573],[141.231,43.1566],[141.231,43.1566],[141.2318,43.1561],[141.2322,43.1559],[141.2333,43.1551],[141.2378,43.152],[141.238,43.1519],[141.2381,43.1519],[141.2382,43.152],[141.2382,43.152],[141.2386,43.1523],[141.239,43.1526],[141.2394,43.1529],[141.2404,43.1536],[141.2417,43.1546],[141.2459,43.1577],[141.2464,43.1581],[141.2467,43.1583],[141.2475,43.1589],[141.2483,43.1583],[141.25,43.1571],[141.2506,43.1567],[141.2525,43.1553],[141.2559,43.1529],[141.2582,43.1513],[141.2583,43.1512],[141.26,43.15],[141.262,43.1486],[141.2622,43.1484],[141.2642,43.147],[141.2667,43.1452],[141.2688,43.1436],[141.2716,43.1417],[141.2723,43.1411],[141.273,43.1406],[141.2733,43.1405],[141.2735,43.1403],[141.2742,43.1398],[141.275,43.1392],[141.2771,43.1377],[141.2789,43.1364],[141.279,43.1363],[141.2791,43.1362],[141.2792,43.1362],[141.2805,43.1352],[141.2808,43.135],[141.281,43.1348],[141.2815,43.1345],[141.2828,43.1336],[141.2827,43.1336],[141.2827,43.1336],[141.2823,43.1333],[141.2821,43.1332],[141.2819,43.1331],[141.2818,43.1331],[141.2817,43.1331],[141.2816,43.1332],[141.2814,43.1332],[141.2813,43.1331],[141.2812,43.133],[141.281,43.1329],[141.2809,43.1329],[141.2807,43.1329],[141.2805,43.1329],[141.2805,43.1328],[141.2803,43.1327],[141.2802,43.1326],[141.28,43.1325],[141.2799,43.1325],[141.2799,43.1325],[141.2795,43.1325],[141.2794,43.1325],[141.2793,43.1324],[141.2792,43.1324],[141.2793,43.1322],[141.2794,43.1321],[141.2794,43.1319],[141.2795,43.1319],[141.2795,43.1317],[141.2794,43.1317],[141.2791,43.1315],[141.2789,43.1313],[141.2786,43.1312],[141.2785,43.1311],[141.2783,43.131],[141.2782,43.131],[141.278,43.131],[141.278,43.1311],[141.2778,43.1311],[141.2778,43.1312],[141.2776,43.1314],[141.2775,43.1315],[141.2775,43.1317],[141.2774,43.1318],[141.2772,43.1317],[141.2769,43.1317],[141.2766,43.1317],[141.2764,43.1316],[141.2761,43.1315],[141.2758,43.1313],[141.2756,43.1313],[141.2755,43.1313],[141.2754,43.1314],[141.2753,43.1314],[141.2754,43.1315],[141.2757,43.1319],[141.2759,43.132],[141.276,43.1322],[141.276,43.1322],[141.276,43.1322],[141.276,43.1323],[141.2759,43.1323],[141.2758,43.1323],[141.2757,43.1322],[141.2755,43.1322],[141.2754,43.1321],[141.2751,43.1321],[141.275,43.1321],[141.275,43.1321],[141.2747,43.1321],[141.2745,43.1321],[141.2743,43.1321],[141.2742,43.1322],[141.2741,43.1323],[141.274,43.1324],[141.2739,43.1324],[141.2739,43.1325],[141.2737,43.1327],[141.2736,43.1329],[141.2735,43.1331],[141.2734,43.1332],[141.2734,43.1333],[141.2733,43.1333],[141.2732,43.1334],[141.2731,43.1335],[141.273,43.1335],[141.2729,43.1335],[141.2727,43.1335],[141.2725,43.1335],[141.2723,43.1334],[141.2722,43.1333],[141.272,43.1332],[141.2717,43.1331],[141.2715,43.133],[141.271,43.1328],[141.2706,43.1327],[141.27,43.1325],[141.2695,43.1324],[141.2691,43.1323],[141.2689,43.1323],[141.2688,43.1323],[141.2685,43.1322],[141.2684,43.1321],[141.2682,43.1321],[141.268,43.132],[141.2675,43.1317],[141.2674,43.1316],[141.2671,43.1315],[141.2667,43.1312],[141.2667,43.1312],[141.2667,43.1312],[141.2666,43.1312],[141.2665,43.1311],[141.2665,43.131],[141.2667,43.1309],[141.2667,43.1309],[141.267,43.1306],[141.2678,43.1301],[141.2681,43.1298],[141.2685,43.1295],[141.269,43.1292],[141.2693,43.129],[141.2694,43.1289],[141.2697,43.1287],[141.2701,43.1284],[141.2705,43.1281],[141.2709,43.1279],[141.2713,43.1276],[141.2717,43.1273],[141.272,43.1271],[141.2724,43.1268],[141.2728,43.1265],[141.2732,43.1262],[141.2736,43.1259],[141.2739,43.1257],[141.2743,43.1254],[141.2747,43.1251],[141.2748,43.125],[141.275,43.1249],[141.2751,43.1248],[141.2755,43.1245],[141.2759,43.1242],[141.2762,43.124],[141.2766,43.1237],[141.277,43.1234],[141.2774,43.1232],[141.2777,43.1229],[141.2778,43.1229],[141.2782,43.1225],[141.2786,43.1223],[141.2794,43.1217],[141.2802,43.1211],[141.2809,43.1206],[141.2817,43.12],[141.2824,43.1195],[141.2826,43.1193],[141.2833,43.1189],[141.2833,43.1188],[141.284,43.1184],[141.2847,43.1179],[141.2854,43.1174],[141.286,43.117],[141.2858,43.1168],[141.2858,43.1168],[141.2857,43.1167],[141.2854,43.1165],[141.2854,43.1164],[141.285,43.1161],[141.2845,43.1156],[141.2844,43.1155],[141.2837,43.1149],[141.2836,43.1148],[141.2833,43.1145],[141.2831,43.1143],[141.2825,43.1138],[141.2821,43.1134],[141.2819,43.1132],[141.2813,43.1126],[141.2809,43.1123],[141.2806,43.112],[141.2801,43.1116],[141.2799,43.1114],[141.2793,43.1108],[141.2786,43.1102],[141.2784,43.1101],[141.2779,43.1096],[141.2777,43.1095],[141.2772,43.109],[141.2765,43.1084],[141.2764,43.1083],[141.2761,43.1081],[141.2759,43.1078],[141.2753,43.1073],[141.2751,43.1071],[141.275,43.107],[141.2746,43.1067],[141.274,43.1061],[141.2733,43.1055],[141.2728,43.105],[141.2727,43.105],[141.2714,43.1038],[141.2711,43.1035],[141.271,43.1034],[141.2709,43.1032],[141.2697,43.1022],[141.2685,43.1012],[141.2678,43.1005],[141.2673,43.1],[141.2672,43.0998],[141.2667,43.0994],[141.2665,43.0992],[141.2659,43.0986],[141.2658,43.0985],[141.2651,43.0979],[141.265,43.0977],[141.2646,43.0974],[141.2646,43.0972],[141.2646,43.0969],[141.2647,43.0967],[141.2647,43.0965],[141.2647,43.0964],[141.2646,43.0964],[141.2641,43.0958],[141.2641,43.0957],[141.2638,43.0957],[141.2635,43.0957],[141.2631,43.0958],[141.263,43.0958],[141.2626,43.0954],[141.2621,43.0949],[141.2622,43.0947],[141.2622,43.0945],[141.2623,43.0944],[141.2623,43.0943],[141.2626,43.0942],[141.2627,43.0941],[141.263,43.0939],[141.2637,43.0935],[141.2636,43.0934],[141.2634,43.0932],[141.2632,43.093],[141.2632,43.093],[141.2632,43.093],[141.2631,43.0929],[141.2631,43.0929],[141.263,43.0928],[141.2629,43.0927],[141.2628,43.0927],[141.2628,43.0926],[141.2624,43.0923],[141.2622,43.0921],[141.2619,43.0919],[141.2619,43.0919],[141.2618,43.0919],[141.2618,43.0918],[141.2617,43.0917],[141.2617,43.0917],[141.2616,43.0917],[141.2616,43.0917],[141.2614,43.0916],[141.2613,43.0915],[141.2613,43.0915],[141.2611,43.0913],[141.261,43.0912],[141.2608,43.0911],[141.2607,43.091],[141.2606,43.091],[141.2603,43.0909],[141.2598,43.0908],[141.2595,43.0907],[141.2594,43.0907],[141.2594,43.0907],[141.2592,43.0906],[141.259,43.0906],[141.2588,43.0906],[141.2586,43.0906],[141.2584,43.0907],[141.2583,43.0907],[141.2582,43.0907],[141.258,43.0907],[141.2579,43.0907],[141.2576,43.0906],[141.2575,43.0906],[141.2575,43.0906],[141.2575,43.0903],[141.2574,43.0902],[141.2575,43.0896],[141.2574,43.0894],[141.2574,43.0892],[141.2573,43.0891],[141.2572,43.089],[141.2572,43.0889],[141.257,43.0888],[141.2569,43.0887],[141.2569,43.0887],[141.2567,43.0885],[141.2562,43.0884],[141.256,43.0883],[141.2558,43.0883],[141.2554,43.0882],[141.2552,43.0882],[141.2552,43.0882],[141.2551,43.0881],[141.2549,43.088],[141.2542,43.0875],[141.2534,43.087],[141.2531,43.0868],[141.2529,43.0867],[141.2527,43.0866],[141.2526,43.0865],[141.2523,43.0863],[141.2519,43.0862],[141.2515,43.086],[141.2511,43.0859],[141.2508,43.0858],[141.2503,43.0856],[141.25,43.0857],[141.2499,43.0858],[141.2496,43.0859],[141.2492,43.0859],[141.2487,43.0859],[141.2485,43.0858],[141.2483,43.0856],[141.2477,43.0858],[141.2474,43.0859],[141.2472,43.0859],[141.2471,43.0861],[141.247,43.0863],[141.2469,43.0867],[141.2469,43.0869],[141.2469,43.0873],[141.2469,43.0875],[141.2468,43.0876],[141.2467,43.088],[141.247,43.0881],[141.2475,43.0883],[141.2476,43.0883],[141.2481,43.0882],[141.2484,43.0881],[141.2489,43.088],[141.2491,43.088],[141.2494,43.088],[141.2498,43.0879],[141.25,43.088],[141.2502,43.088],[141.2505,43.0881],[141.2512,43.0882],[141.2517,43.0884],[141.252,43.0886],[141.2521,43.0886],[141.2523,43.0887],[141.2523,43.0888],[141.2523,43.0888],[141.2515,43.0889],[141.251,43.0889],[141.2506,43.0893],[141.2506,43.0893],[141.25,43.0899],[141.25,43.0899],[141.2497,43.0902],[141.2494,43.0905],[141.2492,43.0907],[141.2489,43.091],[141.2487,43.0912],[141.2482,43.0917],[141.2481,43.0918],[141.2475,43.0924],[141.2474,43.0924],[141.2471,43.0928],[141.2468,43.0931],[141.2466,43.0932],[141.2463,43.0935],[141.2453,43.0942],[141.2446,43.0945],[141.2439,43.0947],[141.2438,43.0947],[141.2428,43.095],[141.2417,43.0953],[141.2415,43.0954],[141.2396,43.0956],[141.2375,43.0945],[141.2354,43.0924],[141.2351,43.0921],[141.2349,43.0918],[141.2347,43.0917],[141.2343,43.0912],[141.2337,43.0906],[141.2333,43.0902],[141.233,43.0899],[141.2326,43.0898],[141.2316,43.0895],[141.2316,43.0895],[141.2309,43.0893],[141.2301,43.0891],[141.2297,43.089],[141.2291,43.0888],[141.229,43.0886],[141.2289,43.0884],[141.2287,43.0878],[141.2284,43.0873],[141.2284,43.0871],[141.2281,43.0866],[141.228,43.0863],[141.2277,43.0858],[141.2272,43.0846],[141.2271,43.0844],[141.2271,43.0842],[141.227,43.0834],[141.227,43.0833],[141.227,43.083],[141.227,43.0828],[141.2266,43.0823],[141.226,43.0816],[141.2258,43.0812],[141.2254,43.081],[141.2251,43.0807],[141.2251,43.0807],[141.225,43.0807],[141.2247,43.0805],[141.2244,43.0804],[141.2237,43.0801],[141.2232,43.08],[141.2225,43.08],[141.2222,43.08],[141.2219,43.08],[141.2213,43.08],[141.2203,43.08],[141.22,43.0801],[141.2198,43.0801],[141.2186,43.0802],[141.2174,43.0803],[141.2173,43.0803],[141.2167,43.0802],[141.2163,43.0801],[141.2151,43.0799],[141.2146,43.0799],[141.2143,43.0798],[141.2141,43.0798],[141.2139,43.0798],[141.2137,43.0797],[141.2137,43.0797],[141.2133,43.0795],[141.2117,43.079],[141.2115,43.0789],[141.2103,43.0785],[141.2096,43.0782],[141.209,43.078],[141.2089,43.078],[141.2083,43.0778],[141.2079,43.0776],[141.2076,43.0775],[141.2074,43.0775],[141.2067,43.0772],[141.2058,43.0769],[141.2049,43.0766],[141.2046,43.0765],[141.2044,43.0765],[141.2042,43.0764],[141.204,43.0764],[141.2039,43.0764],[141.2035,43.0764],[141.2027,43.0765],[141.2024,43.0766],[141.2009,43.0768],[141.2,43.0769],[141.1997,43.0769],[141.1997,43.0769],[141.1992,43.077],[141.1989,43.077],[141.1973,43.0769],[141.1962,43.0769],[141.1954,43.0768],[141.1952,43.0768],[141.1946,43.0768],[141.1945,43.0768],[141.1944,43.0768],[141.1939,43.0768],[141.1932,43.0768],[141.193,43.0767],[141.1917,43.0767],[141.1917,43.0767],[141.1909,43.0767],[141.1907,43.0768],[141.1905,43.0768],[141.1899,43.077],[141.1897,43.077],[141.1877,43.0774],[141.1868,43.0776],[141.1864,43.0776],[141.1855,43.0776],[141.1844,43.0776],[141.1833,43.0776],[141.1825,43.0776],[141.1823,43.0776],[141.1821,43.0776],[141.1814,43.0776],[141.1801,43.0775],[141.1781,43.0774],[141.1769,43.0773],[141.1766,43.0772],[141.1762,43.0772],[141.1761,43.0773],[141.1753,43.0775],[141.175,43.0776],[141.1735,43.0781],[141.1727,43.0784],[141.1726,43.0785],[141.1722,43.0794],[141.1722,43.0794],[141.1719,43.0801],[141.1718,43.0805],[141.1717,43.0807],[141.1716,43.0809],[141.1715,43.0811],[141.1714,43.0812],[141.1713,43.0813],[141.1712,43.0815],[141.1712,43.0815],[141.1709,43.0818],[141.1707,43.082],[141.1704,43.0822],[141.169,43.0829],[141.1688,43.083],[141.1681,43.0833],[141.1674,43.0837],[141.1667,43.0841],[141.1664,43.0842],[141.1655,43.0846],[141.165,43.0848],[141.1648,43.0849],[141.1645,43.085],[141.1642,43.0851],[141.1642,43.0853],[141.1641,43.0855],[141.1641,43.0858],[141.1639,43.086],[141.1638,43.0864],[141.1637,43.0866],[141.1636,43.0867],[141.1632,43.0864],[141.163,43.0862],[141.1625,43.086],[141.162,43.0859],[141.1617,43.0859],[141.1615,43.0859],[141.1612,43.0859],[141.161,43.086],[141.1607,43.086],[141.1602,43.086],[141.1599,43.086],[141.1595,43.0859],[141.1593,43.0858],[141.1589,43.0856],[141.1586,43.0855],[141.1583,43.0854],[141.1582,43.0854],[141.1579,43.0853],[141.1576,43.0852],[141.1573,43.0852],[141.157,43.0852],[141.1567,43.0853],[141.1564,43.0855],[141.1561,43.0858],[141.1558,43.0859],[141.1555,43.086],[141.1553,43.086],[141.1549,43.0862],[141.1543,43.0863],[141.154,43.0865],[141.1538,43.0867],[141.1534,43.0871],[141.1529,43.0876],[141.1526,43.0876],[141.1525,43.0877],[141.152,43.0884],[141.152,43.0886],[141.152,43.089],[141.1522,43.0893],[141.1523,43.0895],[141.1529,43.0894],[141.1532,43.0894],[141.1541,43.0894],[141.1555,43.0892],[141.1559,43.0891],[141.1569,43.0889],[141.1574,43.0888],[141.1578,43.0887],[141.1582,43.0887],[141.1583,43.0887],[141.1585,43.0887],[141.1587,43.0888],[141.1589,43.089],[141.159,43.0892],[141.1592,43.0896],[141.1594,43.0899],[141.1596,43.0901],[141.1601,43.0903],[141.1605,43.0905],[141.1609,43.0909],[141.1612,43.0914],[141.1613,43.0916],[141.1613,43.0917],[141.1613,43.0917],[141.1613,43.0919],[141.1615,43.092],[141.1623,43.0924],[141.1633,43.0926],[141.164,43.0928],[141.1645,43.093],[141.1652,43.0934],[141.1656,43.0935],[141.1663,43.0936],[141.1667,43.0937],[141.1667,43.0937],[141.1673,43.094],[141.1674,43.0941],[141.1674,43.0942],[141.1675,43.0942],[141.1674,43.0943],[141.1668,43.0951],[141.1667,43.0954],[141.1667,43.0954],[141.1667,43.0954],[141.1667,43.0956],[141.1668,43.0957],[141.1669,43.0958],[141.1669,43.0959],[141.1667,43.0963],[141.1667,43.0963],[141.1667,43.0963],[141.1667,43.0964],[141.1669,43.0966],[141.1674,43.0966],[141.1677,43.0966],[141.1681,43.0968],[141.1683,43.097],[141.1686,43.0971],[141.1689,43.0975],[141.1693,43.0977],[141.1697,43.0979],[141.1699,43.0981],[141.1702,43.0982],[141.1703,43.0984],[141.1705,43.0984],[141.171,43.0985],[141.1712,43.0986],[141.1715,43.0986],[141.1722,43.099],[141.1723,43.0991],[141.1725,43.0992],[141.1726,43.0994],[141.1728,43.0995],[141.173,43.0998],[141.1731,43.1],[141.1732,43.1002],[141.1736,43.1005],[141.1736,43.1007],[141.1737,43.1009],[141.1737,43.101],[141.1737,43.1012],[141.174,43.1017],[141.1741,43.102],[141.1743,43.1024],[141.1743,43.1026],[141.1741,43.1028],[141.174,43.103],[141.1738,43.1031],[141.1736,43.1034],[141.1736,43.1035],[141.1734,43.1038],[141.1734,43.1042],[141.1735,43.1044],[141.1736,43.1045],[141.1738,43.1046],[141.1746,43.1052],[141.175,43.1054],[141.175,43.1054],[141.1756,43.1056],[141.1761,43.1059],[141.1762,43.106],[141.1763,43.1061],[141.1767,43.1063],[141.1772,43.1065],[141.1774,43.1066],[141.1776,43.1067],[141.1778,43.1069],[141.1779,43.107],[141.1782,43.1073],[141.1788,43.1077],[141.179,43.1079],[141.1791,43.1081],[141.1793,43.1082],[141.1794,43.1083],[141.1795,43.1084],[141.1798,43.1087],[141.1799,43.1088],[141.1801,43.109],[141.1803,43.1091],[141.1805,43.1093],[141.1809,43.1096],[141.1812,43.1098],[141.1815,43.1103],[141.1818,43.1106],[141.1819,43.1109],[141.182,43.1113],[141.1821,43.1116],[141.1822,43.1119],[141.1825,43.1124],[141.1827,43.1128],[141.1827,43.113],[141.1828,43.1132],[141.1828,43.1134],[141.1829,43.1137],[141.1832,43.1141],[141.1833,43.1143],[141.1834,43.1144],[141.1836,43.1146],[141.1837,43.1147],[141.1837,43.1148],[141.1838,43.115],[141.1838,43.1152],[141.1838,43.1154],[141.1838,43.1156],[141.1838,43.1158],[141.1834,43.1162],[141.1834,43.1164],[141.1834,43.1166],[141.1835,43.1167],[141.1837,43.117],[141.1838,43.1172],[141.1841,43.1174],[141.1845,43.1176],[141.1847,43.1176],[141.1848,43.1177],[141.1849,43.1179],[141.1849,43.1181],[141.1848,43.1183],[141.185,43.1184],[141.1852,43.1185],[141.1856,43.1188],[141.1858,43.1189],[141.1859,43.119],[141.1862,43.1191],[141.1864,43.1192],[141.1864,43.1195],[141.1866,43.1196],[141.1867,43.1197],[141.1869,43.1197],[141.1872,43.1198],[141.1877,43.12],[141.1878,43.1201],[141.1879,43.1202],[141.1883,43.1202],[141.1886,43.1203],[141.1889,43.1203],[141.1891,43.1203],[141.1894,43.1204],[141.1897,43.1205],[141.1899,43.1205],[141.1903,43.1206],[141.1905,43.1207],[141.1908,43.1208],[141.191,43.1209],[141.1911,43.121],[141.1912,43.1211],[141.1914,43.1212],[141.1917,43.1213],[141.1917,43.1213],[141.1921,43.1213],[141.1924,43.1215],[141.1925,43.1215],[141.1928,43.1218],[141.1929,43.1219],[141.1934,43.122],[141.1939,43.122],[141.1945,43.1221],[141.1946,43.1222],[141.1948,43.1224],[141.195,43.1226],[141.1953,43.1228],[141.1953,43.1228],[141.1956,43.1229],[141.1961,43.1229],[141.1972,43.123],[141.1979,43.1231],[141.1985,43.1232],[141.199,43.1233],[141.1999,43.1232],[141.2,43.1232],[141.2004,43.1232],[141.2005,43.1232],[141.2007,43.1233],[141.201,43.1236],[141.2011,43.1237],[141.2011,43.1237],[141.2013,43.1239],[141.2015,43.1241],[141.2019,43.1243],[141.2021,43.1244],[141.2022,43.1244],[141.2024,43.1245],[141.2025,43.1247],[141.2025,43.1249],[141.2024,43.125],[141.2024,43.125],[141.2022,43.1251],[141.2021,43.1252],[141.2018,43.1253],[141.2016,43.1253],[141.2014,43.1252],[141.201,43.125],[141.2007,43.125],[141.2007,43.125],[141.2004,43.1249],[141.2003,43.125],[141.2002,43.125],[141.2,43.1251],[141.2,43.1251],[141.1997,43.1253],[141.1997,43.1253],[141.1994,43.1255],[141.1992,43.1257],[141.199,43.1261],[141.1988,43.1263],[141.1987,43.1264],[141.1986,43.1266],[141.1985,43.127],[141.1984,43.1275],[141.1984,43.1277],[141.1983,43.1278],[141.1982,43.1279],[141.1981,43.128],[141.1974,43.1287],[141.1969,43.1291],[141.1961,43.1297],[141.1959,43.1298],[141.1958,43.1299],[141.1957,43.1299],[141.1957,43.1299],[141.1956,43.13],[141.1954,43.1301],[141.1953,43.1301],[141.1952,43.13],[141.1951,43.1301],[141.1948,43.1305],[141.1949,43.1306],[141.1943,43.131],[141.1941,43.1313],[141.1939,43.1315],[141.1937,43.1318],[141.1935,43.1321],[141.1933,43.1322],[141.193,43.1323],[141.1925,43.1323],[141.1922,43.1324],[141.1918,43.1325],[141.1917,43.1325],[141.1915,43.1325],[141.1913,43.1327],[141.1911,43.1328],[141.1908,43.1328],[141.1905,43.1329],[141.1901,43.133],[141.1898,43.1331],[141.1897,43.1332],[141.1898,43.1333],[141.1898,43.1333],[141.1899,43.1336],[141.1899,43.1337],[141.1899,43.1338],[141.1899,43.1339],[141.1899,43.134],[141.1899,43.1347],[141.1899,43.1347],[141.1899,43.1349],[141.1899,43.135],[141.1897,43.1351],[141.1891,43.1353],[141.189,43.1353],[141.1884,43.1355],[141.1883,43.1356],[141.1883,43.1361],[141.1882,43.1366],[141.1882,43.1368],[141.1882,43.1369],[141.1882,43.1372],[141.1882,43.1373],[141.1881,43.1374],[141.1877,43.1376],[141.1872,43.138],[141.1871,43.1381],[141.1873,43.1388],[141.1873,43.1391],[141.1874,43.1393],[141.1874,43.1395],[141.1875,43.1399],[141.1875,43.1401],[141.1876,43.1403],[141.1882,43.1402],[141.1883,43.1404],[141.1883,43.1406],[141.1884,43.1407],[141.1885,43.1408],[141.1887,43.1409],[141.1887,43.1409],[141.1888,43.1409],[141.1889,43.141],[141.1892,43.141],[141.1893,43.1411],[141.1898,43.1412],[141.1898,43.1414],[141.1899,43.1416],[141.1899,43.1416],[141.1901,43.1417],[141.1901,43.1417],[141.1903,43.1417],[141.1904,43.142],[141.1906,43.1421],[141.1911,43.1422],[141.1915,43.1422],[141.1917,43.1423],[141.1918,43.1424],[141.1921,43.1425],[141.1925,43.1426],[141.1928,43.1429],[141.1932,43.143],[141.1934,43.1431],[141.1936,43.1432],[141.1938,43.1434],[141.1939,43.1436],[141.1942,43.1437],[141.1944,43.1437],[141.1946,43.1438],[141.1948,43.1438],[141.195,43.144],[141.1957,43.1443],[141.1962,43.1447],[141.1965,43.1449],[141.197,43.1451],[141.1977,43.1455],[141.1979,43.1456],[141.1983,43.1457],[141.1983,43.1458],[141.1985,43.1459],[141.1992,43.1462],[141.1995,43.1464],[141.2,43.1466],[141.2,43.1466],[141.2007,43.147],[141.2009,43.1471],[141.201,43.1473],[141.2011,43.1475],[141.2013,43.1476],[141.2019,43.148],[141.202,43.1481],[141.2023,43.1483],[141.2026,43.1485],[141.2029,43.1486],[141.2031,43.1488],[141.2033,43.1489],[141.2035,43.1489],[141.2038,43.149],[141.204,43.1491],[141.2042,43.1493],[141.2046,43.1494],[141.2049,43.1495],[141.2051,43.1498],[141.2053,43.15],[141.2054,43.15],[141.2055,43.1501],[141.2056,43.1502],[141.2059,43.1504],[141.206,43.1505],[141.2062,43.1507],[141.2063,43.1508],[141.2065,43.151],[141.2065,43.151],[141.2069,43.1512],[141.2072,43.1514],[141.2075,43.1515],[141.2078,43.1517],[141.2079,43.1519],[141.2081,43.152],[141.2083,43.152],[141.2083,43.152],[141.2088,43.1521],[141.209,43.1522],[141.2094,43.1525],[141.2098,43.1526],[141.2101,43.1526],[141.2103,43.1527],[141.2108,43.1528],[141.2111,43.153],[141.2113,43.1531],[141.2114,43.1532],[141.2116,43.1533],[141.2118,43.1535],[141.2124,43.1536],[141.2126,43.1538],[141.2127,43.154],[141.213,43.1541],[141.2132,43.1543],[141.2143,43.1547],[141.2147,43.1549],[141.2154,43.1551],[141.2156,43.1552],[141.2157,43.1553],[141.2159,43.1554],[141.2163,43.1557],[141.2167,43.1559],[141.2171,43.1561],[141.2181,43.1565],[141.2191,43.1569],[141.2195,43.1572],[141.2198,43.1574],[141.2202,43.1577],[141.2212,43.1581],[141.2217,43.1583],[141.222,43.1585],[141.2224,43.1588],[141.2226,43.159],[141.2228,43.1595],[141.2231,43.16],[141.2233,43.1602],[141.2234,43.16],[141.2234,43.1596],[141.2234,43.1596],[141.2236,43.1596],[141.2239,43.1598],[141.2241,43.1599],[141.2242,43.16],[141.2243,43.1602],[141.2245,43.1603],[141.2246,43.1603],[141.2247,43.1603],[141.225,43.1601],[141.2251,43.16]]]}},{"type":"Feature","properties":{"code":"01110","id":"kiyota","name":"清田区"},"geometry":{"type":"Polygon","coordinates":[[[141.4541,43.0182],[141.4542,43.0182],[141.4544,43.0185],[141.4552,43.0197],[141.4553,43.0198],[141.4553,43.0199],[141.4554,43.02],[141.4555,43.0201],[141.4557,43.0203],[141.456,43.0204],[141.4561,43.0205],[141.4562,43.0206],[141.4562,43.0206],[141.4563,43.0206],[141.4564,43.0207],[141.4565,43.0207],[141.4566,43.0208],[141.457,43.0209],[141.4572,43.0209],[141.4575,43.0208],[141.4579,43.0205],[141.4582,43.0204],[141.4583,43.0204],[141.4586,43.0203],[141.4592,43.0201],[141.4595,43.02],[141.46,43.0197],[141.4601,43.0196],[141.4601,43.0194],[141.4605,43.019],[141.4611,43.0184],[141.4614,43.0183],[141.4616,43.0183],[141.4626,43.0172],[141.4627,43.017],[141.4627,43.0169],[141.4628,43.0168],[141.463,43.0167],[141.463,43.0166],[141.4631,43.0164],[141.4632,43.0162],[141.4632,43.016],[141.4632,43.0158],[141.463,43.0155],[141.463,43.0152],[141.463,43.0152],[141.4631,43.015],[141.4631,43.0147],[141.4632,43.0146],[141.4634,43.0145],[141.4635,43.0144],[141.4635,43.0144],[141.4647,43.014],[141.4651,43.0138],[141.4651,43.0138],[141.4654,43.0137],[141.4657,43.0136],[141.4662,43.0134],[141.4665,43.0134],[141.4667,43.0133],[141.4669,43.0133],[141.4671,43.0132],[141.4673,43.0131],[141.4673,43.0131],[141.4677,43.0129],[141.4682,43.0127],[141.4684,43.0126],[141.4687,43.0125],[141.4699,43.012],[141.4703,43.0118],[141.4718,43.0112],[141.4722,43.011],[141.4724,43.0109],[141.4734,43.0106],[141.4735,43.0105],[141.475,43.0099],[141.4752,43.0098],[141.4754,43.0097],[141.4759,43.0095],[141.4775,43.0089],[141.4784,43.0085],[141.4788,43.0083],[141.4802,43.0078],[141.4808,43.0075],[141.4813,43.0074],[141.4817,43.0073],[141.482,43.0072],[141.4824,43.0071],[141.4824,43.0069],[141.4823,43.0067],[141.4822,43.0065],[141.4821,43.0061],[141.4821,43.0059],[141.482,43.0058],[141.4818,43.0057],[141.4817,43.0055],[141.4816,43.0054],[141.4815,43.0053],[141.4813,43.0052],[141.4812,43.0051],[141.4811,43.005],[141.4811,43.0047],[141.4811,43.0046],[141.481,43.0045],[141.4809,43.0043],[141.4809,43.0042],[141.4809,43.0041],[141.4809,43.004],[141.4809,43.0039],[141.4808,43.0038],[141.4807,43.0036],[141.4807,43.0035],[141.4807,43.0034],[141.4808,43.0032],[141.4808,43.0031],[141.4808,43.003],[141.4807,43.0029],[141.4806,43.0027],[141.4805,43.0025],[141.4803,43.0021],[141.4803,43.0019],[141.4803,43.0018],[141.4802,43.0016],[141.4802,43.0015],[141.4801,43.0014],[141.48,43.0013],[141.4798,43.0012],[141.4796,43.0011],[141.4795,43.001],[141.4793,43.0009],[141.4792,43.0008],[141.4791,43.0007],[141.4789,43.0005],[141.4788,43.0003],[141.4787,43.0001],[141.4786,43],[141.4786,43],[141.4784,42.9999],[141.4784,42.9998],[141.4783,42.9997],[141.4782,42.9996],[141.4781,42.9995],[141.478,42.9993],[141.4779,42.9992],[141.4777,42.9989],[141.4777,42.9988],[141.4776,42.9986],[141.4776,42.9984],[141.4776,42.9983],[141.4776,42.9978],[141.4776,42.9976],[141.4777,42.9974],[141.4779,42.9973],[141.4781,42.9973],[141.4783,42.9972],[141.4783,42.9972],[141.4785,42.997],[141.4789,42.9966],[141.4791,42.9965],[141.4792,42.9964],[141.4793,42.9962],[141.4794,42.996],[141.4795,42.9957],[141.4795,42.9956],[141.4798,42.9953],[141.48,42.9952],[141.4801,42.995],[141.4801,42.9949],[141.4802,42.9948],[141.4803,42.9947],[141.4804,42.9946],[141.4805,42.9944],[141.4806,42.9942],[141.4807,42.994],[141.4807,42.9939],[141.4807,42.9938],[141.4807,42.9936],[141.4807,42.9933],[141.4806,42.9929],[141.4806,42.9927],[141.4806,42.9926],[141.4805,42.9925],[141.4804,42.9924],[141.4803,42.9922],[141.4802,42.992],[141.4801,42.9919],[141.48,42.9917],[141.48,42.9917],[141.48,42.9915],[141.48,42.9914],[141.48,42.9912],[141.4801,42.9911],[141.4801,42.9909],[141.4803,42.9907],[141.4804,42.9904],[141.4804,42.9903],[141.4804,42.9902],[141.4803,42.9902],[141.4802,42.9902],[141.48,42.9902],[141.4798,42.9902],[141.4796,42.9902],[141.4796,42.9901],[141.4794,42.9901],[141.4793,42.99],[141.479,42.99],[141.4789,42.99],[141.4788,42.99],[141.4787,42.99],[141.4785,42.9899],[141.4784,42.9898],[141.4783,42.9897],[141.4781,42.9896],[141.4779,42.9895],[141.4777,42.9895],[141.4776,42.9894],[141.4775,42.9893],[141.4775,42.9892],[141.4775,42.9891],[141.4774,42.989],[141.4773,42.9889],[141.4771,42.9887],[141.4771,42.9885],[141.4771,42.9884],[141.4771,42.9879],[141.477,42.9877],[141.4769,42.9875],[141.4768,42.9874],[141.4767,42.9873],[141.4767,42.9872],[141.4767,42.9871],[141.4767,42.987],[141.4768,42.9869],[141.4768,42.9867],[141.4766,42.9865],[141.4765,42.9864],[141.4763,42.9863],[141.4761,42.9861],[141.476,42.986],[141.476,42.9859],[141.4759,42.9855],[141.4758,42.9854],[141.4757,42.9853],[141.4756,42.9852],[141.4755,42.9851],[141.4754,42.985],[141.4754,42.9848],[141.4754,42.9846],[141.4753,42.9845],[141.4753,42.9844],[141.4752,42.9843],[141.475,42.9842],[141.4749,42.9842],[141.4748,42.984],[141.4747,42.9839],[141.4745,42.9838],[141.4744,42.9836],[141.4744,42.9835],[141.4744,42.9833],[141.4744,42.9833],[141.4743,42.9831],[141.4742,42.9828],[141.4741,42.9826],[141.474,42.9826],[141.4739,42.9823],[141.4737,42.982],[141.4735,42.9817],[141.4734,42.9816],[141.4733,42.9815],[141.4732,42.9814],[141.473,42.9813],[141.4727,42.981],[141.4726,42.9808],[141.4725,42.9805],[141.4724,42.9803],[141.4722,42.9802],[141.4721,42.98],[141.4719,42.9799],[141.4717,42.9797],[141.4717,42.9796],[141.4715,42.9795],[141.4715,42.9794],[141.4713,42.9792],[141.4712,42.9789],[141.4708,42.9783],[141.4705,42.9779],[141.4703,42.9776],[141.4699,42.9771],[141.4698,42.977],[141.4696,42.9769],[141.4695,42.9768],[141.4694,42.9767],[141.4693,42.9766],[141.4689,42.9763],[141.4688,42.9761],[141.4686,42.976],[141.4685,42.9759],[141.4684,42.9757],[141.4683,42.9756],[141.4683,42.9755],[141.4682,42.9753],[141.4682,42.9751],[141.4681,42.9751],[141.4681,42.975],[141.468,42.9749],[141.4678,42.9748],[141.4677,42.9747],[141.4677,42.9746],[141.4675,42.9744],[141.4675,42.9742],[141.4673,42.9741],[141.4672,42.974],[141.4671,42.9739],[141.4669,42.9739],[141.4669,42.9738],[141.4668,42.9738],[141.4668,42.9736],[141.4668,42.9735],[141.4668,42.9733],[141.4667,42.9732],[141.4667,42.9732],[141.4666,42.973],[141.4665,42.9728],[141.4665,42.9726],[141.4666,42.9723],[141.4666,42.9722],[141.4667,42.9721],[141.4667,42.9721],[141.4668,42.9719],[141.467,42.9717],[141.467,42.9716],[141.467,42.9714],[141.4671,42.9707],[141.467,42.9704],[141.467,42.97],[141.467,42.9699],[141.4668,42.9697],[141.4668,42.9694],[141.4667,42.9692],[141.4666,42.969],[141.4664,42.9689],[141.4662,42.9687],[141.4662,42.9685],[141.4662,42.9684],[141.4661,42.9681],[141.466,42.9679],[141.4658,42.9677],[141.4657,42.9676],[141.4655,42.9675],[141.4654,42.9674],[141.4654,42.9673],[141.4653,42.9671],[141.4653,42.9671],[141.4652,42.9667],[141.4652,42.9666],[141.4651,42.9661],[141.4649,42.9651],[141.4649,42.9648],[141.4648,42.9646],[141.4647,42.9644],[141.4646,42.9643],[141.4644,42.9642],[141.4643,42.9641],[141.4641,42.9639],[141.464,42.9638],[141.4639,42.9637],[141.4639,42.9636],[141.4638,42.9635],[141.4638,42.9633],[141.4638,42.9631],[141.4638,42.9629],[141.4637,42.9628],[141.4637,42.9626],[141.4637,42.9623],[141.4636,42.9621],[141.4635,42.9619],[141.4634,42.9617],[141.4633,42.9615],[141.4631,42.9613],[141.463,42.9611],[141.463,42.961],[141.463,42.9608],[141.4628,42.9603],[141.4628,42.9601],[141.4627,42.9599],[141.4626,42.9598],[141.4624,42.9595],[141.4623,42.9594],[141.4622,42.9592],[141.4622,42.959],[141.4622,42.9589],[141.4621,42.9587],[141.4622,42.9586],[141.4622,42.9586],[141.4623,42.9585],[141.4623,42.9584],[141.4623,42.9583],[141.4623,42.9582],[141.4622,42.9581],[141.4621,42.9579],[141.4621,42.9579],[141.4621,42.9576],[141.4621,42.9574],[141.4621,42.9572],[141.4621,42.957],[141.4621,42.9569],[141.4621,42.9567],[141.4621,42.9565],[141.4621,42.9564],[141.4621,42.9563],[141.462,42.9561],[141.462,42.9558],[141.462,42.9556],[141.4622,42.9553],[141.4623,42.9551],[141.4624,42.9548],[141.4624,42.9546],[141.4624,42.9544],[141.4624,42.9543],[141.4624,42.9542],[141.4625,42.954],[141.4625,42.9538],[141.4626,42.9536],[141.4627,42.9534],[141.4627,42.9533],[141.4627,42.9532],[141.4626,42.953],[141.4626,42.9529],[141.4626,42.9524],[141.4625,42.9522],[141.4624,42.9519],[141.4624,42.9518],[141.4624,42.9517],[141.4623,42.9516],[141.4624,42.9514],[141.4623,42.9512],[141.4622,42.951],[141.4621,42.9509],[141.4619,42.9508],[141.4618,42.9507],[141.4615,42.9506],[141.4613,42.9505],[141.4612,42.9504],[141.4611,42.9503],[141.4609,42.9502],[141.4607,42.9501],[141.4605,42.9501],[141.4604,42.95],[141.4604,42.95],[141.4602,42.9499],[141.4601,42.9497],[141.46,42.9496],[141.4598,42.9494],[141.4596,42.9492],[141.4592,42.9488],[141.4588,42.9484],[141.4586,42.9482],[141.4585,42.948],[141.4585,42.9479],[141.4584,42.9477],[141.4583,42.9477],[141.4583,42.9476],[141.4582,42.9474],[141.4582,42.9472],[141.4583,42.9471],[141.4586,42.9468],[141.4586,42.9467],[141.4583,42.9463],[141.4574,42.9449],[141.4576,42.9447],[141.4583,42.9443],[141.4596,42.9435],[141.4597,42.9434],[141.4598,42.9433],[141.4594,42.943],[141.4587,42.9426],[141.4585,42.9425],[141.4583,42.9424],[141.4583,42.9424],[141.458,42.9422],[141.4577,42.942],[141.4575,42.9419],[141.4574,42.9419],[141.4571,42.9418],[141.4568,42.9417],[141.4565,42.9415],[141.4559,42.9413],[141.4555,42.9411],[141.4553,42.9409],[141.455,42.9409],[141.4548,42.9409],[141.4546,42.9409],[141.4538,42.9403],[141.453,42.9396],[141.4523,42.939],[141.4516,42.9385],[141.4514,42.9382],[141.4513,42.9381],[141.4511,42.9378],[141.4509,42.9373],[141.4508,42.9371],[141.4505,42.9368],[141.4502,42.9366],[141.45,42.9364],[141.45,42.9364],[141.4497,42.9362],[141.4496,42.936],[141.4494,42.9358],[141.4493,42.9357],[141.4492,42.9356],[141.449,42.9355],[141.4488,42.9354],[141.4487,42.9353],[141.4484,42.9351],[141.4481,42.935],[141.4479,42.9349],[141.4475,42.9348],[141.4473,42.9346],[141.447,42.9344],[141.4468,42.9343],[141.4466,42.9342],[141.4465,42.9341],[141.4458,42.9333],[141.4457,42.9332],[141.4453,42.9328],[141.4445,42.9319],[141.4443,42.9318],[141.4441,42.9316],[141.4438,42.9312],[141.4437,42.9311],[141.4436,42.9309],[141.4434,42.9308],[141.443,42.9305],[141.4428,42.9303],[141.4426,42.93],[141.4424,42.9297],[141.4423,42.9296],[141.4421,42.9295],[141.4419,42.9294],[141.4417,42.9291],[141.4417,42.929],[141.4414,42.9286],[141.4412,42.9284],[141.4411,42.9281],[141.4409,42.9279],[141.4407,42.9278],[141.4405,42.9277],[141.4404,42.9275],[141.44,42.9274],[141.4398,42.9273],[141.4392,42.9269],[141.4391,42.9268],[141.4387,42.9267],[141.4384,42.9266],[141.4382,42.9266],[141.438,42.9265],[141.4379,42.9265],[141.4378,42.9265],[141.4377,42.9264],[141.4375,42.9263],[141.4375,42.9262],[141.4374,42.9261],[141.4374,42.9259],[141.4372,42.9258],[141.4369,42.9253],[141.4368,42.9252],[141.4367,42.9251],[141.4366,42.925],[141.4365,42.9249],[141.4363,42.9248],[141.4361,42.9247],[141.4359,42.9246],[141.4355,42.9245],[141.4353,42.9244],[141.4345,42.9241],[141.4343,42.9241],[141.4341,42.924],[141.4339,42.9239],[141.4337,42.9238],[141.4336,42.9237],[141.4335,42.9236],[141.4334,42.9234],[141.4333,42.9234],[141.4333,42.9233],[141.433,42.9227],[141.4329,42.9225],[141.4327,42.9224],[141.4326,42.9223],[141.4326,42.9222],[141.4325,42.922],[141.4324,42.9218],[141.4323,42.9217],[141.4321,42.9216],[141.4321,42.9215],[141.4319,42.9215],[141.4318,42.9215],[141.4316,42.9215],[141.4315,42.9215],[141.4315,42.9215],[141.4314,42.9215],[141.4314,42.9212],[141.4314,42.921],[141.4313,42.9209],[141.4313,42.9208],[141.4312,42.9207],[141.4312,42.9206],[141.4312,42.9206],[141.4312,42.9206],[141.4312,42.9205],[141.4314,42.9204],[141.4315,42.9203],[141.4315,42.9201],[141.4315,42.92],[141.4313,42.9199],[141.4312,42.9198],[141.4311,42.9198],[141.4309,42.9198],[141.4308,42.9196],[141.4307,42.9195],[141.4306,42.9193],[141.4307,42.9191],[141.4306,42.9189],[141.4306,42.9187],[141.4305,42.9185],[141.4305,42.9184],[141.4304,42.9184],[141.4299,42.9181],[141.4293,42.9178],[141.4291,42.9177],[141.4289,42.9175],[141.4285,42.9172],[141.4284,42.917],[141.4282,42.9167],[141.428,42.9164],[141.4278,42.9161],[141.4277,42.9161],[141.4275,42.9159],[141.4272,42.9158],[141.4265,42.9155],[141.4256,42.9152],[141.425,42.915],[141.4246,42.9149],[141.4241,42.9148],[141.4236,42.9146],[141.4233,42.9145],[141.4231,42.9144],[141.4229,42.9144],[141.4226,42.9143],[141.4221,42.9143],[141.422,42.9143],[141.4217,42.9143],[141.4216,42.9143],[141.4213,42.9142],[141.4212,42.9142],[141.4211,42.9141],[141.421,42.914],[141.421,42.9139],[141.4209,42.9136],[141.4208,42.9134],[141.4208,42.9133],[141.4208,42.9132],[141.4208,42.9131],[141.4207,42.913],[141.4204,42.9126],[141.4201,42.9123],[141.4199,42.9121],[141.4199,42.9121],[141.4199,42.912],[141.4199,42.9118],[141.4202,42.9114],[141.4202,42.9112],[141.4201,42.9111],[141.42,42.9111],[141.4194,42.9107],[141.4189,42.9103],[141.4187,42.9102],[141.4187,42.9101],[141.4186,42.91],[141.4186,42.91],[141.4186,42.9098],[141.4185,42.9097],[141.4186,42.9095],[141.4186,42.9094],[141.4187,42.9092],[141.4187,42.9091],[141.4187,42.909],[141.4184,42.9085],[141.4183,42.9083],[141.4183,42.9083],[141.4182,42.9082],[141.4181,42.9082],[141.4181,42.9081],[141.418,42.9081],[141.4172,42.9081],[141.4171,42.9081],[141.417,42.9081],[141.417,42.908],[141.4169,42.9079],[141.4168,42.9078],[141.4168,42.9078],[141.4168,42.9077],[141.4167,42.9077],[141.4167,42.9076],[141.4168,42.9075],[141.4168,42.9072],[141.4168,42.9067],[141.4168,42.9063],[141.4168,42.9062],[141.4168,42.9061],[141.4167,42.9061],[141.4167,42.906],[141.4165,42.9058],[141.4159,42.9054],[141.4157,42.9053],[141.4157,42.9052],[141.4157,42.9051],[141.4157,42.9049],[141.4158,42.9046],[141.4158,42.9046],[141.4158,42.9045],[141.4157,42.9044],[141.4157,42.9042],[141.4157,42.9041],[141.4157,42.9039],[141.4157,42.9037],[141.4158,42.9033],[141.4158,42.903],[141.4158,42.9029],[141.4158,42.9028],[141.4156,42.9025],[141.4153,42.9022],[141.415,42.9019],[141.4147,42.9016],[141.4144,42.9012],[141.4143,42.9011],[141.4142,42.9011],[141.4141,42.901],[141.4141,42.9009],[141.414,42.9008],[141.414,42.9007],[141.414,42.9005],[141.4141,42.9003],[141.4142,42.9002],[141.4143,42.9002],[141.4144,42.9001],[141.4145,42.9],[141.4145,42.9],[141.4145,42.8999],[141.4146,42.8999],[141.4146,42.8997],[141.4146,42.8994],[141.4146,42.8991],[141.4145,42.8989],[141.4143,42.8986],[141.4143,42.8985],[141.4142,42.8984],[141.4142,42.8983],[141.4141,42.8981],[141.4141,42.898],[141.4142,42.8979],[141.4143,42.8974],[141.4143,42.8974],[141.4143,42.8973],[141.4142,42.8971],[141.4141,42.8969],[141.4138,42.8965],[141.4137,42.8964],[141.4137,42.8962],[141.4136,42.896],[141.4136,42.8957],[141.4136,42.8955],[141.4136,42.8954],[141.4138,42.8951],[141.4141,42.8949],[141.4145,42.8946],[141.4153,42.8943],[141.4155,42.8942],[141.4157,42.8941],[141.416,42.8939],[141.416,42.8939],[141.4162,42.8937],[141.4165,42.8934],[141.4167,42.8932],[141.4167,42.8932],[141.4172,42.8928],[141.4175,42.8926],[141.4175,42.8926],[141.4177,42.8924],[141.4178,42.8923],[141.4179,42.8922],[141.418,42.8921],[141.4182,42.892],[141.4184,42.8919],[141.4185,42.8919],[141.4187,42.8918],[141.4189,42.8918],[141.4193,42.8918],[141.4195,42.8919],[141.4198,42.8918],[141.4201,42.8918],[141.4203,42.8918],[141.4206,42.8917],[141.4206,42.8917],[141.4209,42.8915],[141.421,42.8915],[141.4211,42.8915],[141.4213,42.8915],[141.4212,42.8913],[141.4211,42.8912],[141.4209,42.8911],[141.4209,42.8909],[141.4207,42.8905],[141.4206,42.8904],[141.4205,42.8902],[141.4204,42.8901],[141.4203,42.89],[141.4201,42.89],[141.4197,42.8899],[141.4193,42.8898],[141.4191,42.8897],[141.4188,42.8897],[141.4185,42.8896],[141.4185,42.8895],[141.4184,42.8893],[141.4182,42.8891],[141.4177,42.8889],[141.4174,42.8887],[141.4171,42.8885],[141.4169,42.8885],[141.4167,42.8884],[141.4167,42.8884],[141.4166,42.8884],[141.4164,42.8884],[141.4162,42.8884],[141.4159,42.8884],[141.4156,42.8884],[141.4146,42.8887],[141.4142,42.8888],[141.414,42.8889],[141.4138,42.8888],[141.4133,42.8886],[141.4131,42.8885],[141.4128,42.8885],[141.4126,42.8885],[141.4124,42.8885],[141.412,42.8885],[141.4118,42.8885],[141.4114,42.8883],[141.4113,42.8883],[141.4111,42.8882],[141.411,42.8882],[141.4108,42.8882],[141.4104,42.8883],[141.4103,42.8883],[141.4102,42.8883],[141.4099,42.8883],[141.4097,42.8884],[141.4096,42.8884],[141.4096,42.8885],[141.4094,42.8888],[141.4092,42.889],[141.4091,42.8891],[141.409,42.8892],[141.4089,42.8893],[141.4086,42.8894],[141.4083,42.8894],[141.4083,42.8894],[141.408,42.8894],[141.4078,42.8894],[141.4074,42.8894],[141.407,42.8894],[141.4067,42.8893],[141.4064,42.8892],[141.4061,42.8891],[141.4057,42.8889],[141.4053,42.8888],[141.4051,42.8888],[141.4049,42.8888],[141.4045,42.889],[141.4043,42.889],[141.4037,42.8894],[141.4035,42.8895],[141.4034,42.8896],[141.4032,42.8896],[141.4031,42.8896],[141.4029,42.8895],[141.4027,42.8895],[141.4026,42.8895],[141.4026,42.8895],[141.4025,42.8895],[141.4024,42.8895],[141.4023,42.8896],[141.4021,42.8897],[141.402,42.8899],[141.4019,42.89],[141.4017,42.8901],[141.4015,42.8902],[141.4013,42.8903],[141.4011,42.8903],[141.4009,42.8902],[141.4007,42.8901],[141.4004,42.8899],[141.4002,42.8897],[141.4001,42.8895],[141.4,42.8895],[141.3998,42.8893],[141.3996,42.8892],[141.3995,42.8891],[141.3991,42.8889],[141.3988,42.8887],[141.3986,42.8886],[141.3984,42.8886],[141.3983,42.8886],[141.3982,42.8886],[141.3981,42.8886],[141.3978,42.8886],[141.3975,42.8886],[141.3972,42.8886],[141.397,42.8886],[141.3968,42.8885],[141.3966,42.8884],[141.3964,42.8883],[141.3964,42.8882],[141.3963,42.8882],[141.3962,42.8882],[141.396,42.8882],[141.3958,42.8882],[141.3956,42.8883],[141.3955,42.8884],[141.3954,42.8885],[141.3953,42.8887],[141.3952,42.8888],[141.3952,42.8891],[141.3951,42.8892],[141.3951,42.8897],[141.395,42.89],[141.395,42.89],[141.395,42.8901],[141.3949,42.8902],[141.3948,42.8903],[141.3947,42.8904],[141.3948,42.8905],[141.3949,42.8906],[141.3952,42.8908],[141.3954,42.8909],[141.3962,42.8912],[141.3966,42.8914],[141.3967,42.8915],[141.3968,42.8916],[141.3968,42.8917],[141.3969,42.8918],[141.3969,42.8919],[141.397,42.892],[141.397,42.8921],[141.3972,42.8924],[141.3972,42.8925],[141.3972,42.8926],[141.3972,42.8927],[141.3972,42.8928],[141.3974,42.8932],[141.3974,42.8933],[141.3974,42.8934],[141.3974,42.8935],[141.3974,42.8936],[141.3973,42.894],[141.3973,42.8941],[141.3973,42.8942],[141.3974,42.8944],[141.3974,42.8947],[141.3974,42.8949],[141.3973,42.895],[141.3973,42.8951],[141.3972,42.8952],[141.3971,42.8952],[141.3971,42.8954],[141.3969,42.8958],[141.3968,42.8962],[141.3966,42.8966],[141.3966,42.8967],[141.3965,42.8968],[141.3964,42.897],[141.3964,42.8971],[141.3963,42.8972],[141.3963,42.8973],[141.3963,42.8974],[141.3961,42.8977],[141.396,42.8978],[141.396,42.8979],[141.396,42.898],[141.396,42.8982],[141.396,42.8983],[141.396,42.8985],[141.3959,42.8986],[141.3958,42.8989],[141.3957,42.8992],[141.3956,42.8994],[141.3955,42.8995],[141.3955,42.8996],[141.3956,42.8998],[141.3957,42.9],[141.3957,42.9001],[141.3957,42.9002],[141.3957,42.9003],[141.3957,42.9004],[141.3955,42.9005],[141.3954,42.9007],[141.3953,42.9009],[141.3953,42.901],[141.3953,42.901],[141.3954,42.9012],[141.3957,42.9016],[141.3958,42.9017],[141.3959,42.9018],[141.396,42.9021],[141.3959,42.9022],[141.3959,42.9024],[141.3959,42.9025],[141.3959,42.9025],[141.396,42.9026],[141.3962,42.9027],[141.3964,42.9028],[141.3965,42.9029],[141.3967,42.903],[141.3968,42.9031],[141.3969,42.9033],[141.397,42.9036],[141.3971,42.9037],[141.3972,42.9038],[141.3973,42.904],[141.3973,42.904],[141.3973,42.9041],[141.3973,42.9042],[141.3973,42.9043],[141.3973,42.9044],[141.3972,42.9045],[141.3969,42.9049],[141.3968,42.9049],[141.3967,42.905],[141.3967,42.9051],[141.3967,42.9052],[141.3966,42.9055],[141.3966,42.9055],[141.3966,42.9058],[141.3966,42.9059],[141.3965,42.9061],[141.3964,42.9063],[141.3962,42.9065],[141.396,42.9066],[141.3957,42.9068],[141.3955,42.907],[141.3954,42.907],[141.3954,42.9071],[141.3954,42.9072],[141.3954,42.9073],[141.3953,42.9075],[141.3951,42.9078],[141.3951,42.9078],[141.395,42.9079],[141.395,42.9081],[141.3951,42.9083],[141.3951,42.9086],[141.3952,42.9087],[141.3952,42.9091],[141.3952,42.9092],[141.3952,42.9093],[141.3951,42.9094],[141.395,42.9095],[141.3949,42.9096],[141.3948,42.9096],[141.3948,42.9096],[141.3946,42.9097],[141.3945,42.9099],[141.3944,42.9099],[141.3943,42.91],[141.3941,42.9101],[141.394,42.9102],[141.3939,42.9103],[141.3935,42.9104],[141.3934,42.9104],[141.3933,42.9105],[141.3933,42.9106],[141.3933,42.9107],[141.3932,42.9107],[141.3931,42.9108],[141.393,42.9108],[141.3927,42.9108],[141.3924,42.9108],[141.3923,42.9108],[141.3923,42.9109],[141.3923,42.911],[141.3923,42.911],[141.3923,42.9111],[141.3923,42.9112],[141.3921,42.9114],[141.392,42.9116],[141.392,42.9117],[141.392,42.9117],[141.392,42.9118],[141.3921,42.912],[141.3923,42.9122],[141.3925,42.9123],[141.3929,42.9126],[141.3932,42.9127],[141.3935,42.9129],[141.3937,42.913],[141.3941,42.9133],[141.3941,42.9133],[141.3942,42.9134],[141.3943,42.9135],[141.3943,42.9136],[141.3943,42.9137],[141.3943,42.9137],[141.3943,42.9138],[141.3942,42.9138],[141.3941,42.9139],[141.3939,42.9139],[141.3936,42.9139],[141.3936,42.9139],[141.3934,42.914],[141.3934,42.914],[141.3934,42.9141],[141.3935,42.9142],[141.3936,42.9143],[141.3936,42.9143],[141.3936,42.9144],[141.3936,42.9145],[141.3936,42.9147],[141.3935,42.9148],[141.3935,42.915],[141.3934,42.9152],[141.3934,42.9155],[141.3934,42.9156],[141.3932,42.916],[141.3931,42.9163],[141.393,42.9164],[141.3929,42.9167],[141.3929,42.9167],[141.3928,42.9169],[141.3927,42.917],[141.3927,42.9171],[141.3927,42.9174],[141.3927,42.9176],[141.3927,42.9178],[141.3927,42.9179],[141.3926,42.9181],[141.3926,42.9183],[141.3926,42.9184],[141.3926,42.9185],[141.3927,42.9186],[141.3928,42.9188],[141.3929,42.919],[141.3929,42.919],[141.393,42.9191],[141.393,42.9191],[141.3927,42.9196],[141.3924,42.9202],[141.3923,42.9206],[141.3922,42.9209],[141.3922,42.9212],[141.3922,42.9219],[141.3923,42.9222],[141.3924,42.9226],[141.3925,42.9228],[141.3926,42.9231],[141.3927,42.9234],[141.3928,42.9237],[141.3929,42.9241],[141.393,42.9243],[141.3931,42.9245],[141.3932,42.9249],[141.3932,42.925],[141.3932,42.9251],[141.3933,42.9253],[141.3934,42.9257],[141.3934,42.9259],[141.3935,42.9261],[141.3935,42.9266],[141.3936,42.9267],[141.3938,42.927],[141.394,42.9272],[141.3941,42.9273],[141.394,42.9274],[141.3938,42.9276],[141.3937,42.9277],[141.3928,42.9284],[141.3921,42.929],[141.3917,42.9293],[141.3915,42.9295],[141.3901,42.9306],[141.3895,42.9311],[141.3889,42.9316],[141.3882,42.9321],[141.3871,42.9331],[141.3868,42.9333],[141.3868,42.9333],[141.3865,42.9336],[141.3869,42.9338],[141.387,42.934],[141.3871,42.9341],[141.3871,42.9342],[141.3871,42.9343],[141.3872,42.9344],[141.3873,42.9344],[141.3874,42.9345],[141.3875,42.9346],[141.3875,42.9348],[141.3875,42.9354],[141.3874,42.9357],[141.3872,42.9361],[141.3871,42.9363],[141.387,42.9366],[141.3869,42.9368],[141.3869,42.937],[141.3869,42.9371],[141.3869,42.9372],[141.387,42.9374],[141.3871,42.9375],[141.3871,42.9377],[141.3871,42.9379],[141.3871,42.9381],[141.3872,42.9383],[141.3872,42.9385],[141.3873,42.9387],[141.3873,42.9388],[141.3874,42.9389],[141.3875,42.9391],[141.3875,42.9393],[141.3876,42.9394],[141.3876,42.9395],[141.3878,42.9397],[141.3878,42.9399],[141.3877,42.94],[141.3877,42.9401],[141.3877,42.9402],[141.3878,42.9404],[141.3879,42.9406],[141.388,42.9408],[141.3881,42.941],[141.3881,42.9412],[141.3881,42.9413],[141.3882,42.9414],[141.3883,42.9416],[141.3884,42.9417],[141.3886,42.9419],[141.3886,42.942],[141.3887,42.9422],[141.3887,42.9424],[141.3887,42.9426],[141.3886,42.9427],[141.3886,42.9429],[141.3885,42.943],[141.3884,42.9432],[141.3882,42.9433],[141.3882,42.9434],[141.3882,42.9436],[141.3883,42.9438],[141.3884,42.944],[141.3884,42.9441],[141.3884,42.9442],[141.3884,42.9443],[141.3884,42.9443],[141.3884,42.9445],[141.3885,42.9448],[141.3885,42.945],[141.3885,42.9453],[141.3885,42.9455],[141.3884,42.946],[141.3884,42.9461],[141.3884,42.9463],[141.3884,42.9465],[141.3883,42.9466],[141.3883,42.9467],[141.3883,42.9468],[141.3884,42.9468],[141.3884,42.9469],[141.3885,42.947],[141.3885,42.9472],[141.3885,42.9473],[141.3884,42.9475],[141.3884,42.9477],[141.3884,42.9478],[141.3886,42.948],[141.3887,42.9481],[141.3888,42.9483],[141.3889,42.9487],[141.3891,42.9491],[141.3893,42.9493],[141.3893,42.9494],[141.3893,42.9495],[141.3892,42.9496],[141.3891,42.9498],[141.389,42.95],[141.389,42.9501],[141.389,42.9503],[141.3889,42.9505],[141.3889,42.9507],[141.3888,42.9509],[141.3887,42.9511],[141.3888,42.9515],[141.3889,42.9517],[141.389,42.9519],[141.3891,42.9521],[141.3892,42.9522],[141.3892,42.9523],[141.3892,42.9525],[141.3892,42.9526],[141.3892,42.9528],[141.3894,42.9534],[141.3897,42.9536],[141.39,42.9537],[141.3902,42.9537],[141.3904,42.9538],[141.3908,42.9541],[141.3909,42.9542],[141.3911,42.9544],[141.3912,42.9544],[141.3913,42.9545],[141.3914,42.9545],[141.3915,42.9546],[141.3914,42.9547],[141.3914,42.9548],[141.3913,42.955],[141.3914,42.9551],[141.3916,42.9552],[141.3917,42.9552],[141.3919,42.9553],[141.3919,42.9556],[141.3919,42.9557],[141.3921,42.9559],[141.3924,42.956],[141.3926,42.9561],[141.3926,42.9563],[141.3927,42.9565],[141.3929,42.9565],[141.3931,42.9566],[141.3932,42.9566],[141.3933,42.9567],[141.3934,42.9567],[141.3934,42.9569],[141.3933,42.957],[141.3933,42.9573],[141.3933,42.9574],[141.3933,42.9574],[141.3935,42.9576],[141.3936,42.9578],[141.3939,42.958],[141.394,42.9582],[141.3941,42.9583],[141.3941,42.9583],[141.3941,42.9584],[141.3942,42.9585],[141.3943,42.9586],[141.3944,42.9587],[141.3946,42.9587],[141.3949,42.9587],[141.395,42.9588],[141.3951,42.9589],[141.3951,42.9589],[141.3952,42.959],[141.3953,42.9591],[141.3954,42.9593],[141.3956,42.9596],[141.3957,42.9597],[141.3957,42.9598],[141.3958,42.96],[141.3959,42.9601],[141.3959,42.9602],[141.3959,42.9604],[141.3958,42.9608],[141.3957,42.9611],[141.3957,42.9613],[141.3957,42.9616],[141.3956,42.9622],[141.3957,42.9626],[141.3958,42.9628],[141.3958,42.9629],[141.3958,42.9631],[141.3958,42.9632],[141.3959,42.9633],[141.3961,42.9633],[141.3964,42.9633],[141.3969,42.9632],[141.3972,42.9632],[141.3973,42.9634],[141.3973,42.9634],[141.3973,42.9635],[141.3973,42.9635],[141.397,42.9637],[141.3969,42.9637],[141.3969,42.9638],[141.3968,42.9639],[141.3969,42.964],[141.397,42.9641],[141.3971,42.9641],[141.3971,42.9641],[141.3972,42.9641],[141.3974,42.9642],[141.3976,42.9642],[141.3978,42.9641],[141.3981,42.9641],[141.3984,42.9641],[141.3985,42.9642],[141.3986,42.9642],[141.3987,42.9643],[141.3987,42.9643],[141.3987,42.9645],[141.3987,42.9647],[141.3986,42.9649],[141.3985,42.965],[141.3984,42.9652],[141.3984,42.9654],[141.3984,42.9654],[141.3984,42.9655],[141.3985,42.9656],[141.3986,42.9656],[141.3987,42.9656],[141.399,42.9656],[141.3991,42.9656],[141.3992,42.9657],[141.3992,42.9658],[141.3991,42.966],[141.399,42.9661],[141.3989,42.9662],[141.3989,42.9663],[141.3988,42.9664],[141.3989,42.9665],[141.399,42.9665],[141.3991,42.9665],[141.3992,42.9665],[141.3994,42.9665],[141.3997,42.9664],[141.3999,42.9664],[141.4,42.9664],[141.4002,42.9664],[141.4003,42.9665],[141.4005,42.9667],[141.4005,42.9667],[141.4007,42.9668],[141.4009,42.9669],[141.4011,42.967],[141.4012,42.9671],[141.4013,42.9672],[141.4014,42.9673],[141.4014,42.9675],[141.4015,42.9676],[141.4016,42.9677],[141.4017,42.9678],[141.4019,42.968],[141.4021,42.968],[141.4023,42.9681],[141.4026,42.9682],[141.4029,42.9683],[141.4031,42.9683],[141.4032,42.9684],[141.4033,42.9685],[141.4034,42.9686],[141.4034,42.9687],[141.4035,42.9688],[141.4035,42.9689],[141.4036,42.969],[141.4037,42.9691],[141.4038,42.9692],[141.4039,42.9692],[141.4042,42.9692],[141.4043,42.9692],[141.4044,42.9692],[141.4045,42.9692],[141.4047,42.9692],[141.4048,42.9692],[141.405,42.9693],[141.4052,42.9694],[141.4054,42.9696],[141.4058,42.9701],[141.4062,42.9705],[141.4064,42.9708],[141.4069,42.9712],[141.4071,42.9713],[141.4073,42.9715],[141.4075,42.9716],[141.4077,42.9717],[141.4079,42.9717],[141.4081,42.9717],[141.4083,42.9717],[141.4085,42.9717],[141.4086,42.9717],[141.4087,42.9717],[141.4089,42.9718],[141.4091,42.9718],[141.4093,42.9719],[141.4094,42.972],[141.4096,42.9721],[141.4098,42.9723],[141.41,42.9726],[141.4101,42.9726],[141.4103,42.9725],[141.4105,42.9725],[141.4106,42.9724],[141.4109,42.9724],[141.4111,42.9723],[141.4113,42.9723],[141.4115,42.9722],[141.4117,42.9721],[141.4119,42.9721],[141.412,42.9721],[141.4121,42.9722],[141.4121,42.9723],[141.4121,42.9724],[141.4122,42.9726],[141.4122,42.9728],[141.4122,42.973],[141.4121,42.9732],[141.412,42.9734],[141.4119,42.9736],[141.4119,42.9736],[141.412,42.9737],[141.4122,42.9737],[141.4124,42.9738],[141.4126,42.9738],[141.4128,42.9739],[141.4131,42.9739],[141.4132,42.974],[141.4135,42.9741],[141.4137,42.9741],[141.414,42.9742],[141.4143,42.9742],[141.4146,42.9743],[141.4148,42.9743],[141.415,42.9743],[141.4152,42.9743],[141.4154,42.9745],[141.4156,42.9746],[141.4158,42.9747],[141.416,42.9747],[141.4162,42.9747],[141.4163,42.9747],[141.4164,42.9747],[141.4167,42.9746],[141.4167,42.9746],[141.4169,42.9745],[141.417,42.9744],[141.4172,42.9744],[141.4174,42.9743],[141.4176,42.9742],[141.4179,42.9742],[141.4185,42.9742],[141.4188,42.9741],[141.419,42.9741],[141.4191,42.9742],[141.4192,42.9742],[141.4194,42.9743],[141.4195,42.9743],[141.4197,42.9743],[141.4198,42.9743],[141.4202,42.9743],[141.4203,42.9744],[141.4206,42.9745],[141.4207,42.9746],[141.4207,42.9746],[141.4208,42.9746],[141.4209,42.9746],[141.4211,42.9746],[141.4214,42.9746],[141.4217,42.9746],[141.4219,42.9747],[141.4221,42.9748],[141.4222,42.9748],[141.4223,42.9749],[141.4223,42.975],[141.4223,42.9751],[141.4224,42.9752],[141.4226,42.9753],[141.4226,42.9754],[141.4227,42.9756],[141.4198,42.977],[141.4177,42.978],[141.4167,42.9785],[141.4166,42.9785],[141.4155,42.979],[141.4125,42.9804],[141.4123,42.9805],[141.4094,42.9808],[141.4083,42.9808],[141.4069,42.9809],[141.4073,42.9813],[141.4082,42.9821],[141.4083,42.9822],[141.4096,42.9833],[141.4102,42.9839],[141.4116,42.9852],[141.4132,42.9866],[141.4147,42.988],[141.4156,42.9888],[141.4159,42.989],[141.4164,42.9896],[141.4167,42.9898],[141.4168,42.99],[141.4178,42.9909],[141.4175,42.9917],[141.4167,42.9934],[141.4162,42.9945],[141.4167,42.9948],[141.4185,42.996],[141.4194,42.9966],[141.4195,42.9966],[141.4213,42.9986],[141.422,42.9994],[141.4225,43],[141.4231,43.0007],[141.4242,43.0021],[141.4245,43.0025],[141.425,43.0031],[141.426,43.0043],[141.4263,43.0046],[141.428,43.0068],[141.4259,43.0081],[141.4258,43.0082],[141.4255,43.0083],[141.425,43.0086],[141.4243,43.0091],[141.4234,43.0096],[141.4233,43.0096],[141.4233,43.0096],[141.4234,43.0099],[141.4235,43.01],[141.4238,43.0105],[141.424,43.0109],[141.4242,43.0111],[141.4244,43.0112],[141.425,43.0117],[141.4252,43.0118],[141.4262,43.0125],[141.4265,43.0127],[141.4267,43.0128],[141.4268,43.013],[141.427,43.0133],[141.4271,43.0134],[141.4274,43.0136],[141.4277,43.0137],[141.4278,43.0138],[141.428,43.0139],[141.4281,43.0139],[141.4282,43.0144],[141.4282,43.0144],[141.4282,43.0146],[141.4283,43.0147],[141.4283,43.0148],[141.4284,43.015],[141.4285,43.0152],[141.4287,43.0154],[141.4288,43.0156],[141.4289,43.0158],[141.4289,43.0158],[141.4289,43.016],[141.4286,43.0165],[141.4285,43.0166],[141.4285,43.0167],[141.4285,43.0168],[141.4285,43.017],[141.4286,43.0172],[141.4286,43.0173],[141.4287,43.0174],[141.4289,43.0175],[141.4291,43.0177],[141.4292,43.0179],[141.4293,43.0183],[141.4294,43.0185],[141.4296,43.0191],[141.4297,43.0196],[141.4296,43.0197],[141.4295,43.0198],[141.4292,43.02],[141.4291,43.0202],[141.4291,43.0202],[141.4291,43.0205],[141.4292,43.0208],[141.4293,43.0213],[141.4294,43.0215],[141.4296,43.0221],[141.43,43.0231],[141.43,43.0232],[141.4301,43.0234],[141.4303,43.0236],[141.4306,43.0238],[141.4308,43.024],[141.4311,43.0242],[141.4313,43.0243],[141.4314,43.0243],[141.4317,43.0244],[141.4318,43.0244],[141.4321,43.0245],[141.4326,43.0246],[141.4329,43.0246],[141.4331,43.0247],[141.4332,43.0248],[141.4333,43.0249],[141.4333,43.0249],[141.4335,43.025],[141.4335,43.025],[141.4336,43.0252],[141.4336,43.0252],[141.4337,43.0254],[141.4339,43.0257],[141.434,43.0259],[141.4341,43.0261],[141.4343,43.026],[141.4345,43.0259],[141.4351,43.0257],[141.4351,43.0257],[141.4355,43.0255],[141.4358,43.0254],[141.4359,43.0254],[141.436,43.0253],[141.4366,43.0251],[141.4369,43.025],[141.4372,43.0249],[141.4374,43.0248],[141.4375,43.0248],[141.4376,43.0247],[141.4379,43.0246],[141.4393,43.0241],[141.4417,43.0231],[141.4432,43.0225],[141.4435,43.0224],[141.4436,43.0224],[141.4437,43.0224],[141.4439,43.0223],[141.4447,43.022],[141.4452,43.0217],[141.4465,43.0212],[141.4472,43.0209],[141.4475,43.0208],[141.4477,43.0207],[141.4481,43.0206],[141.4485,43.0204],[141.4486,43.0204],[141.4488,43.0203],[141.4495,43.02],[141.4497,43.0199],[141.4498,43.0199],[141.4499,43.0199],[141.45,43.0198],[141.4504,43.0197],[141.4515,43.0192],[141.4517,43.0192],[141.4519,43.0191],[141.452,43.019],[141.4521,43.019],[141.4523,43.0189],[141.4525,43.0188],[141.453,43.0186],[141.4534,43.0185],[141.4538,43.0183],[141.4538,43.0183],[141.454,43.0182],[141.4541,43.0182]]]}}]}